1.4166666666666667,1.5,1.1428571428571428,0.7272727272727273,1.4545454545454546,1.0909090909090908,1.0909090909090908,0.9230769230769231,0.9230769230769231,0.9230769230769231,0.4444444444444444,0.8571428571428571
4.071428571428571,3.357142857142857,3.7142857142857144,5.571428571428571,2.8461538461538463,3.076923076923077,6.230769230769231,3.8461538461538463,4.6923076923076925,3.230769230769231,5.538461538461538,2.857142857142857
26360.0,26130.0,82368.0,23320.0,23760.0,31584.0,26250.0,52050.0,34620.0,53400.0,17880.0,28080.0
99.21428571428571,117.5,90.14285714285714,99.28571428571429,101.23076923076923,103.23076923076923,120.3076923076923,108.38461538461539,112.07692307692308,96.15384615384616,109.08333333333333,105.42857142857143
142617.0909090909,131452.9,126669.63636363637,100657.45454545454,112685.44444444444,73909.44444444444,83967.6,85906.0,361467.01,129394.6,148166.0,148540.7
5342.709302325581,10871.3908045977,10696.339677419355,7447.91275,6597.74025974026,5401.607594936709,9826.364556962026,13956.949397590362,10426.73417721519,6777.240963855422,10091.254682352941,9456.354545454546
24487.853576923077,32626.47568181818,31662.101777777778,21521.90795652174,18248.8492,9725.97504,7083.634565217391,6582.282038461539,4621.74808,3367.7385384615386,4360.445954545455,10430.641538461537
28014.545454545456,25824.2,24988.363636363636,19783.636363636364,22151.555555555555,14477.666666666666,16463.0,16921.1,71580.01,23566.1,29247.4,29311.0
278530.0,244771.22222222222,247499.27272727274,196678.72727272726,220294.66666666666,144173.33333333334,163816.3,168158.4,710019.42,253455.6,290298.5,290947.7
5729.828340909091,6152.541181818183,5847.271590909091,4597.534090909091,5089.024585365853,4402.176414634147,4579.914634146341,4409.156744186046,4698.398575,4126.093428571428,5120.631775,5212.176311111111
4666.666666666667,2373.3333333333335,146.66666666666666,66.66666666666667,96.0,0.0,266.6666666666667,0.0,0.0,22080.0,18336.0,4426.666666666667
65052.5005483871,55721.658215714284,52021.645398709676,37723.063016,64982.657435,27399.050055555555,30709.68341882353,33454.65505263158,31103.407037894736,23471.32768,32470.947907142858,75470.59570933334
80175.63636363637,73848.2,71227.63636363637,56602.181818181816,63341.11111111111,41536.77777777778,47190.9,48583.6,203761.93,72854.1,83379.3,83588.6
290253.0909090909,267536.0,242362.54545454544,204962.72727272726,229498.77777777778,149987.44444444444,170539.2,175500.4,742000.4400000001,264554.5,303054.3,303699.9
66426.66666666667,71873.33333333333,67200.0,56820.0,58350.0,121486.66666666667,57880.0,62733.333333333336,47886.666666666664,29900.0,32846.666666666664,42126.666666666664
434981.8005246667,382993.3969842222,380292.44936933334,165528.13636666664,49807.54855764706,1457.923076923077,1803.8461538461538,64179.699607999995,149376.54268266668,98173.79616499999,274441.030395,262863.26946588233
13469.0,20927.0,47259.0,20727.5,8171.0,816.0,1198.0,1170.0,584.0,426.0,11578.0,12449.0
121.42857142857143,148.85714285714286,165.0,1180.1538461538462,2127.5833333333335,2594.3076923076924,3436.923076923077,3290.923076923077,3675.923076923077,3610.3846153846152,3434.25,480.85714285714283
12.384615384615385,13.76923076923077,11.76923076923077,9.307692307692308,8.3,8.75,11.083333333333334,10.076923076923077,9.384615384615385,8.846153846153847,10.583333333333334,10.846153846153847
11188.181818181818,10307.2,9722.727272727272,7899.636363636364,8843.222222222223,6126.888888888889,6750.0,6376.1,24890.77,9465.0,10669.3,10867.5
2558.2,3176.0,4527.333333333333,1895.4,3529.5,2139.2,3251.75,2870.1666666666665,2662.6666666666665,2175.6666666666665,3117.3333333333335,3830.0
31214.545454545456,28771.5,27737.0,22043.272727272728,24681.777777777777,16154.888888888889,18353.4,18893.2,79600.15,28401.6,32531.1,32607.3
20754.909090909092,19102.0,18394.81818181818,14634.90909090909,16360.777777777777,10806.0,12235.8,12527.0,51458.18,18666.6,21369.8,21425.3
11131.67446987952,12752.04613580247,11235.522856287425,9373.837160493827,8828.664662420382,7351.832406451613,5722.603326797385,6433.887018987341,5599.146452702703,5221.6858,7048.497177631579,8295.659313253012
432.0,958.0,408.0,437.0,,,706.0,772.0,430.0,411.0,930.0,411.0
140.0,129.1,124.18181818181819,99.27272727272727,110.44444444444444,71.88888888888889,82.3,83.6,359.55,127.4,145.6,146.9
130770.63636363637,120528.4,116282.18181818182,92339.45454545454,103392.88888888889,67357.88888888889,73723.0,78812.3,336030.08,118766.5,136161.1,151485.88888888888
338636.3725714286,368321.2698571429,442127.83933333337,267376.03274074075,208733.06344444447,160200.45753846155,168264.45956,150061.99238461538,177064.714,116801.30088,155552.26965384616,203791.70388888888
1557.7142857142858,1522.3846153846155,1439.9285714285713,1316.5,1724.923076923077,1728.076923076923,1815.076923076923,2082.076923076923,2266.846153846154,2176.153846153846,2018.5,1701.7142857142858
54448.61017857143,65920.68721428572,47285.91938461539,41121.918153846156,37166.462423076926,18124.475440000002,7198.860600000001,4909.4901538461545,5223.44,6950.343499999999,12490.201200000001,26314.5122
1440.0,2844.0,732.0,679.0,,,,,,,,14061.0
1761.6764705882354,2851.8429411764705,2695.388941176471,1982.911823529412,1009.1031764705883,290.45927777777774,118.90244444444446,117.05555555555556,100.29444444444444,100.60588235294118,182.49411764705883,1152.6394
1.6428571428571428,1.4285714285714286,1.0714285714285714,1.5714285714285714,1.3333333333333333,1.8461538461538463,0.3076923076923077,1.5384615384615385,2.0,0.9230769230769231,1.8461538461538463,1.2857142857142858
4747.5,9001.0,4019.0,4196.5,0.0,0.0,0.0,26025.0,4308.0,4663.5,8417.0,5009.5
678.0,1012.5,1165.25,545.2,923.6,585.8333333333334,802.2,759.1428571428571,690.8571428571429,582.7142857142857,798.2,943.375
5034.285714285715,5898.75,7605.076923076923,4487.538461538462,3768.0,3666.0,3995.3333333333335,4885.076923076923,4174.272727272727,4874.692307692308,5154.4,6039.357142857143
303339.9941851852,336298.8921071429,472489.68412,411308.77216000005,293502.8268846154,264329.9084166667,219692.41408,141433.61144,112812.73370833334,133296.7795652174,129659.64288,232450.0762
123468.76455555556,154560.64751851853,156656.47518518518,107049.53525925927,62388.222074074074,46056.63573076924,16222.01516,12496.86723076923,10744.73725,18452.03516,26007.55295833333,65516.29396153847
71.0,72.07142857142857,68.42857142857143,99.42857142857143,492.38461538461536,547.8461538461538,654.7692307692307,555.0,666.1538461538462,828.0,589.6153846153846,161.28571428571428
196.64285714285714,216.9,358.14285714285717,214.33333333333334,240.71428571428572,288.72727272727275,270.0,399.6923076923077,238.5,293.09090909090907,208.375,237.13333333333333
10.071428571428571,11.785714285714286,9.428571428571429,9.571428571428571,10.23076923076923,10.76923076923077,11.461538461538462,10.153846153846153,10.846153846153847,9.461538461538462,10.846153846153847,9.5
54785.385851851854,50833.86590909091,49434.733409090906,47439.62230434783,31863.786239999998,23321.62561538461,23459.54290909091,20767.23864,18922.895333333334,14518.662043478262,17276.2701,29416.675541666667
127339.1125483871,159760.6141935484,132393.2815483871,122792.04646666667,95904.72367741934,87368.69020689654,89031.59539285714,87572.52644827586,78138.81006896553,64421.089107142856,68590.39689655173,89336.26889655172
1.2142857142857142,1.3571428571428572,0.9285714285714286,1.2857142857142858,2.25,1.5384615384615385,0.6153846153846154,1.6923076923076923,2.5,1.5384615384615385,0.3076923076923077,1.9285714285714286
184731.93800000002,234120.25244444443,145403.138,161667.82448148148,102909.93446153846,76435.2376923077,24240.895791666666,22446.345653846154,15397.960730769231,24289.665040000004,44343.92996153846,100089.49862500001
65203.78846428572,83292.26807142857,118541.43485185187,68852.34470370371,39294.52777777778,26853.381423076924,13700.264799999999,6108.8213076923075,8217.505730769231,8088.31276,11017.722115384617,36754.293730769234
6.5,5.375,13.5,6.636363636363637,13.88888888888889,8.75,10.272727272727273,9.0,9.307692307692308,7.153846153846154,6.333333333333333,10.0
1.3571428571428572,1.7857142857142858,1.3571428571428572,0.7857142857142857,0.9166666666666666,1.4615384615384615,2.1538461538461537,0.6153846153846154,1.5833333333333333,0.9230769230769231,1.5384615384615385,0.7857142857142857
55857.91353571428,79020.66910714285,66457.13692592592,63978.36684615385,43412.18081481481,25270.34623076923,22784.1675,22232.137769230765,21419.91576,20284.49066666667,19343.588576923077,38947.9306
31013.841346153848,34873.62080769231,28516.623,21821.92836,13750.225520000002,7618.200346153846,3196.3657500000004,2675.060692307692,2066.71868,2467.8057391304346,3553.1648260869565,15662.189083333333
387.42857142857144,407.42857142857144,332.64285714285717,314.7857142857143,308.9230769230769,326.46153846153845,391.2307692307692,363.0769230769231,399.46153846153845,390.7692307692308,377.46153846153845,354.85714285714283
4.333333333333333,3.0,9.285714285714286,3.272727272727273,6.363636363636363,6.363636363636363,6.181818181818182,6.923076923076923,6.076923076923077,4.0,4.777777777777778,5.785714285714286
221582.7016923077,248796.50685714284,221589.15240000002,171474.47596296296,133110.25303703704,122829.49246153847,86126.50879166667,89701.85,48417.35924,70885.46566666667,55373.97,175827.52492
268.77777777777777,315.22222222222223,199.2,181.8,185.33333333333334,151.88888888888889,181.33333333333334,200.44444444444446,219.0,203.44444444444446,257.8888888888889,254.44444444444446
149037.45454545456,137154.6,134662.63636363635,105119.0,117777.22222222222,79465.77777777778,90414.7,92112.2,386366.88,136657.4,154232.5,151521.3
69123.87457142856,66898.29442857143,77828.71148148148,66367.1094074074,47041.35151851852,20125.646346153844,5607.64904,10050.840230769232,6507.164461538462,9925.70248,11445.638500000001,39484.057
1714.2857142857142,1874.2857142857142,1600.0,1714.2857142857142,1747.7692307692307,2830.769230769231,5144.615384615385,6621.538461538462,4898.461538461538,2289.230769230769,1673.8461538461538,1394.2857142857142
82381.43065384615,103726.94431818182,100169.79329629631,86525.12679166667,74558.84419999999,45238.291880000004,30416.644347826084,46957.87026923077,28090.32176,22705.870479999998,30120.999136363636,58391.179576923074
0.8571428571428571,0.9285714285714286,0.2857142857142857,2.0,2.0833333333333335,1.0769230769230769,1.1538461538461537,1.2307692307692308,1.0,1.3076923076923077,0.9230769230769231,1.1428571428571428
9987.1125,8450.125,9272.1625,6662.575,7331.065625,34415.38,9475.46129032258,9877.741935483871,9397.061290322581,7147.709375,7670.096774193548,8741.557575757577
69413.75065217391,81965.9037,69445.46828,66736.85376190476,57341.51440909091,43538.75447619048,27550.95495238095,22463.608260869565,24105.63042857143,24516.39740909091,38536.31561111111,48303.49052380952
773.3958333333334,762.6875,641.6458333333334,575.6666666666666,557.4888888888889,544.2,527.6666666666666,513.5111111111111,584.4,585.0222222222222,661.6739130434783,718.0416666666666
365367.3638928571,329619.09574074077,357530.3521538461,300873.77211538464,283472.0562222222,140294.8015,92941.37957692308,63043.24526923076,56621.71058333333,61119.36244,120761.92553846155,212209.12756000002
,5854.0,1480.0,1198.0,5059.231,,,,,,,
,,6826.900000000001,5068.900000000001,,,,,,,,
53517.69021428572,61104.068178571426,61442.361703703704,59543.06788461539,50259.142555555554,34587.005153846156,24602.1842,27876.718423076924,23439.26908,17667.352846153844,23373.191720000003,42000.63773076923
,,,,60858.0,97838.672,0.0,40833.5,59746.0,38696.0,42848.0,37344.0
612.8333333333334,915.8333333333334,482.6666666666667,453.5,752.6,1122.8,864.0,1036.2,1148.0,654.6,648.6666666666666,588.3333333333334
3622.6153846153848,2988.6923076923076,5347.357142857143,15107.44341818182,3251.285714285714,3533.769230769231,3180.5714285714284,4923.0,3314.5555555555557,3438.0,2925.222222222222,10259.357142857143
23548.64285714286,27516.785714285714,21337.14285714286,22228.214285714286,22013.30769230769,22763.384615384617,24295.69230769231,30003.923076923078,30218.76923076923,22091.30769230769,22094.30769230769,21053.14285714286
81991.16666666667,77110.27500000001,74934.75,64308.61666666667,40023.799999999996,14615.372727272728,1954.31,1787.3,1995.0636363636365,4855.809090909091,31955.64545454545,60794.83636363636
11493.691919999997,9455.0178,9057.12768,9822.14322,10484.60976,,,,,7898.323980000001,7416.34368,4389.097199999999
659211.6882857142,662546.1176071429,599530.6793703703,607890.5114444444,530458.9084814815,468443.5941538462,453979.17504,450338.54684615385,457274.77456,402205.23034615384,483416.59184615384,528274.7001851852
1786.75,3308.5,1613.6,2410.4,2125.0,2027.5,6484.75,5944.5,4437.5,2194.0,2692.25,1987.25
16593.75,23510.75,8110.166666666667,10152.5,8827.0,9017.2,20389.2,17834.8,17652.2,25000.8,16116.5,14023.0
21298.063000000002,30443.239899999997,20876.763750000002,17933.84155,9766.268421052631,7861.031578947369,11455.0,11746.827611111112,10015.344444444445,6631.370588235294,10540.447222222221,15229.840684210527
4478.857142857143,6087.142857142857,4507.642857142857,4771.785714285715,5383.0,6424.307692307692,6727.153846153846,6574.0,6923.7692307692305,5926.307692307692,4797.0,4321.785714285715
562567.35325,492791.4316428572,481396.6523461538,542586.9816923077,490462.93329629634,316698.4804615385,250907.48876,187350.23469230768,165357.62265384616,170585.8293076923,236353.61057692306,327201.93846153846
806.7272727272727,887.8181818181819,952.1,1036.111111111111,634.2727272727273,685.5555555555555,837.1111111111111,1056.2727272727273,365.0,1015.7777777777778,272.85714285714283,751.2
48973.47744444445,51189.86378571428,42749.24677777778,33024.64288888889,20533.000740740743,12354.251923076923,5736.39208,2580.489653846154,2714.55,7132.1114,12608.712239999999,27420.884769230768
157445.19062962962,191896.76371428574,198280.9241923077,173266.75281481483,106518.10748148148,83793.87838461538,141613.21076000002,57325.21642307693,57005.611666666664,55947.342240000005,76808.82280000001,113378.40616
42.0,70.46153846153847,33.69230769230769,19.5,15.727272727272727,9.166666666666666,10.0,7.416666666666667,11.909090909090908,16.0,25.583333333333332,38.46153846153846
99971.95932,107448.2265,101329.92751851853,112556.56358333334,64239.16703846154,36746.69032,11776.591304347825,16541.669846153844,16844.375,16694.51756,23837.810380952382,258337.9115
1.2857142857142858,1.7142857142857142,1.1428571428571428,1.2142857142857142,1.25,1.6153846153846154,1.5384615384615385,2.0,2.25,0.9230769230769231,1.4615384615384615,0.5714285714285714
54752.4925,55791.424166666664,41827.4,30836.221739130433,18688.073913043478,12293.357142857143,14415.666666666666,16327.072727272725,15461.93043478261,15461.995652173913,25510.125,43728.7808
25960.733428571428,22730.537074074073,18604.639038461537,18618.47148,13396.838708333335,11209.32648,5784.906954545455,16119.124960000001,5857.597320000001,6746.4256521739135,6190.097565217392,13395.914904761905
20450.975892857143,17391.558629629628,14433.093739130436,13785.128814814814,6674.159863636363,4435.095826086957,4611.26268,4908.664769230769,3764.9969199999996,3252.11116,5235.10912,12226.935695652175
100262.25882142856,95326.52932142858,109782.97007407407,89253.49466666667,62416.26188888889,60764.07804000001,42884.885714285716,38826.06438461538,29621.917666666664,25702.90636,26389.15468,46186.85980769231
,,4.0,5.0,,,,,,,,
747.0,747.0,747.0,747.0,747.0,747.0,638.8,747.0,747.0,747.0,747.0,597.6
325.7142857142857,376.0,429.07142857142856,385.7142857142857,858.9230769230769,1136.5384615384614,1410.4615384615386,1508.6153846153845,1837.6153846153845,1974.3846153846155,1993.8461538461538,736.0
9370.7688,12326.881133333334,13776.169357142857,12481.800000000001,7191.505533333333,2631.910928571429,558.269,130.89860000000002,59.85,134.71238461538462,791.3028461538462,4963.724307692308
718.4615384615385,988.0,534.7857142857143,180.21428571428572,124.83333333333333,134.46153846153845,134.84615384615384,127.6923076923077,123.58333333333333,130.84615384615384,214.27272727272728,465.07142857142856
41.285714285714285,33.714285714285715,20.785714285714285,319.35714285714283,977.2307692307693,1250.6153846153845,1443.8846153846155,1241.8076923076924,1182.4615384615386,760.6923076923077,46.69230769230769,37.214285714285715
49386.307111111106,53396.08225,48656.34388888889,39336.206000000006,23160.266888888887,16225.762307692308,6706.240159999999,3052.3214615384613,3144.183333333333,7927.48028,13727.13236,25879.925807692307
141.0,302.0,136.0,152.0,,,,,,,,37.0
182.25,328.75,167.5,177.0,184.75,181.5,304.5,233.0,227.25,173.0,224.75,181.5
126021.88296428572,151034.54042857143,101437.26674074074,93241.65681481482,58097.90288461539,25971.614999999998,9995.41156,14775.501423076923,8045.77916,12364.627199999999,19040.790538461537,57978.45653846154
161.5,288.25,163.0,164.25,158.33333333333334,170.33333333333334,311.6666666666667,216.66666666666666,215.0,157.66666666666666,206.33333333333334,177.75
9.642857142857142,10.928571428571429,12.214285714285714,10.571428571428571,12.666666666666666,12.076923076923077,13.76923076923077,11.384615384615385,13.416666666666666,9.0,11.0,9.071428571428571
66.78571428571429,70.64285714285714,56.285714285714285,58.07142857142857,101.58333333333333,644.7692307692307,835.0769230769231,700.0769230769231,713.8333333333334,568.4615384615385,360.2307692307692,59.357142857142854
1637.909090909091,1787.4545454545455,1342.1818181818182,1146.1818181818182,1197.4,1091.3,1138.6,1182.8,1382.888888888889,1244.2,1483.8181818181818,1587.4545454545455
159.64285714285714,167.0,145.64285714285714,138.71428571428572,159.69230769230768,167.23076923076923,180.69230769230768,174.0,177.23076923076923,149.53846153846155,158.0,159.85714285714286
28800.0,28140.0,26340.0,30000.0,28620.0,33060.0,42180.0,45900.0,40440.0,29640.0,27600.0,30000.0
68777.1483076923,98964.5044,79412.83659259259,71738.97533333334,53135.96104166666,29916.93796,23891.766739130435,24674.822115384617,19373.77353846154,16086.56712,19698.32261904762,46161.243615384614
189592.40851851852,203493.09984615387,179615.12832,200235.9725,122963.54915384615,78159.43238461539,33159.971874999996,25966.325461538465,25890.35832,29325.716,48619.20542307692,119871.609
73508.90385714287,81719.06546428571,79550.11376923077,73183.51907407408,55566.48651851852,34384.6085,27495.863599999997,20579.01042307692,20685.18824,18823.18056,23848.787615384615,45918.11524
1718.857142857143,140.78571428571428,60.92857142857143,54.92857142857143,559.4615384615385,3532.076923076923,5507.307692307692,4921.846153846154,5088.153846153846,2707.846153846154,3000.3076923076924,1897.2142857142858
44247.33971428572,39117.083178571425,38966.13618518519,29070.587925925927,21748.161296296297,15540.6098,9637.14436,10196.730076923077,9061.680653846153,10112.094208333334,13528.657,27254.743153846157
3485.8060875,3257.623145882353,2958.9039411764707,1963.9709599999999,1335.5528933333333,4083.6639266666666,4048.8888888888887,7166.153846153846,4635.555555555556,6123.563510769231,4618.680536,6227.20951
81040.284,89173.50357142858,94603.88883333333,60974.33881818182,42923.621,18078.31975,4234.94209090909,924.6403846153846,1047.3284999999998,5552.545333333333,17291.517083333336,43807.826250000006
14290.088889090908,12896.54414,19100.41628173913,16801.615268235295,21257.726064444447,19570.77280923077,29687.272727272728,27394.636394285713,32384.615384615383,21311.833955555558,26840.675276,17566.953232727272
458565.5655555555,462636.849,429565.7802692308,366931.6673333333,374271.03803703707,324100.54803846154,287406.99668000004,362398.3823076924,338776.49448,307224.18830769236,293635.39759999997,406299.23580769234
3104.2,3304.2,2344.7,2186.5,2179.8,2058.3333333333335,2492.1,2237.8,3490.4444444444443,2486.7,2882.9,2825.2
8215.217714285714,10534.396428571428,11023.493923076923,9439.040076923078,7000.837357142857,3989.623230769231,1531.5110000000002,1144.4354615384616,845.7106923076923,1142.77325,2080.6380769230773,5456.324166666667
118700.93509375,134995.8571935484,83864.20546428571,90374.0750357143,50277.694321428564,47971.243285714285,36426.91740909091,39996.638740740746,25764.28176923077,23095.40088461539,45492.71337931035,53823.65156521739
5441.346153846154,5181.071428571428,4221.5,2622.181818181818,2518.153846153846,3520.75,4058.7,7063.2307692307695,3450.8669999999997,3601.4669999999996,2716.909090909091,3285.0384615384614
2371.0,3743.8,2124.5,2178.8333333333335,2443.6,2469.8,3553.0,3524.2,3248.0,2125.0,2729.4,2244.4
41121.25389285714,30987.527857142857,20697.0795,21603.11437037037,11482.645208333333,6305.352909090909,3318.6162916666667,3304.969115384615,2196.28708,3820.3845416666663,8762.803384615385,17173.508782608696
66852.83821428572,75228.67044444445,61369.53303846154,52265.44624,35207.93488,24713.786269230768,10842.032695652175,8305.031076923078,6357.86952,9383.83184,16520.2072,34543.18304166667
131292.775,131487.45,171043.9423076923,70417.75,18888.766666666666,9338.795652173912,6666.621739130434,4576.208333333333,4433.029166666666,18271.958333333332,47985.70416666667,113430.38519999999
184.1818181818182,141.0,140.72727272727272,127.0909090909091,133.0909090909091,128.36363636363637,156.3,152.3,147.5,147.3,147.9,179.0909090909091
,,,,75.0,65.0,,66.0,66.0,0.0,0.0,0.0
383.57142857142856,403.57142857142856,328.7857142857143,310.92857142857144,329.53846153846155,321.84615384615387,386.61538461538464,333.6923076923077,369.61538461538464,385.6923076923077,373.3076923076923,350.57142857142856
96.44444444444444,82.0,218.8,1014.8,2425.0,1567.5,1793.7142857142858,3203.0,2809.777777777778,2649.2,3891.4,1463.0
295.2857142857143,303.92857142857144,259.35714285714283,270.2857142857143,269.0,279.0769230769231,315.2307692307692,284.46153846153845,280.75,272.61538461538464,280.15384615384613,272.7857142857143
49188.15589285714,67710.17117857143,57044.88222222222,57327.67184615385,44273.92166666667,25060.405076923078,15953.419791666667,13009.636115384616,14465.32108,13782.154,16390.118695652174,23621.798666666666
63329.80156000001,77843.98457142858,69327.1988076923,56145.60877777777,41100.84096,26380.024680000002,7106.577083333334,9367.217692307693,3574.587076923077,8835.977769230769,13020.28,41898.3404
1480.0,1080.0,1200.0,1360.0,1160.3333333333333,1280.0,1440.0,1040.0,1240.0,1120.0,1120.0,1590.25
12561.46353846154,15992.110592592593,18195.61276,16862.514,11639.374615384615,11152.749695652174,6448.577,12073.575608695652,5484.654058823529,5264.118909090909,4280.015368421053,8983.358708333333
61.5,109.25,123.25,1839.8,2075.75,2420.75,3940.0,2514.25,4142.75,3567.75,5025.5,3648.0
132376.7494642857,167054.15589285715,150631.24096296297,137933.4997037037,78274.34396296296,39016.41684615384,30630.011520000004,82839.2595,11426.769153846155,15898.870923076924,21376.614884615385,63400.793269230766
1667.5,2169.0,1050.0,1153.0,865.25,847.3333333333334,1173.0,1247.0,1343.75,958.0,1534.5,1370.25
21591.571428571428,28165.0,18297.285714285714,15298.214285714286,9791.307692307691,8236.76923076923,11794.076923076924,13531.846153846154,11682.153846153846,6865.7692307692305,10199.846153846154,16748.35714285714
15456.363636363636,13231.9,13734.181818181818,10914.181818181818,12218.888888888889,7986.444444444444,16005.7,9344.4,39491.1,14084.5,16135.0,16167.9
273.64285714285717,297.2857142857143,251.28571428571428,207.35714285714286,662.3846153846154,865.3076923076923,868.8461538461538,986.9230769230769,1150.5384615384614,943.2307692307693,420.38461538461536,254.0
58312.05296296296,64431.07178571429,47774.56607142858,34682.41428571429,19172.58888888889,6701.346153846154,7908.024,3497.348,3631.5153846153844,9555.861538461539,25737.957692307693,45971.92777777778
138.1,157.4,116.9090909090909,128.8181818181818,139.2,141.9,183.8,158.1,160.66666666666666,134.8,137.1,128.1
1044.4,1153.7,998.4545454545455,837.5454545454545,929.9,836.4,794.4,823.7,839.0,761.9,869.3,922.5
302572.9590357143,379123.2257857143,288302.4263703704,248592.67500000002,176780.83829629628,150863.0483846154,129061.56436,115911.79511538461,89295.70765384616,78738.92916,73797.79930769232,176498.05884615384
77056.235,80464.84375,66598.43333333333,54743.395833333336,38380.526086956525,21160.263636363637,27041.025,30118.595238095237,25154.899999999998,19631.34347826087,37269.06086956522,62785.4675
195.92857142857142,213.14285714285714,185.21428571428572,188.21428571428572,215.5,215.30769230769232,236.6153846153846,215.84615384615384,221.08333333333334,191.07692307692307,194.76923076923077,186.5
959.5,1154.5,897.6428571428571,821.6428571428571,796.2307692307693,740.4615384615385,998.8461538461538,1398.6923076923076,899.6923076923077,732.3846153846154,893.3846153846154,1005.0714285714286
2309.8,2652.4,1464.0,1345.4,1307.0,1269.0,2516.0,1622.25,1789.5,1654.5,2114.8,2208.0
68.66666666666667,104.0,63.0,68.5,251.6,3141.4,4331.6,4322.2,3573.6666666666665,1982.8333333333333,2454.0,977.3333333333334
105890.91230769231,71859.48737500001,75905.86695833334,64704.20362962963,57610.93466666667,50925.57834782609,42021.587479999995,46806.787833333336,39406.647039999996,42940.08956521739,45083.98133333333,55654.32208695653
58007.55703333333,74369.34422580646,61690.38306451613,56183.99136666667,39764.53451612903,20915.441600000002,8271.183931034482,8546.499666666667,7344.032,8262.0555,11898.446714285714,32039.272142857142
2885.0,5516.5,2718.0,2987.0,1127.0,1214.5,3081.5,3672.5,3270.0,2381.5,4509.5,2600.0
109947.45582142858,93238.83507692309,82722.39357692307,92376.50277777779,53491.977,69324.97828,51252.34970833333,49230.7656,54871.478200000005,53996.4657826087,67252.80469230769,49458.49865
45729.05592857143,54369.64639285714,54851.07622222222,49038.19125925926,25541.794555555556,10224.94026923077,6423.0275,5800.530346153846,5197.026461538461,4751.57876,8437.136615384616,24852.956923076923
56198.22703571429,44692.06754166667,42176.08558333333,38893.70248,22865.09816,12040.537695652172,5820.756666666667,6124.620347826088,4960.631375,6246.309173913044,16233.002083333335,37315.447
1305.2142857142858,1337.5714285714287,1072.4285714285713,938.2142857142857,877.3076923076923,834.6923076923077,856.5384615384615,889.9230769230769,1027.923076923077,1028.923076923077,1201.3846153846155,1218.5714285714287
3802.9285714285716,4824.071428571428,3124.8571428571427,2744.3571428571427,2073.8333333333335,764.8461538461538,378.53846153846155,330.38461538461536,369.8333333333333,713.0769230769231,2235.230769230769,3268.0
68429.5872857143,71800.51521428571,66479.26837037037,53306.061222222226,35491.42837037037,20023.843115384618,10736.401041666666,4722.80548,5378.186720000001,8125.36676,11463.64626923077,35883.49164
33775.08872,27428.655727407408,24507.230066666663,12525.850281538462,5321.786860952381,3559.460227368421,2834.107728571428,6282.75508,6234.180467368421,7101.36845904762,18402.015363076924,26245.060525925925
84228.26699999999,105466.77827272727,87782.53896296296,71645.70787500001,46827.90703846154,20642.99588,5849.289434782609,6786.845192307693,5799.95672,8585.58276,14703.759428571428,39703.67130769231
3557.0,10380.0,5312.0,5269.0,5221.0,2874.0,,7298.0,3296.5,2510.5,4444.0,3248.5
254617.68468000003,149610.1212,251446.64291666666,167794.06336363638,135158.0655,80103.40296,58992.42918181818,39462.14208695652,32435.39048,46355.09675,73745.56718181817,108258.75660000001
4.0,6.333333333333333,3.3333333333333335,4.833333333333333,4.8,2.8,6.166666666666667,5.0,5.833333333333333,4.5,4.833333333333333,4.5
113624.14546428571,133003.84317857143,111533.53977777778,93808.58762962963,56732.77529629629,31899.38834615385,9141.07536,5813.777269230769,6574.520615384615,10928.5658,17762.56603846154,64939.619384615384
5.571428571428571,4.071428571428571,5.0,4.642857142857143,5.0,5.538461538461538,6.076923076923077,6.153846153846154,5.5,4.538461538461538,3.6153846153846154,3.0714285714285716
2.2857142857142856,1.8571428571428572,3.2142857142857144,2.2857142857142856,2.5,2.0,3.769230769230769,2.076923076923077,1.75,1.5384615384615385,2.3846153846153846,2.357142857142857
1839.857142857143,1932.2142857142858,1565.5714285714287,1513.5,2063.4615384615386,1898.1538461538462,2142.3076923076924,2000.7692307692307,2403.3076923076924,2423.230769230769,2757.4615384615386,1957.0714285714287
15354.972392857144,17295.242285714285,15506.301814814813,14073.94611111111,8517.478962962963,6239.692,6047.89652,5637.393923076923,5177.9705,3857.96124,4822.055230769231,9547.907461538462
99581.33183333332,199567.9545,145285.09433333334,126557.2996,46698.280000000006,15575.420000000002,2816.6400000000003,2600.55,1602.2,1802.725,7440.2792,40760.76751333333
7936.571428571428,11009.42857142857,7617.928571428572,8294.357142857143,7434.7692307692305,7535.692307692308,7205.153846153846,4975.384615384615,4778.076923076923,6583.076923076923,7715.076923076923,7451.714285714285
38015.389749999995,40388.883357142855,31844.818851851855,26971.531269230767,18088.773444444447,10811.946884615385,8449.54984,10775.138692307693,9897.777399999999,7883.6212399999995,13193.140192307694,24474.261846153844
2.5714285714285716,2.857142857142857,1.3571428571428572,2.5714285714285716,1.4166666666666667,3.1538461538461537,1.3846153846153846,2.230769230769231,1.8333333333333333,1.5384615384615385,0.6153846153846154,2.142857142857143
42169.01542857143,48836.97192857143,56752.37507142858,42387.99821428571,33544.07957142857,19678.21946153846,17304.592249999998,13339.619923076923,14615.262461538463,13110.993357142857,14164.351,20492.138846153844
2353.076923076923,2060.3076923076924,1967.6153846153845,927.4615384615385,13.692307692307692,13.615384615384615,13.538461538461538,12.307692307692308,13.307692307692308,13.23076923076923,17.307692307692307,1258.5714285714287
40503.02567857143,33272.73511111111,34937.567,30113.365653846155,20564.09975,16869.55495652174,12704.570625,13354.261040000001,11306.626166666667,10789.163999999999,13599.997080000001,25682.62295652174
1142.0,1642.75,1070.6,1391.2,1303.25,1274.75,1472.0,1859.0,1286.75,1147.75,1076.25,1066.25
153012.66776190477,220134.37373684213,189937.74215,146589.79710526316,108770.16657894738,83316.32333333333,67741.74933333333,55627.15231578948,63421.23027777778,56049.90316666666,82752.53794736842,101788.52055555554
251316.99088888892,317122.6055185185,280045.82342307694,287964.1071111111,252400.1166923077,175820.666,200934.24188000002,129289.916,100906.83908695653,90957.13228,124460.33107999999,142267.71607692307
72335.36363636363,66657.0,64222.63636363636,51052.72727272727,57174.444444444445,37571.77777777778,42604.7,43898.1,182889.41,65499.8,74996.9,75191.8
23704.24325925926,33500.644962962964,34997.001407407406,32857.14307692308,21324.48414814815,13220.128923076923,12998.101159999998,11174.722884615385,8897.585846153846,6687.859520000001,7882.753291666667,13203.388846153846
4016.8154285714286,4948.171,4889.163750000001,3709.3768000000005,2590.697190476191,2070.19855,1551.4563,1146.43905,7551.98585,994.3086666666667,1388.2893333333332,2748.769263157895
,,168.0,129.0,,,,,,,,
183221.21796428572,280135.72060714284,215387.38062962962,209841.01114814816,119385.5722962963,72248.97984615384,26211.46356,10382.292076923077,10623.552239999999,18966.596680000002,30962.99469230769,117837.36511538463
195016.68785714285,103710.96721428572,88948.78133333333,52450.15726923077,38617.17857692308,36837.83130769231,14818.66525,9950.404346153846,8798.988959999999,15398.745040000002,28580.724923076923,35542.589076923075
39019.73924,37783.351875,35413.97658333334,27836.185279999998,16468.30545,14044.922636363637,12631.785791666667,12215.617130434783,11198.382416666667,7819.707208333333,11324.149666666666,22970.66995
1.5,3.7857142857142856,1.9285714285714286,2.2142857142857144,1.0833333333333333,2.5384615384615383,2.3076923076923075,2.076923076923077,2.4166666666666665,1.8461538461538463,1.7692307692307692,2.142857142857143
11654.48647625,12163.0138975,13186.708521333332,11616.422,7693.283777777779,5777.043884615385,5768.03484,5898.759115384615,5518.622042962963,4294.963744285715,4327.301269629629,6473.003725714286
3.357142857142857,5.714285714285714,3.5714285714285716,4.785714285714286,4.833333333333333,5.461538461538462,4.461538461538462,5.3076923076923075,6.333333333333333,6.230769230769231,3.769230769230769,4.785714285714286
50644.88989285715,56645.39739285714,60558.902,53341.63414814815,28136.29911111111,14071.314307692308,6207.7056,4407.3565,5104.015960000001,6837.00696,10784.28746153846,25453.980269230768
1040.5,718.6666666666666,832.6666666666666,30.0,33.333333333333336,66.0,,99.0,66.0,34.0,33.0,56.333333333333336
2686.0,5390.0,2351.0,2911.0,1038.0,1538.0,1670.0,2047.5,1843.5,2594.0,3694.0,2022.0
665.5,721.9285714285714,658.9285714285714,667.0714285714286,614.8461538461538,569.2307692307693,699.0,681.5384615384615,637.0,618.3846153846154,792.1538461538462,703.6428571428571
1.1428571428571428,1.2857142857142858,1.5,1.0714285714285714,1.25,0.9230769230769231,2.4615384615384617,1.5384615384615385,1.3333333333333333,0.46153846153846156,2.3076923076923075,1.1428571428571428
3742.8571428571427,4082.8571428571427,3320.0,4205.714285714285,6520.0,7784.615384615385,8132.307692307692,8572.307692307691,9489.23076923077,5849.2307692307695,9144.615384615385,3671.4285714285716
24750.818428571427,28464.618035714288,24308.366333333335,19562.092500000002,13675.234962962963,9882.17873076923,7706.14476,7372.753846153846,6662.6053846153845,6834.44568,9145.639423076924,16507.094884615384
60640.12244,81642.08331818182,87246.02946153845,75022.2614090909,52523.61503846153,24581.39344,6687.0951428571425,7227.770692307692,6595.6375,8080.060730769231,10992.900714285715,31411.409
6037.382888888888,5294.803384615385,5302.157,3856.716,1908.6430476190476,2131.717739130435,2496.7897391304346,2004.72892,1872.5656086956521,1604.0810833333335,2251.181916666667,4026.2589130434785
37696.68442857143,39464.346750000004,34401.51862962963,27689.267230769234,19372.378037037037,11443.46176923077,6402.81744,7119.067423076923,6590.461538461538,7007.32076,12288.70503846154,28230.093923076925
347.0,697.75,395.25,416.375,120.6923076923077,144.07142857142858,337.85714285714283,386.53333333333336,254.14285714285714,246.46666666666667,520.1333333333333,323.375
1313.090909090909,1437.4642857142858,984.4285714285714,964.3090909090909,890.5098039215686,809.4807692307693,907.6078431372549,938.8653846153846,1117.0196078431372,1073.0,1346.6,1363.3636363636363
87440.0,137080.0,160960.0,61560.0,108680.0,126880.0,,194000.0,,58000.0,64560.0,98940.0
1593.8,1588.5714285714287,2858.0,1595.2,1760.4285714285713,2438.0,2330.75,5144.0,2155.3333333333335,3427.25,1430.6666666666667,2324.1666666666665
23045.367272727275,24313.59875,22732.042545454548,15184.742083333333,7090.610000000001,6029.454545454545,3930.6727272727276,3855.0772727272724,3039.865,6876.066666666667,9795.94325,22796.222222222223
76427.62326666668,71441.37173333335,64205.245500000005,75335.6654,29896.92357142857,13120.022769230769,1873.0656923076922,2789.8618666666666,1733.7714666666666,4126.475333333334,5207.218750000001,28907.487500000003
4090.8571428571427,5691.857142857143,4469.642857142857,4816.428571428572,4290.538461538462,4998.923076923077,7731.461538461538,9000.692307692309,7921.384615384615,4895.384615384615,4906.538461538462,4379.571428571428
26954.220714285715,29029.592714285714,26522.588925925927,17349.849185185183,12317.866296296297,8874.42456,9424.464960000001,5951.753269230769,6944.358120000001,4910.199833333333,6985.076384615385,16278.621115384614
195310.29703703703,195368.41575,175258.65651851852,147967.85677777778,128042.30518518519,88472.55103846153,79419.90284,50898.64092307693,61332.68675,77848.76228,84319.17508000002,107591.24580769232
19192.880392857147,25131.686142857146,25330.6842962963,22717.432615384616,13593.322666666667,6758.8767307692315,5291.467560000001,5422.665384615384,5710.0,4684.92176,4882.270375,8752.26504
5348.642857142857,5728.714285714285,8693.785714285714,4331.818181818182,5045.428571428572,7276.129285714285,4280.111111111111,14060.357142857143,8687.857142857143,6146.0,6225.888888888889,5961.642857142857
85.85714285714286,42.642857142857146,1.0714285714285714,13.642857142857142,117.0,159.53846153846155,178.15384615384616,162.76923076923077,179.0,77.92307692307692,0.0,38.214285714285715
70077.0557037037,68774.37585714286,47568.97933333334,47701.41515384615,38186.76425925926,19616.666884615384,6712.05836,3125.182269230769,3989.52975,8448.209640000001,11908.70524,33865.329423076924
3405.0714285714284,3256.0714285714284,2489.5,2283.5,2048.6923076923076,2007.8461538461538,2509.769230769231,1653.0,1909.8461538461538,1951.923076923077,2315.3846153846152,2639.5
2617.0,4705.5,1876.5,2438.5,716.0,873.5,2181.0,2771.0,2344.0,3014.5,6350.0,3769.0
84276.96051851852,90641.87192857142,80325.518,92026.44762962963,47241.00207407408,25889.966076923076,11270.90792,9948.478615384616,12819.066956521738,13532.39048,22677.8296,44397.361919999996
157981.80882142857,151931.60021428572,168939.78907407407,113995.55922222222,71454.94003703704,45910.539423076916,21331.949360000002,11475.325923076922,14480.993999999999,27444.038000000004,39572.35646153846,119039.92365384616
189901.66424999997,243649.16835714286,233400.36311111113,183111.77666666664,110142.09325925926,70107.0171923077,29766.92616,22292.922576923076,18322.644920000002,25934.36824,51269.75526923077,96643.20726923077
99795.24803571429,97939.94232142858,86962.61814814815,79875.52733333333,56851.05611111111,46470.96784615385,44004.20664,47569.15276923077,42507.89076,35784.11432,46026.170730769234,63574.08688461539
33048.41010714286,39791.07942857144,33943.92051851852,35648.58488888889,31849.212037037036,26958.531384615384,27446.95416,24813.729576923077,22804.620639999997,17023.816000000003,17050.61472,23410.694576923077
238664.42035714284,217859.07925,235123.07934615386,187340.92785185185,103530.4192962963,85081.87676923077,39275.90984,18216.891423076922,16598.676192307692,26801.737961538463,48076.44164,136858.9932
32168.337555555558,35309.74053571429,39840.09125925926,35944.56456521739,24844.957392857144,15538.517576923077,8925.846650000001,15684.393360000002,7736.755650000001,8806.688136363637,10316.21615,17210.627480000003
28581.31732142857,35960.92492857143,25573.424222222224,21569.751423076923,11326.525555555556,7814.9186538461545,9770.71168,10054.354615384615,9090.769615384615,6583.58376,12807.562333333333,23520.65376
292983.46571428573,376415.20388461533,330673.74517857144,320012.64715384616,256429.81384615385,204924.19615384613,128265.15866666667,96808.10961538462,96740.66165384617,103961.20768,123909.25769565218,194018.48772
24483.116754871793,28695.53832923077,22094.518776842106,17953.925772571427,14096.084323870968,14907.468692307692,18940.58544,19699.58423076923,27626.319683076923,14090.486152307692,13218.693525714285,20028.78905111111
485501.8917857143,550654.8928571428,562846.031111111,392566.66544444446,405555.46585185186,273823.81234615383,150461.62271999998,168665.99734615383,194122.22243999998,191018.3351538462,262105.79342307695,351111.5727692308
25526.391246153842,21485.386456,15889.0040256,16412.40124173913,11601.416049411764,6403.912939999999,8119.307692307692,11006.999637333332,11171.352741333334,7558.4241360000005,12933.463248695653,20223.5306528
61991.41657142858,68854.45678571428,56180.10174074074,41344.524592592585,21768.14737037037,8562.67928,5630.231333333333,2598.3091153846153,3051.136076923077,5667.3216250000005,8572.146615384616,31520.582692307693
132882.35133333332,158064.73975,197097.49887500002,161132.38147058824,112360.04835294117,108188.74886666666,55809.33276923077,39979.22906666667,35853.42635714285,32680.105714285717,58276.9152,117069.56275
3.642857142857143,5.214285714285714,6.785714285714286,5.071428571428571,5.416666666666667,5.076923076923077,5.615384615384615,5.076923076923077,5.25,4.3076923076923075,5.384615384615385,6.0
10998.39029032258,14602.593,10609.08441935484,8739.455699999999,5644.111066666666,2989.928620689655,3665.3703703703704,3646.5862068965516,3176.1785714285716,2184.8107142857143,4765.620000000001,8007.196275862069
949069.8951999999,994444.2463333333,1385077.218,1403954.40225,821649.5278,69406.05975,0.0,0.0,0.0,221.44940000000003,291994.18960000004,468248.9256
63255.67167857143,77368.97469230769,95864.77796153846,90576.87028,70923.21065384615,25396.19972,16368.46384,11525.572320000001,12520.639333333333,15459.38423076923,18071.25,40416.539851851856
409093.17814285716,407449.2060370371,370963.8397692308,435706.1245185185,240988.71104000002,133321.09015384616,172750.45504,73842.75473076923,80445.69046153847,85511.53723999999,149576.4206923077,240328.29636
7851.0388,23441.8076,33266.702000000005,25412.7806,5617.7812,1313.0142,1014.4626000000001,1609.66,1334.5,362.1835,271.5,1835.2624
6362.6295584,4928.8188624,3664.2925055999995,2704.4183033333334,960.5721624999999,307.15384615384613,381.61538461538464,500.2307692307692,831.7844906666667,2337.243345263158,3745.1421947826084,4483.321369599999
11941.975,12418.920833333332,10603.025,8180.952173913043,5786.917391304348,3202.7428571428572,3771.0761904761907,4150.095454545455,3917.217391304348,3141.24347826087,4939.769565217392,8712.362500000001
37567.48333333333,44799.700000000004,33260.38333333333,29072.925,19191.5,6746.325000000001,2512.475,1855.6666666666667,2051.0,5523.05,16144.300000000001,30340.150000000005
1.5,2.1666666666666665,2.0,1.5,3.2,1.6,3.4,5.6,6.0,4.2,2.6,2.4
3.7142857142857144,6.214285714285714,3.7857142857142856,5.5,5.0,6.461538461538462,5.3076923076923075,6.3076923076923075,5.166666666666667,4.846153846153846,4.3076923076923075,6.0
3.25,5.0,5.5,3.4,7.666666666666667,3.75,1.6666666666666667,7.0,4.0,3.4,7.5,3.4
155104.7483703704,153309.22623076924,130224.36303703704,126807.09137037037,78058.303,50099.302807692315,20479.356625,17337.11326923077,18054.576,23467.75288,37937.3666,84307.99575
,,3626.0,,1992.0,,1125.5,66.0,1597.0,0.0,,0.0
54966.63851851852,65338.47603571428,69092.80696153847,46188.32780769231,36739.03940740741,13812.845692307692,4677.60744,4932.723423076924,4687.28832,7620.6097199999995,11358.21416,33024.47261538461
1644.75,1977.5,2930.0,1470.8,3155.3333333333335,2157.5,883.0,634.4,1491.4,1816.4,2870.0,2409.0
4.0,8.0,4.0,4.0,,,,,,4.0,8.0,5.0
388.42857142857144,581.4285714285714,345.07142857142856,174.42857142857142,23.0,21.0,29.615384615384617,28.76923076923077,21.384615384615383,21.846153846153847,50.23076923076923,226.85714285714286
2855.1666666666665,3105.0,3050.5,3617.0,3772.1666666666665,4208.666666666667,4622.666666666667,5085.666666666667,4962.333333333333,3854.6666666666665,3294.8333333333335,3334.3333333333335
270317.88285714283,210224.45933333333,194350.87773076925,191446.4838846154,123789.90032,72345.84147826086,53105.65704166666,42197.642846153845,34268.25228,98090.65999999999,107805.77376,162408.47104166666
8.538461538461538,10.076923076923077,8.692307692307692,3.6923076923076925,5.583333333333333,6.461538461538462,7.0,5.923076923076923,8.384615384615385,8.846153846153847,8.923076923076923,9.384615384615385
187.33333333333334,117.5,117.0,132.0,120.66666666666667,164.0,117.33333333333333,65.33333333333333,72.0,83.33333333333333,88.66666666666667,144.0
30781.722107142858,34839.56732142857,33908.38440740741,28095.919925925926,16085.874037037036,9550.38496153846,7362.769520000001,7528.728884615384,6919.20996,4874.1410399999995,7891.981923076923,17146.513807692307
244403.44444444444,210745.77777777778,142613.55555555556,230090.44444444444,250620.66666666666,263321.77777777775,415085.6666666667,307456.77777777775,326569.375,262766.8888888889,298802.8888888889,204050.22222222222
4.0,3.2857142857142856,2.0714285714285716,3.7857142857142856,2.4166666666666665,3.4615384615384617,3.0,4.538461538461538,3.4166666666666665,3.0,3.923076923076923,2.0714285714285716
293.42857142857144,72.42857142857143,21.714285714285715,132.5,1838.4615384615386,4800.307692307692,4852.2307692307695,5806.846153846154,6199.538461538462,6497.7692307692305,8701.615384615385,2931.5
39841.648107142864,43174.03255555556,23491.389916666667,28173.683875,25526.552875000005,17750.143874999998,5751.249608695653,3629.7749999999996,2317.62712,5033.978363636364,11446.70873076923,21917.63672727273
0.8571428571428571,1.5,0.9285714285714286,1.2857142857142858,1.5384615384615385,0.7692307692307693,2.3846153846153846,1.2307692307692308,1.2307692307692308,1.0769230769230769,1.5384615384615385,1.1428571428571428
153.57142857142858,185.78571428571428,136.5,184.85714285714286,638.7692307692307,1105.6923076923076,1850.3846153846155,2253.4615384615386,2440.6923076923076,2053.3846153846152,2923.153846153846,570.3571428571429
40788.87823076923,62273.08418181818,55431.52685185186,42612.741375000005,38706.335360000005,23622.427760000002,20620.584272727272,18971.72496153846,14577.34312,11256.87676,15817.441727272728,28059.40769230769
636.4285714285714,267.2857142857143,114.42857142857143,270.42857142857144,1020.3846153846154,1031.3076923076924,1096.7692307692307,998.3846153846154,1110.3076923076924,785.2307692307693,184.07692307692307,358.85714285714283
98752.3035483871,124505.95975000001,132632.8061724138,80332.02648387097,49871.387322580646,29097.354379310345,11673.375592592593,5696.422965517241,12158.853107142857,16524.33275862069,21607.755931034484,54615.8516
481265.94192857144,555190.8991428572,580087.5142592593,422302.74414814817,399634.02625925926,257959.5973076923,186418.11676,199244.8441923077,160993.48415384616,187283.71219999998,208782.30015384618,366958.7714074074
10780.8,17466.0,9061.6,8182.4,7321.2624,9531.25,10543.75,7516.25,9839.75,8094.0,9978.4,8674.8
127789.11662962964,114019.56615384616,103918.45086956522,95991.29723076924,62729.39871428572,52587.30352173913,58300.05295652174,36749.408500000005,40575.147115384614,39137.562000000005,55384.91316,75636.68076190476
1233.3333333333333,811.1111111111111,355.55555555555554,200.0,1262.5,4233.333333333333,4688.888888888889,4488.888888888889,4266.666666666667,4177.777777777777,4300.0,2560.0
1.1428571428571428,2.7857142857142856,0.8571428571428571,1.4285714285714286,1.2307692307692308,1.3076923076923077,1.5384615384615385,1.8461538461538463,1.2307692307692308,1.6153846153846154,1.6153846153846154,0.9285714285714286
38843.708999999995,38837.74842857143,32075.55692857143,29299.58473076923,19803.535178571427,13230.607,9453.53868,9589.040692307692,9032.539153846154,9832.45844,12043.846961538462,25974.812192307694
56768.81507142858,59578.67910714286,51175.89159259259,38170.77938461538,28337.93911111111,11139.580384615383,3456.62152,2090.570192307692,2027.7318461538462,4062.328038461538,9827.309153846154,29979.24334615385
293.3333333333333,152.0,1116.3636363636363,1382.857142857143,2146.6666666666665,1426.6666666666667,2085.0,2574.5454545454545,3170.0,3130.909090909091,4336.0,1628.0
18271.570785714288,21353.501535714287,22111.076407407407,17356.42174074074,13315.407925925927,7254.630961538462,6659.89588,6280.198923076923,5189.615384615385,3721.1654399999998,3807.0237916666665,9174.4776
144007.63292592592,137353.25057692308,137281.8858888889,96980.22073076923,90625.9628846154,44197.87165384615,12989.051333333335,8726.59696,5978.249416666667,13359.53416,26332.72804,53700.44770833334
364100.9929642858,582271.1376071429,341601.3663703704,403159.67166666663,143844.5108888889,64414.146538461544,65646.87991999999,40504.79476923077,39358.01776923077,40498.95312,61946.91619230769,132228.4305
1496.0,2298.8,1307.8,1021.3333333333334,1553.4,1429.6,1415.0,1288.8,1475.2,1228.4,1682.6,1484.0
10767.628,14604.75,7908.895,7732.5,7139.75,3977.5,5770.0,7289.25,7614.0,5644.0,5707.75,8164.0419999999995
27862.844736842108,28411.843,25603.955,18293.54,9852.747368421053,3205.633333333333,2723.4277777777775,3278.557894736842,2931.6894736842105,2967.9684210526316,8432.494736842105,18231.53052631579
206517.31828,257212.89800000002,260856.8244347826,173392.8164117647,143546.51382608694,98811.55582608696,87976.99266666667,119416.37427272728,69909.12431578948,93297.79268421052,67022.39010526316,145356.3887826087
72947.14128571429,71434.89918518519,49385.685769230775,52951.310416666674,30945.869714285713,27857.45952,14319.79308695652,15220.144639999999,10938.706230769232,11382.105608695652,20191.74519230769,42881.455571428574
170.0,240.0,115.0,235.0,1268.5714285714287,2240.0,3108.5714285714284,3514.285714285714,4045.714285714286,3091.4285714285716,2445.0,175.0
5.846153846153846,5.769230769230769,5.076923076923077,5.0,6.583333333333333,7.416666666666667,6.166666666666667,7.083333333333333,7.916666666666667,4.583333333333333,6.0,4.846153846153846
141.0,235.2,142.4,124.33333333333333,163.8,190.0,242.8,212.2,209.2,151.4,182.2,141.0
84525.58896428571,93849.40021428572,94087.90465384616,74984.54151851853,55994.38665384616,29978.40924,29865.411624999997,18909.20123076923,20332.308800000003,16987.7376,26781.208846153848,55571.94324
273578.97051851853,264477.28817857144,226015.44803703704,201191.41126923077,129029.75233333334,99085.671,118687.85345833334,88060.43684000001,103990.74879166666,74676.07142307692,107515.7068076923,164828.6117037037
1313.0,882.5,474.0,506.0,1708.0,416.0,393.0,264.0,522.0,785.0,1224.0,500.5
9.857142857142858,16.714285714285715,9.142857142857142,13.214285714285714,25.692307692307693,23.76923076923077,20.46153846153846,16.53846153846154,8.923076923076923,8.692307692307692,11.0,10.071428571428571
4.714285714285714,7.357142857142857,3.7142857142857144,6.642857142857143,5.153846153846154,7.461538461538462,5.461538461538462,7.615384615384615,6.0,7.615384615384615,7.0,6.857142857142857
58.916666666666664,161.63636363636363,138.4,134.45454545454547,154.75,172.15384615384616,204.33333333333334,183.16666666666666,72.58333333333333,93.33333333333333,123.75,62.583333333333336
43034.16844444444,42814.0135,43248.28233333333,38166.47982608696,26437.528875,17978.94153846154,12817.986173913045,13075.160541666666,9848.83428,8373.59244,12132.9432,21163.75192
41.8,67.0,198.6,845.6,71.0,55.0,107.5,74.0,99.5,95.0,43.75,56.8
12782.892187500001,18389.601687500002,14826.259333333333,15586.7943125,4519.948833333333,2302.6558823529413,2359.524388888889,2583.625,2137.1176470588234,2137.23125,1965.95625,6399.472833333333
3.7857142857142856,3.642857142857143,4.357142857142857,3.642857142857143,4.166666666666667,3.0,4.6923076923076925,3.5384615384615383,4.833333333333333,3.5384615384615383,4.153846153846154,3.142857142857143
159.21428571428572,163.71428571428572,152.78571428571428,180.35714285714286,266.53846153846155,408.61538461538464,630.5384615384615,576.7692307692307,687.0,756.6923076923077,771.8461538461538,422.57142857142856
92903.77189285714,159174.0720357143,138164.9495185185,111033.4911851852,79949.51755555558,39467.87146153847,11561.89392,9816.460384615384,11594.20673076923,17642.98084,21244.519769230767,49455.86444444445
71862.75392857143,67698.60062962964,60137.034125000006,43088.884884615385,27492.02504347826,14652.825590909091,12001.690120000001,9214.90273076923,7394.32828,10864.619416666666,17805.82868,29495.715272727273
7.071428571428571,9.214285714285714,7.428571428571429,7.642857142857143,8.083333333333334,8.076923076923077,8.923076923076923,8.076923076923077,7.583333333333333,6.923076923076923,7.615384615384615,7.071428571428571
3299.5,4681.25,2489.0,2387.0,2044.75,1851.75,3416.25,2356.5,2710.5,2582.0,3428.5,2916.0
297.14285714285717,272.92857142857144,223.28571428571428,126.5,75.38461538461539,93.38461538461539,86.46153846153847,84.76923076923077,105.3076923076923,105.53846153846153,258.9230769230769,273.7857142857143
45.07142857142857,45.714285714285715,43.714285714285715,42.857142857142854,44.583333333333336,46.15384615384615,41.30769230769231,43.23076923076923,37.0,43.38461538461539,44.61538461538461,48.642857142857146
114000.34567857142,72971.09830769231,63991.22339130435,62394.81481481482,39958.602,38114.91112,24493.397833333333,23344.249884615383,20972.915708333334,21023.170583333333,29268.535086956523,63470.98636363636
1301.3846153846155,1140.6363636363637,1720.4285714285713,960.6666666666666,939.4285714285714,1069.2307692307693,948.25,1561.5384615384614,1131.2857142857142,1257.7777777777778,1378.5714285714287,1375.357142857143
2.4285714285714284,2.142857142857143,3.857142857142857,3.0714285714285716,2.8333333333333335,3.3076923076923075,3.0,4.461538461538462,2.5833333333333335,3.3846153846153846,2.3076923076923075,3.2142857142857144
146.66666666666666,157.2,243.0,157.66666666666666,162.8,242.44444444444446,215.33333333333334,337.4,175.5,257.0,146.4,177.2
103733.5334074074,91135.72635714286,105949.96922222221,70289.7975925926,42601.199555555555,24170.149884615385,12767.3104,8017.8635,8349.05075,14927.61664,26301.56224,45599.830807692306
74.54545454545455,69.0,62.0,88.25,65.0909090909091,74.54545454545455,61.36363636363637,51.81818181818182,53.9,68.18181818181819,85.0909090909091,77.18181818181819
1367.142857142857,1351.7857142857142,1182.642857142857,1089.357142857143,1187.4615384615386,1131.3846153846155,1384.7692307692307,1189.3076923076924,1237.6923076923076,1382.4615384615386,1333.076923076923,1307.9285714285713
4.142857142857143,3.9285714285714284,4.142857142857143,4.428571428571429,3.9166666666666665,5.153846153846154,4.230769230769231,5.769230769230769,4.916666666666667,3.769230769230769,4.153846153846154,4.071428571428571
29902.576923076922,33642.999285714286,28079.132142857143,20348.182142857142,11631.02962962963,5759.676923076923,7322.844,4098.444,5228.4,6644.411538461539,15946.811538461538,23889.487037037037
274.0,570.0,257.0,238.0,,,,406.0,210.0,259.0,478.0,269.0
791.8571428571429,33.57142857142857,24.214285714285715,112.28571428571429,1181.3846153846155,6710.692307692308,8098.692307692308,9551.923076923076,10346.384615384615,8480.23076923077,11517.615384615385,3164.1428571428573
1638.2857142857142,1555.642857142857,1422.0,687.0714285714286,2.230769230769231,2.4615384615384617,5.769230769230769,3.3076923076923075,3.769230769230769,3.5384615384615383,4.0,891.8571428571429
100467.493,102687.23066666668,116729.8245,77433.35975,78739.73725,50235.049,63263.437999999995,73021.68733333334,59106.161,57277.72933333333,71716.16333333333,79266.63
15236.839153846153,17755.593,14700.880076923078,13740.334153846152,11971.1,5327.734666666666,3723.867272727273,2617.570166666667,2262.601,3639.759545454545,3934.284545454546,10384.16275
53607.890499999994,55936.332714285716,54315.133961538464,44243.24384615385,38430.35477777778,24408.46946153846,15899.55176,12441.971076923077,13500.36812,10801.7504,14935.64952,36525.1476
24291.19057142857,29545.852214285715,33554.51551851852,28196.62880769231,20763.91848148148,14506.060269230771,11885.00084,9447.888038461539,7821.92756,6613.766119999999,10252.304076923077,18826.633846153847
58156.81435714286,57458.58364285715,51056.58970370371,40792.61470370371,29033.152296296295,22868.3008,18698.05532,18112.416307692307,19448.860653846154,18806.982583333334,22158.284192307692,37946.199384615385
2875.0,2886.125,2806.75,2756.125,2455.125,2174.625,1927.25,2117.125,2338.875,2206.875,2618.0,2805.8888888888887
119119.03725925926,95232.84603703703,89043.30188888889,66941.2482962963,48326.16880769231,37798.763423076925,10220.996333333334,7771.4668846153845,7578.525083333333,10395.5164,26513.281239999997,53564.993839999996
303287.66771794873,460220.37806666666,317360.807125,347849.2572222222,319417.2035675676,248953.63611111112,172162.2130294118,222011.3032894737,186548.15407894738,175912.56560526317,198698.28809375002,269379.773
10722.857142857143,16045.714285714286,11111.42857142857,14894.285714285714,16960.076923076922,15864.615384615385,18107.69230769231,18938.46153846154,20292.30769230769,17526.153846153848,24643.076923076922,18788.571428571428
17313.718998518518,14319.79648888889,13463.764335384614,6633.936008695652,3906.595656842105,2100.805464,2623.25,2622.230769230769,3659.5274457142855,4419.67436,8293.005951304349,16094.102143703703
433.4642,295.2268,324.4975,253.32780000000002,264.8134,278.13025000000005,230.39566666666667,533.6995000000001,511.2850000000001,383.7128000000001,324.644,613.2786000000001
2.0714285714285716,3.0714285714285716,2.0714285714285716,1.9285714285714286,2.0,3.923076923076923,1.1538461538461537,2.3076923076923075,2.0833333333333335,2.4615384615384617,1.7692307692307692,2.142857142857143
47356.520142857145,52449.24428571429,55067.118481481484,44609.03044444444,36599.87807407408,17632.67976923077,8220.549640000001,7001.388653846154,4100.766153846153,5249.7519999999995,7906.125958333333,25232.95580769231
3680.8888888888887,6319.5,7410.416666666667,3210.5555555555557,6673.555555555556,2808.4444444444443,4037.777777777778,2328.0,1789.4,1594.909090909091,2318.2,5366.636363636364
88.2,85.8,68.0,66.1,49.9,51.1,58.1,52.5,54.22222222222222,44.5,50.1,69.2
365941.5679642857,402254.82507142855,476988.06061538466,332306.58537037036,176564.0187037037,113394.77034615385,53479.23812,42010.69657692308,34707.57808,49920.57061538462,76866.41961538463,186068.56834615383
9603.529096,4802.307673846154,9722.785771428573,6732.069922857142,3990.6697,2692.985166666667,2318.181818181818,2150.3636363636365,3205.6497866666664,1945.2727272727273,3227.118603076923,5799.60787076923
21701.77537037037,22914.304035714285,30533.044037037038,19200.95234782609,16386.032857142858,8327.903423076923,5161.60945,7247.833038461538,2942.093571428571,4036.914434782609,3721.2048636363634,12481.866192307692
36806.41484615384,44159.900863636365,39431.43337037037,33151.756375000004,18660.239846153847,11146.53464,5047.156304347826,5261.123615384616,5032.248680000001,5809.349999999999,8941.877571428571,20771.702576923075
57.5,57.57142857142857,49.92857142857143,53.07142857142857,53.38461538461539,52.46153846153846,51.76923076923077,48.07692307692308,51.84615384615385,50.23076923076923,46.76923076923077,50.0
4.75,3.625,1.5,3.75,4.428571428571429,4.142857142857143,2.5714285714285716,4.714285714285714,2.5714285714285716,4.714285714285714,3.857142857142857,1.0
47266.541142857146,46189.357321428564,46293.537000000004,41175.933814814816,25833.72462962963,16745.097884615385,15232.974083333333,18693.29853846154,15422.831416666668,13185.00652,16235.559692307694,28404.2465
,30888.0,216026.556,227712.568,,,89160.0,123000.0,,9503.0,55457.0,27864.0
48044.19075,47851.44777777778,42245.60022727273,35319.62314814815,19759.531095238093,16818.107086956523,15123.41872,15224.597538461538,12875.66796,11214.22136,19581.768153846155,30015.766952380953
160.0,162.85714285714286,31.428571428571427,62.857142857142854,867.6923076923077,8006.153846153846,9012.307692307691,9270.76923076923,9938.461538461539,7443.076923076923,9984.615384615385,1222.857142857143
4.571428571428571,2.9285714285714284,5.0,2.642857142857143,5.3076923076923075,4.230769230769231,6.0,4.846153846153846,6.0,3.6153846153846154,4.923076923076923,3.2142857142857144
19841.4655,26292.118000000002,21720.426714285713,21573.191625,13756.604125000002,11267.881714285715,10131.209714285713,8118.820125,5821.46175,4683.357375,7807.053142857143,11818.657375
550.25,506.0,453.5,2248.75,3309.6666666666665,6112.0,5138.0,5360.666666666667,4080.6666666666665,5275.666666666667,7460.0,5106.0
42442.15936,58886.45445454546,55214.7484074074,42522.811625,26276.430961538463,13277.075320000002,5757.394652173913,5768.988384615384,5916.25304,6854.035720000001,10581.04461904762,25110.8235
1965.7142857142858,1898.1818181818182,2533.3333333333335,1236.923076923077,1262.857142857143,3500.0833333333335,11563.076923076924,17409.23076923077,7000.0,3243.6363636363635,1996.3636363636363,1880.0
9979.853588235294,16701.903266666668,14435.847375,12906.083312499999,10030.90975,8143.964533333334,6949.2153125,5424.45425,4590.2836,4196.176428571429,4864.436133333334,8137.202071428571
480.375,601.7777777777778,410.77777777777777,357.77777777777777,328.375,311.5,325.0,323.0,366.75,351.0,498.75,460.75
37300.03529629629,45391.70682142857,38879.31192307692,30547.775999999998,22230.64362962963,15240.941538461539,6568.53392,3418.7411923076925,3770.7293200000004,7637.6622307692305,13557.80348,22260.033115384616
82380.51371428571,94690.03835714285,94433.48981481482,82537.27503846154,48410.99214814814,25604.00873076923,9492.18948,8974.0185,5197.35808,8332.50596,13381.862192307693,42625.41407692308
48635.21153846154,47775.7,35824.792,32913.696153846155,22814.956000000002,17244.991304347826,30107.408695652175,25288.245833333334,24888.2375,15648.420833333332,21519.679166666665,34731.92083333334
40377.65239285714,48966.42317857143,43825.02881481481,34363.85022222222,17643.551333333333,11473.294769230768,5323.94952,2637.146846153846,2970.8194230769227,4278.6562,6947.434538461539,20219.056653846153
188871.1,184370.92222222223,189428.725,174774.2125,151792.12857142856,218514.45,171925.2375,139649.4777777778,169585.54285714286,111349.06666666667,124992.31111111112,173293.67500000002
47972.165384615386,60607.12285714286,46258.36785714286,31152.10357142857,17867.888461538463,7122.111538461539,5106.196,3455.656,3600.053846153846,8578.846153846154,25511.415384615386,39110.52777777778
320901.0993076923,290805.6779285714,373024.08891999995,277728.815,281299.34080769226,203801.81226923078,162943.71832,196850.14453846155,141950.74483333333,135158.28796,135180.18644000002,219609.7308076923
24950.58335,23716.6952,23005.529894736843,19629.491833333333,12975.2945,6719.481611111111,2009.9958823529412,3181.155388888889,3053.5865555555556,2621.918588235294,6874.670444444444,15081.354222222222
2414.0,4214.5,1946.5,1743.0,529.0,940.0,2634.0,1869.0,1444.0,1540.0,4503.0,2271.5
18074.19598497561,16963.006854439023,12844.198520585367,7613.5747326,4857.2165197714285,1383.427141185185,1546.7692307692307,1586.2851066666667,1506.2307692307693,3040.762716588235,9043.749628410256,12953.196027707318
27483.960821428573,38544.81421428571,30680.64123076923,32339.47114814815,22259.959518518517,15190.328307692309,11341.42432,10899.143500000002,9012.236846153846,7744.03184,9466.443346153847,17572.91403846154
278899.1338333334,235493.53459999998,293557.22740000003,220935.08733333333,140892.859,61803.369000000006,74167.23650000001,57239.952600000004,11110.560000000001,52737.900166666666,78281.396,170761.4405
26190.22503846154,40471.22626086957,32070.894666666663,35924.94936363637,21297.447916666668,11111.099125,10265.380428571429,9725.903760000001,7441.869869565218,6487.9837391304345,7068.213681818182,13625.42973076923
24192.58152631579,31287.9998,38925.197700000004,31578.329222222223,24550.021421052632,19801.985105263157,22792.559235294117,49125.928,17589.91915,10305.812333333333,9372.050823529411,21278.92035
8278.223964285715,8051.477607142857,6942.7228888888885,5055.799777777778,3942.4355555555553,5407.653115384615,6080.52,8594.098538461538,7022.384615384615,6647.114583333333,8219.839115384615,6564.69362962963
98364.90916666668,117633.1777,100417.0910909091,58148.01775,17437.425,14206.066666666666,13642.85,15515.633333333333,17674.3,16959.5,38206.0754,54849.4571
33053.17274074074,43643.13422727273,40925.66325925926,34962.86995652174,22654.568153846154,11862.324879999998,3145.9115217391304,2924.446730769231,2080.344,3117.6692,3898.3590000000004,17810.848423076925
168674.35716666668,193567.75550000003,166831.3180487805,126529.67097619048,121611.05182051283,75297.32910256411,50110.52520512821,35921.280641025645,40500.8532972973,35824.526512820514,54907.5681025641,95278.84797619047
0.5714285714285714,0.2857142857142857,1.6428571428571428,0.8571428571428571,0.6666666666666666,1.4615384615384615,0.3076923076923077,1.8461538461538463,1.3333333333333333,0.9230769230769231,0.8461538461538461,1.3571428571428572
203.5,258.0,158.5,165.5,178.5,154.5,203.5,216.5,241.5,170.0,268.0,192.5
418.72727272727275,385.9,372.45454545454544,296.54545454545456,329.77777777777777,216.55555555555554,247.0,253.0,1070.19,382.2,438.2,439.4
312.72727272727275,359.0,345.6363636363636,359.72727272727275,355.0,350.90909090909093,359.45454545454544,315.09090909090907,285.0,300.8181818181818,335.3636363636364,350.09090909090907
1082.0,2148.0,873.0,848.0,1492.0,750.0,720.0,1411.0,927.0,901.0,2216.0,1107.0
533796.4547857143,491007.1871785714,500599.1654615385,364934.2115925926,363480.23018518515,339317.09065384616,238374.9472,225991.09896,183473.68153846153,176376.6123076923,261455.51657692308,323973.74230769236
3.5384615384615383,2.2222222222222223,5.142857142857143,3.5454545454545454,4.3076923076923075,3.909090909090909,2.75,2.8461538461538463,2.4615384615384617,4.583333333333333,3.8181818181818183,7.142857142857143
,,,,12720.0,16800.0,12240.0,14400.0,12480.0,0.0,0.0,0.0
982.7692307692307,1038.076923076923,813.1538461538462,714.3846153846154,785.8333333333334,800.3333333333334,854.9166666666666,807.1666666666666,837.4545454545455,718.8333333333334,884.3076923076923,1385.4615384615386
41010.38517857143,44227.315571428575,49327.36959259259,37899.599074074074,32007.793629629632,17269.29796153846,9821.13012,10085.636461538463,7559.979653846153,6059.70888,7351.372875,19033.66216
52210.0,72020.0,44850.0,37820.0,26600.0,17830.0,15350.0,13370.0,11500.0,14792.727272727272,25352.727272727272,39460.0
116076.38651851851,104497.18610714286,123708.64162962964,106518.63513043478,89018.19718518518,104045.55584,64425.12209090909,105048.93607692307,58000.72481818182,72379.26730434783,58923.65909090909,108516.8121923077
35836.39117857143,36033.21840740741,34808.948777777776,24683.02,17282.50526923077,12184.481384615385,9685.540416666667,8117.936000000001,8053.57456,7832.54488,9510.06604,23432.54373076923
62591.832,,,,11000.0,17795.472999999998,0.0,8680.0,14760.0,307.65,0.0,607.72
1544.357142857143,1274.0714285714287,750.8571428571429,1636.142857142857,3231.25,2732.4615384615386,2795.6923076923076,2998.3076923076924,4594.923076923077,4907.576923076923,6477.692307692308,5107.5
669230.456107143,591345.4440357143,583852.6858399999,420119.3718461538,461624.5920370371,409930.7211538461,295064.23692,252170.8034,248954.29859999998,259665.2365769231,272364.2954,432992.09952
51047.1225925926,65729.30482758621,46557.433333333334,33885.146428571425,18219.939285714285,6154.927777777779,5292.844230769231,3358.8037037037034,3386.296428571429,6970.318518518518,22302.711111111108,38054.383
53370.36407142858,50258.095642857144,54805.77725925926,51928.0205,36324.185259259255,28060.588576923074,34616.22172,24971.901076923074,25024.99644,19045.3886,30468.811346153845,35042.75853846154
55910.1425,79389.24603571428,61209.08803703704,57527.77185185185,28015.314851851854,16169.459346153848,14849.48808,10839.343615384616,12544.14148,36320.96944,13704.235115384616,32525.967500000002
36744.781814814814,39039.477629629626,31361.95751851852,25455.17119230769,15421.54888,13054.838346153847,5699.256363636364,4060.03168,3101.6440000000002,4926.605653846154,7755.020625,20450.605791666665
106100.5175,118954.30500000001,120400.9234074074,93929.4562962963,66268.20777777779,34716.10846153846,17062.914520000002,7460.0975384615385,8618.922999999999,9874.56512,17153.84596153846,42558.6111923077
157600.67481481482,148738.47877777778,146118.80051851852,110129.49385185186,81228.69296153846,56544.88904,17599.79352,15897.355384615385,10359.906916666667,20924.95570833333,33076.15852,80727.12826923077
0.0,0.0,0.0,0.0,0.0,0.0,0.0,0.0,0.0,0.0,0.0,0.0
870749.0770714285,1032451.5892592593,848748.497,947299.4272142856,743010.6752592593,416280.5061923077,288453.80491999997,178900.9783076923,166282.75392000002,145155.07326923075,268233.90980769234,500405.51092307694
11912.091839999995,16428.3498,15792.545999999998,2756.51712,,,,,,,15271.59708,12949.88772
85.5,94.42857142857143,80.71428571428571,84.07142857142857,83.16666666666667,87.53846153846153,109.07692307692308,95.92307692307692,93.91666666666667,81.76923076923077,90.3076923076923,78.28571428571429
3.875,1.5,3.3333333333333335,1.2222222222222223,156.2941176470588,144.58823529411765,4.9375,283.5882352941176,208.64705882352942,1.0625,4.0,0.75
4320.0,3933.3333333333335,3136.6666666666665,3456.6666666666665,2756.6666666666665,2776.6666666666665,3763.3333333333335,4270.0,3534.5454545454545,2785.4545454545455,3254.5454545454545,3183.3333333333335
4720.0,4752.0,4680.0,4293.333333333333,4600.0,6800.0,8080.0,10992.0,8906.666666666666,5960.0,6613.333333333333,5316.363636363636
1.3333333333333333,2.5,3.0,0.0,0.0,1.3333333333333333,1.3333333333333333,0.0,1.3333333333333333,0.0,0.0,0.0
131.78571428571428,128.5,114.35714285714286,148.21428571428572,363.61538461538464,524.0,719.4615384615385,577.4615384615385,615.0769230769231,509.15384615384613,212.30769230769232,121.57142857142857
90.28571428571429,104.66666666666667,179.55555555555554,85.16666666666667,136.16666666666666,111.28571428571429,123.83333333333333,119.875,110.0,89.0,116.6,116.33333333333333
193.14285714285714,200.21428571428572,182.57142857142858,178.78571428571428,213.76923076923077,225.76923076923077,246.46153846153845,217.92307692307693,216.84615384615384,189.69230769230768,176.92307692307693,186.78571428571428
12010.292685714287,13851.722342857143,12663.282085714287,9568.42865625,5839.551333333334,3558.2467500000002,1859.6787419354837,1843.53125,2143.125806451613,1717.5925925925926,3513.89665625,7640.460677419355
10523.534940000001,12521.569287407408,10866.785847407407,18548.682006956522,16221.748347692308,16413.12438923077,21912.788033333334,19368.802832,24374.675863076925,17497.436614285714,12433.764275555555,10842.390421428572
19653.50376,24380.151458333334,16758.774695652177,19065.37944,8853.343523809524,8387.130833333333,8168.071,8697.794083333332,8222.159375000001,8756.95765,11119.729958333335,13265.795523809524
31707.499642857143,34592.37692857143,38868.900407407404,24064.54151851852,18480.68214814815,11830.9448,6375.141416666666,5862.2894400000005,5022.04948,4683.42775,7972.652730769231,17130.39973076923
57298.88235714285,43679.552899999995,32568.98133333333,34748.94365,14031.814363636364,11644.660513513514,4879.173722222223,3602.5576153846155,2204.365631578947,4682.570594594595,13093.838051282051,16772.002764705885
41746.338892857144,48138.51017857143,47661.28407407407,37235.464222222225,21583.171222222223,12741.243230769232,5298.77208,2782.3348461538462,3375.3088000000002,5445.903807692308,8316.09723076923,22718.395576923078
107071.6606,110500.78876,118623.67470833333,107694.1362,82103.86841666666,60768.35134782609,35824.5761,61929.382000000005,27618.075449999997,32795.93604761905,26236.748499999998,68753.19695652174
9660.8,14349.2,9560.8,7806.3,6208.444444444444,4457.222222222223,5474.222222222223,5661.666666666667,5206.375,3555.4444444444443,5996.333333333333,7961.0
29949.700500000003,25095.276833333333,22184.56525,19774.04164,67826.05629166665,109519.88369565218,4158.260869565217,5427.163,5392.472727272727,6349.151608695652,13935.76660869565,26821.984652173913
1760.6,3331.4,1378.2,1075.4,523.0,320.8,411.6,370.2,388.6,375.2,1363.5,1624.4
83764.97090909092,144506.61445454546,102562.89199999999,100061.31659999999,56187.304818181816,15253.393545454544,2549.3051000000005,0.0,0.0,20.509999999999998,7283.9800000000005,48635.49322222223
11426.136444444444,14294.694857142857,14704.083962962963,14316.56051851852,11250.692518518517,6854.381423076922,4199.1694,3082.6394615384615,2099.537846153846,2139.98,2734.6882083333335,5776.867791666667
11123.53119,9324.092658333333,9426.95022,6725.519354782608,4419.947202666666,3454.4102857142857,2290.6923076923076,2001.6923076923076,1820.4537714285714,5446.316296,6783.114356666666,8543.555417599999
8790.50028,15283.90296,6189.85764,7309.692719999999,,,,,,,,
1.2857142857142858,1.1428571428571428,1.2142857142857142,1.1428571428571428,1.3076923076923077,4.230769230769231,10.076923076923077,9.307692307692308,9.0,2.3076923076923075,1.9230769230769231,1.4285714285714286
309.09090909090907,36.36363636363637,581.8181818181819,3345.4545454545455,5260.0,4120.0,5560.0,5080.0,6733.333333333333,8460.0,12620.0,4880.0
3886.220488888889,3603.231176,2828.5867,1186.337952,1751.6149828571429,1188.3076923076924,1450.1538461538462,1678.0,1560.3846153846155,2893.5778525,2942.934348235294,2364.007696842105
59190.65407142857,51386.377592592595,34536.17013043478,47018.604846153845,22166.785130434786,15973.371347826089,7407.170833333334,4645.24516,3133.538076923077,8130.241782608695,16250.87926923077,36786.62752173913
5240.0,9449.0,5235.0,5339.0,2880.5,3190.0,5192.5,6295.0,4817.5,4028.5,7194.0,5356.0
3122.5,6578.5,3098.0,3318.0,1877.0,2623.0,3376.0,3766.5,2181.0,2366.0,5254.5,2585.5
4.461538461538462,3.8461538461538463,4.0,3.8461538461538463,4.583333333333333,4.75,4.25,5.0,4.75,4.076923076923077,4.384615384615385,3.3076923076923075
45545.95917857143,44933.37042857143,38432.362592592595,33413.46074074074,25547.358185185185,18283.73432,16936.425541666667,16617.692346153846,14216.723884615385,12362.222080000001,14817.781730769231,26353.266076923075
160.5,290.75,161.75,164.5,156.66666666666666,192.33333333333334,301.75,231.0,218.0,173.0,208.75,177.25
42355.52066666666,41628.59539285715,39132.26148148148,37895.52959259259,24663.985962962965,18422.976461538463,7301.00828,5238.045423076924,3950.758333333333,7187.914720000001,12430.834920000001,22376.465307692306
823.6853214285713,1080.0,789.6296296296297,890.3703703703703,905.2222222222222,1182.256076923077,9841.7218,12390.877153846153,9285.350961538461,1483.971,1276.7532083333333,944.9026399999999
4.785714285714286,2.5714285714285716,1.5,5.357142857142857,161.69230769230768,337.53846153846155,357.2307692307692,369.7692307692308,412.3076923076923,428.61538461538464,528.9230769230769,55.857142857142854
232.25,36496.0,,,92.5,124.66666666666667,154.6,117.4,168.75,156.25,153.0,184.25
4.642857142857143,1.8571428571428572,4.071428571428571,2.0,4.083333333333333,3.0,2.923076923076923,1.6923076923076923,2.8333333333333335,1.2307692307692308,1.6923076923076923,2.4285714285714284
6063.0,10365.0,5436.5,5941.5,4763.0,4664.0,8676.0,7488.0,7802.0,5341.5,9846.5,5787.5
189333.7157037037,159989.23073076922,180247.48642307692,108017.02014814816,96292.61565384617,46753.67208333334,25611.72184,15267.585961538462,13119.3544,32807.019076923076,54191.499919999995,91876.97980769232
6.0,12.214285714285714,8.142857142857142,6.428571428571429,2.8333333333333335,4.538461538461538,6.615384615384615,11.23076923076923,10.666666666666666,10.076923076923077,10.461538461538462,9.0
1340.6,1822.6,1054.8333333333333,997.0,1020.2,950.8,1258.2,1099.4,1316.2,1083.4,1354.8,1291.4
60752.085,64324.41425,55583.49175,50924.352249999996,22741.683333333334,8525.567500000001,9695.5165,2588.655,2597.51825,10646.838666666668,22405.612333333334,62552.17933333333
16432.071428571428,19559.5,13387.857142857143,11864.714285714286,8475.461538461539,6035.0,6384.2307692307695,6259.538461538462,5701.615384615385,5039.153846153846,8617.692307692309,13093.92857142857
4867.142857142857,5753.571428571428,4133.0,3735.285714285714,2980.923076923077,2550.6153846153848,2343.923076923077,2357.3846153846152,2388.153846153846,2400.153846153846,3086.230769230769,4153.571428571428
21525.714285714286,27634.285714285714,20202.85714285714,16734.285714285714,10910.76923076923,6664.615384615385,5907.692307692308,6064.615384615385,5483.076923076923,4932.307692307692,9975.384615384615,17111.428571428572
30232.03657142857,29771.945107142856,35105.83148148148,25269.404814814814,18296.46485185185,7918.730600000001,7814.0834583333335,6888.795615384615,8398.8925,6508.499958333334,7553.351076923077,16672.139384615384
175996.30239285715,279210.1937307693,241329.29474074076,313219.22658333334,173899.94448148148,115877.00152,116738.07456521741,63972.56844,49913.23392307692,55581.25751999999,47599.38092,129986.32939130436
52858.63865384615,53054.906923076924,55130.85335714286,41297.582370370365,30112.18226923077,18608.279884615386,6748.025791666667,4549.60808,4784.77036,7030.548640000001,11698.23856,31999.921791666668
24362.122071428574,38062.82685185185,32330.938,29803.914037037037,21148.87314814815,11110.040769230769,4571.85284,2842.0215384615385,4596.22944,3526.17372,4614.53996,12158.030480000001
76871.43635714287,108205.37042857143,104989.05825925925,89272.75918518519,70216.284,32296.082576923076,10356.51304,8336.432269230769,9890.8358,12336.27973076923,17733.40196,36365.68355555556
284.2857142857143,423.57142857142856,394.57142857142856,415.2857142857143,303.84615384615387,367.0,503.3076923076923,459.53846153846155,413.6923076923077,306.6923076923077,380.6666666666667,370.64285714285717
40291.49677379311,38661.60568965517,38672.827527142865,35549.073153846155,28810.672814814814,13376.728038461539,4609.13268,3394.3261923076925,3356.24044,3882.2392307692307,8999.678615384615,26691.163038461542
20855.792161818183,18123.155502857142,18408.7071264,9601.37400631579,10884.163117894737,5553.101446666667,8544.469807272726,6775.403741538462,7181.955863333334,9387.774728,10775.045694,13207.649383333332
3.857142857142857,2.5,8.555555555555555,4.666666666666667,6.833333333333333,7.142857142857143,9.333333333333334,6.75,6.0,5.125,4.8,7.5
6.285714285714286,6.357142857142857,5.928571428571429,7.357142857142857,7.0,7.384615384615385,7.461538461538462,7.6923076923076925,5.5,6.076923076923077,5.6923076923076925,5.0
9507.106230769232,10198.91142857143,10078.882583333334,10409.072923076923,8348.093214285715,4349.562461538461,2448.0882500000007,584.0391538461539,430.0707272727273,581.1091538461538,1787.4803076923079,5694.473230769231
1.2857142857142858,1.2857142857142858,1.2142857142857142,1.6428571428571428,1.4166666666666667,0.6153846153846154,1.7692307692307692,1.5384615384615385,10.75,8.692307692307692,1.9230769230769231,0.6428571428571429
68142.25607407407,68715.28164285714,59874.702153846156,44728.12853846153,35184.99496,21317.76392,9188.821434782609,6162.5881538461545,5486.90632,11557.71844,17483.08468,37286.89958333334
135.0,56.0,,,,98.0,168.0,134.0,178.0,92.0,99.0,78.0
31883.95664285714,34441.72232142858,30029.697740740743,20106.182703703704,16452.171444444444,8758.239,9146.55468,10155.555499999999,9188.359423076923,7574.4110769230765,9360.141230769232,19103.493615384617
76988.11733333334,88086.58174074074,90175.01238461539,62561.715153846155,46233.22144444445,25531.813846153847,11286.7298,5498.273423076923,5886.75804,10911.263692307693,17674.11308,41726.07646153847
33981.208392857145,33746.78872,23202.41012,27393.507653846154,14791.645782608695,11613.58308,10497.445375000001,8698.05788,9244.757923076922,9530.679136363637,10360.167653846154,20945.140545454546
86.0,172.33333333333334,78.66666666666667,1629.5,3728.3333333333335,3435.3333333333335,6057.0,4339.0,4869.333333333333,4902.666666666667,6796.333333333333,2009.0
60.0,0.0,0.0,80.0,1410.0,3430.0,2930.0,2710.0,3300.0,2740.0,2110.0,1240.0
519.75,649.75,679.75,666.25,779.0,794.3333333333334,565.0,796.0,851.6666666666666,592.6666666666666,532.0,530.5
34.92857142857143,41.357142857142854,37.357142857142854,141.28571428571428,965.4615384615385,3255.5384615384614,5380.461538461538,4644.153846153846,5428.076923076923,5444.923076923077,5987.076923076923,600.9285714285714
27511.44982142857,37271.49221428572,33805.63859259259,26405.49832,21973.07626923077,11807.195192307692,10114.78,10221.61604,8167.940076923077,5307.263923076923,8503.598680000001,14497.633346153847
73742.26432142858,67024.21185714286,63042.28644444444,57036.79862962963,48191.05611111111,37389.81053846154,28216.51128,30224.853,28395.12376923077,31113.64856,35758.47776923077,55603.99126923077
1.2,2.3,1.2,2.3,1.3333333333333333,1.8,2.9,1.8,2.0,1.2,2.2,1.8
5.666666666666667,2.0,4.5,1.0,6.2,1.2,8.8,0.0,8.2,0.0,6.75,1.0
1.6428571428571428,0.8571428571428571,2.142857142857143,1.6428571428571428,2.5,1.3846153846153846,2.076923076923077,2.0,1.8333333333333333,1.8461538461538463,1.5384615384615385,2.0714285714285716
66519.21755555556,72913.33110714286,83837.90680769231,55672.52661538462,43930.40422222222,21517.32056,11796.525679999999,5690.511346153847,6699.48032,12645.761333333334,17917.043400000002,41696.02503846154
143429.42619125,109085.91893294117,116571.95730375,107917.51578344828,92005.26833333334,65402.615538461534,40347.040708333334,39201.455192307694,30809.23319857143,18629.056277037038,34226.966604,65571.73473764706
3113.9285714285716,3622.3571428571427,2827.5,2681.785714285714,2762.923076923077,2773.4615384615386,3289.6153846153848,2584.4615384615386,2898.3846153846152,2510.6153846153848,2679.3076923076924,3141.214285714286
3848.4285714285716,3189.5,2732.6428571428573,2561.5,2021.25,2046.3076923076924,2201.3076923076924,2115.6923076923076,2325.5833333333335,2639.230769230769,2975.076923076923,3574.1428571428573
1553.7857142857142,1194.0,1681.2142857142858,6560.642857142857,7122.076923076923,8362.23076923077,11300.23076923077,10922.615384615385,14028.538461538461,15113.0,18915.615384615383,9605.357142857143
35776.19707142857,49045.080785714286,44067.99692592592,36014.704576923075,27707.940555555557,14899.691115384614,10427.82572,9165.468640000001,7685.39076,6222.149423076923,10032.655192307693,21998.609884615384
85540.82132142856,93888.30130769232,63091.93687500001,73044.64450000001,46742.105,35073.811440000005,17593.227727272726,18296.808833333333,11270.626307692308,14317.50648,29959.301346153843,44820.984909090905
3054.285714285714,3902.8571428571427,1705.7142857142858,2788.5714285714284,6880.0,8692.307692307691,11372.307692307691,16375.384615384615,15184.615384615385,12369.23076923077,11929.23076923077,6648.571428571428
4156.714285714285,4182.571428571428,3932.9285714285716,3315.9285714285716,3715.6923076923076,3010.0,3877.769230769231,3604.846153846154,3952.846153846154,4275.2307692307695,3988.6923076923076,4188.642857142857
981.0,1114.4,1911.4,1048.6666666666667,866.2,850.75,1030.5,1768.5,941.0,860.0,753.3333333333334,1379.8
14602.509698461537,14970.924577435897,11942.020612307693,6806.912390588236,3527.1587214814817,2175.750816,2817.025,3757.7041666666664,3415.6041666666665,2323.821715714286,7155.696595675676,10563.437862105264
8010.123535714286,8900.610035714286,8757.872444444445,8161.675962962962,5306.66911111111,3875.497923076923,3837.3271600000003,3699.6173846153843,3326.0429599999998,2182.83484,2541.958153846154,4713.045230769231
34277.88888888889,34948.555555555555,29019.875,25108.6,21543.11111111111,24426.444444444445,45271.77777777778,25508.444444444445,35334.57142857143,24978.555555555555,28118.0,28320.125
82827.679,57566.742,180211.408,76314.25259999999,57151.4666,19633.4905,2014.0820000000003,6397.28875,1653.692,2390.22075,3592.83925,22878.202250000002
76412.25164285714,98773.27021428572,83633.57055555556,75643.2637037037,56596.759333333335,37828.027307692304,32173.96892,30487.770846153846,29193.66072,22129.34112,25877.92496153846,49152.09507692308
4.928571428571429,7.428571428571429,5.571428571428571,5.428571428571429,6.25,6.230769230769231,6.923076923076923,5.769230769230769,5.916666666666667,5.846153846153846,6.3076923076923075,5.571428571428571
89411.30427272727,62548.558375,42689.87465517241,49569.48944827587,31320.975035714284,28158.489103448275,18868.643346153847,22699.872,18255.59925,15592.787285714285,21858.779551724136,35125.70953846154
64501.270019999996,57529.989,56373.23627999999,32279.69056,25198.34028,36573.07536,,20239.07064,,34645.15416,32208.58992,49413.57748
2.0714285714285716,3.0,2.5714285714285716,2.857142857142857,2.8461538461538463,3.230769230769231,3.769230769230769,4.230769230769231,4.923076923076923,1.8461538461538463,3.3076923076923075,2.4285714285714284
31272.59833333333,47169.948333333334,29316.321739130435,22122.552173913045,12390.539130434783,8225.595238095239,11321.814999999999,13080.577272727272,11809.300000000001,9081.678260869565,11671.882608695652,24550.743599999998
201934.35192857144,225606.15028571428,183649.17900000003,158151.23003703705,111092.83499999999,66747.45465384616,28524.037200000002,16483.060423076924,16914.02773076923,28348.791119999998,54805.126576923074,121001.54942307693
398528.07842857146,628915.6795357142,567996.4855,447835.67181481485,308772.13122222223,173357.07096153844,137603.93029166668,102335.44884615384,91523.65348000001,90421.85436000001,126020.88926923079,272002.7662307692
1.1428571428571428,2.0,0.9285714285714286,0.5,2.923076923076923,1.2307692307692308,0.9230769230769231,2.1538461538461537,1.2307692307692308,0.9230769230769231,2.076923076923077,1.7142857142857142
1267.1666666666667,1753.3333333333333,1047.6666666666667,944.5,1082.0,941.8333333333334,1155.3333333333333,1048.1666666666667,1194.3333333333333,1016.3333333333334,1290.1666666666667,1265.3333333333333
212.42857142857142,176.71428571428572,167.0,180.14285714285714,341.38461538461536,675.0769230769231,870.3076923076923,1010.8461538461538,1012.1538461538462,1381.076923076923,1436.5384615384614,411.0
89.33333333333333,111.33333333333333,152.375,81.5,136.2,112.83333333333333,139.6,118.28571428571429,96.14285714285714,74.57142857142857,98.75,114.28571428571429
129890.04550000001,119837.1955,134264.5939642857,90234.97029629629,61409.11437037037,35111.0275,11274.51392,7704.761461538462,7313.67684,15852.60832,24998.376807692308,63985.84584615385
29992.760107142858,36265.41457142857,35781.76751851852,27835.78251851852,20062.69522222222,10728.72926923077,6694.62828,6484.966807692307,5709.049,7553.68196,6831.276807692308,17971.008461538462
68674.76615384615,92176.60785714285,65076.74285714286,46858.44285714285,27724.11111111111,9453.33846153846,7764.96,5481.476,5591.6846153846145,10098.534615384617,40095.5423076923,59604.46888888889
16935.431607142855,23687.286714285718,22621.02337037037,18327.524851851853,11342.007925925926,5414.397769230769,4688.11296,5155.082038461538,4682.38268,3382.12552,4181.434423076923,8043.496730769231
5808.928571428572,5594.846153846154,5897.857142857143,3845.9285714285716,1863.6153846153845,916.5833333333334,1064.6666666666667,782.3076923076923,779.6923076923077,613.4166666666666,2632.0,4744.0
20.571428571428573,24.0,22.142857142857142,22.142857142857142,20.666666666666668,22.384615384615383,23.23076923076923,23.307692307692307,22.333333333333332,20.692307692307693,21.076923076923077,23.928571428571427
3285.5,5629.8,3077.4,2789.6,2453.5,1195.5,2007.25,1335.0,1352.0,1164.75,2090.0,2793.75
23497.8625,25900.844785714286,24447.183592592595,22127.442925925927,15101.38203846154,7591.524769230769,4209.82716,4399.998192307692,5685.10288,3322.88272,5414.0255,12912.982576923077
19695.515296296293,21748.79429166667,18202.053499999998,17697.759925925926,12013.96768,11088.745038461539,5685.860333333333,5446.380615384615,5083.2,4241.612,5553.365681818182,10710.056
85431.5498888889,131918.44233333334,69552.812,52273.098625,38994.892875,19825.38675,9434.773857142858,7007.513125,25083.1875,37414.29216666667,44523.808142857146,60285.030375
4.785714285714286,5.785714285714286,5.357142857142857,6.0,6.25,7.0,6.076923076923077,7.076923076923077,7.083333333333333,5.0,5.769230769230769,5.928571428571429
8504.384615384615,4956.5,5356.857142857143,4132.928571428572,3432.769230769231,5508.307692307692,4889.615384615385,6731.384615384615,7058.7692307692305,8035.692307692308,9169.0,5124.571428571428
73006.77404166666,75304.50658333334,57492.53399999999,57253.14409090909,44524.17655555556,38928.14371428571,29077.258500000004,27751.052000000003,30788.676450000006,34042.960666666666,38555.90419047619,57245.39794736842
257557.99485185186,211543.67584615387,259863.30896428574,214358.62074074073,146237.11048148148,106964.2151923077,46801.95120833333,42598.77388461539,35096.89353846154,34456.221208333336,51095.478307692305,132004.836
137680.04132142858,101711.58138461538,133742.04038461536,125311.03203703705,100323.95358333334,128482.12107692308,100367.2765652174,94529.0955,87680.18912000001,76494.53241666667,74278.30152380952,67564.25895833333
,,21600.0,,,,,,,,,
436.0,414.42857142857144,370.2857142857143,347.2142857142857,446.38461538461536,450.84615384615387,491.3076923076923,469.0,511.2307692307692,369.0,365.0,395.92857142857144
420522.98555555556,356095.4611111111,297044.96785714285,206282.6285714286,123221.61481481482,53576.21153846154,62107.704000000005,43178.88,55673.58076923077,67809.36222222222,164819.5576923077,243536.49851851852
,1982.0,,,,,818.0,0.0,1451.0,,794.0,0.0
166090.79044444446,175254.69932142858,146447.21525,127604.67653846156,87071.07052000001,47034.67196000001,21389.9146,15862.486576923078,15010.106875,23980.287080000002,36217.45272,77776.64952173913
24197.690464285715,40181.32060714286,32031.60003703704,23058.617888888886,15369.970962962963,8332.192153846154,4070.1909600000004,3527.472307692308,2858.44164,2698.0632400000004,3907.509153846154,14028.801846153847
159.28571428571428,165.78571428571428,127.64285714285714,117.64285714285714,134.53846153846155,125.84615384615384,120.76923076923077,117.53846153846153,118.46153846153847,113.84615384615384,134.84615384615384,154.5
73.0,82.21428571428571,68.07142857142857,68.92857142857143,80.75,80.92307692307692,88.3076923076923,82.0,75.5,66.3076923076923,73.15384615384616,68.64285714285714
9763.395107142858,12679.400392857144,12306.41537037037,9970.850703703703,7608.119888888888,8083.042346153846,9451.893333333333,11861.578153846154,9316.07488,5886.57952,3992.6101153846153,6433.113884615385
60.0,57.142857142857146,25.714285714285715,51.42857142857143,2024.6153846153845,5009.2307692307695,7184.615384615385,5726.153846153846,6307.692307692308,4249.2307692307695,3560.0,508.57142857142856
0.0,0.0,0.0,0.0,0.0,0.0,0.0,0.0,0.0,0.0,0.0,0.0
43978.626500000006,46746.44872727273,47966.4015925926,46200.411772727275,38989.44632,25775.63044,23383.89377272727,20141.27603846154,18513.948640000002,13809.209230769231,19079.797000000002,37750.63788888889
10531.745333333334,13091.031238095238,12658.796550000001,12204.468700000001,8111.87405,11670.600450000002,2409.0194500000002,2691.53285,2592.2802,2056.484,3695.1216842105264,7057.846684210526
12690.0,27810.0,12690.0,10680.0,7000.0,6000.0,13520.0,10040.0,10000.0,5760.0,8560.0,10840.0
33511.01674074074,39815.838285714286,35421.30807407407,33457.02276923077,25866.93425925926,18856.298000000003,13454.08872,15596.460692307692,14935.98992,9983.701384615384,11294.0555,23722.990576923075
5083.0,9810.0,5419.5,2593.0,4183.0,2356.0,,14000.0,2799.0,1629.0,4728.0,3346.0
2473.0,5822.0,3618.0,2877.0,3462.0,1994.5,,5749.0,2099.0,1488.5,2868.5,2387.5
89211.52021428572,150391.5157857143,110333.38655555555,79065.16051851853,53601.07555555556,32574.509615384617,13109.48732,5249.757500000001,4813.64296,12397.667615384617,17114.485423076923,51265.63861538462
33252.28317857143,35352.52667857143,33769.824555555555,29450.41623076923,20943.46585185185,12826.474,7771.45728,8241.92736,6649.096115384616,4930.779846153846,7308.678269230769,16839.02873076923
229.21428571428572,263.42857142857144,202.0,163.5,544.3076923076923,809.4615384615385,746.3076923076923,956.0,1125.8461538461538,889.6153846153846,363.53846153846155,206.57142857142858
6.769230769230769,4.0,5.769230769230769,3.9166666666666665,63.833333333333336,56.0,8.5,58.5,67.08333333333333,3.4166666666666665,6.583333333333333,3.230769230769231
2.0714285714285716,1.8571428571428572,3.142857142857143,3.2142857142857144,186.07692307692307,289.7692307692308,369.15384615384613,416.15384615384613,389.9230769230769,610.8461538461538,582.6153846153846,94.0
98663.10792857142,108616.41742857143,111316.32729629631,77674.27114814815,58972.44700000001,30810.374807692308,11339.8748,7880.9335769230765,7642.66752,13903.0966,19510.75030769231,53316.693384615384
,,,,1335983.0,1399014.0,,1427118.0,1388815.0,794460.0,710490.0,677910.0
521052.7230769231,385089.674074074,374105.2296296296,411994.99615384615,431436.9259259259,438931.9,757693.92,517935.25217391306,624757.876,458053.1038461538,572978.9652173913,432019.5083333333
39158.78092307692,34026.68243478261,36987.289304347825,35252.11274074074,23535.73608695652,17253.005615384616,12461.025500000002,11843.6758,8101.264840000001,7937.876708333333,12728.084227272728,21680.906083333335
21605.517555555558,31384.648214285717,20207.28337037037,20615.08362962963,14433.68337037037,11765.250923076925,9146.36268,8945.727038461539,8206.47296,5424.94304,7009.9088846153845,13388.290192307692
2993.4285714285716,3545.98,2766.5514285714285,3423.81,3623.81,4833.333333333333,3566.6666666666665,4900.0,4633.333333333333,6666.666666666667,6933.333333333333,4714.285714285715
955.3333333333334,978.7,1363.7272727272727,930.4285714285714,862.8181818181819,1043.9,1197.8333333333333,1255.8,910.5,1446.142857142857,713.4,1077.1
55637.99389285714,78446.79085714287,77569.85303703704,59361.64722222223,32604.66874074074,17881.64496153846,6368.47648,3890.8294230769234,4906.254,5770.270653846154,10755.140346153845,28154.19065384615
145.0,266.0,140.0,112.0,,78.0,138.0,146.0,80.0,79.0,190.0,139.0
20.333333333333332,13.5,17.166666666666668,26.833333333333332,132.33333333333334,128.5,124.66666666666667,131.16666666666666,134.66666666666666,111.83333333333333,100.6,20.5
3.2857142857142856,3.0,4.888888888888889,2.1666666666666665,5.166666666666667,4.285714285714286,6.833333333333333,2.0,5.5,0.875,2.6,4.375
1.2142857142857142,1.3571428571428572,1.5,1.5714285714285714,2.0833333333333335,1.3846153846153846,1.6923076923076923,2.3076923076923075,1.75,1.3846153846153846,2.076923076923077,1.5
1750.642857142857,1806.5,1307.2142857142858,1224.642857142857,1580.923076923077,2092.0,2356.923076923077,2086.230769230769,2284.3076923076924,2058.6153846153848,1844.4615384615386,1727.7142857142858
834.7,855.1,644.1818181818181,639.6363636363636,594.0,536.6,547.9,449.6,500.77777777777777,454.0,589.1,605.4
6.357142857142857,5.857142857142857,6.571428571428571,6.428571428571429,6.583333333333333,6.0,6.461538461538462,5.076923076923077,5.0,5.538461538461538,5.769230769230769,6.071428571428571
6433.75,13164.0,5976.0,6572.25,4883.0,5514.666666666667,9545.666666666666,8362.666666666666,6644.75,5759.0,8941.25,6461.75
0.0,0.0,0.0,0.0,12.625,12.333333333333334,7.777777777777778,0.7777777777777778,1.0,0.0,0.0,0.0
1.3333333333333333,2.6666666666666665,1.8571428571428572,3.0,2.6666666666666665,1.7272727272727273,0.4,2.4615384615384617,2.1666666666666665,1.3076923076923077,3.6666666666666665,2.0714285714285716
100.5,107.0,193.0,93.0,102.5,210.0,,430.0,,107.0,108.0,188.0
88439.88935714286,73904.30396296296,78060.5525,59453.11588888889,49001.205230769236,20746.823423076923,11691.881,7656.117499999999,4678.085307692308,6992.82284,22567.56259090909,29594.28768
30206.230214285715,32113.908892857144,30276.863999999998,30298.417076923077,20494.94203703704,14016.405307692308,10928.658000000001,11717.85926923077,10665.42,9060.7022,11024.237560000001,21931.762961538465
39.77777777777778,49.77777777777778,37.55555555555556,39.22222222222222,42.25,40.0,48.55555555555556,48.333333333333336,55.125,38.666666666666664,42.77777777777778,39.333333333333336
1679668.3085999999,1915252.1577777779,1606703.8805357143,1461105.106185185,1024361.0471481482,941680.80236,742761.43552,821102.4480434783,1038321.9065416666,773542.7572499999,886410.1701999999,1400359.3780533334
146217.9271851852,162266.27692857143,100408.5952,161081.97184,58766.0855,26312.73776,12063.391640000002,10533.9472,10886.928130434782,21572.589576923077,30134.788480000003,79971.4995
181970.7882222222,167033.72417857143,181238.59744444446,242848.9237037037,89926.567,60365.085730769235,26372.69472,14373.883423076923,17315.83375,25281.955,38390.41732,76983.34188461538
155357.63999999998,103164.42,113936.0,81410.88,66520.81999999999,196550.98,63033.6,57281.333333333336,50946.666666666664,36644.38333333333,54147.03333333333,84249.58
41.07142857142857,31.571428571428573,23.785714285714285,25.5,2287.3076923076924,5488.538461538462,6731.923076923077,7438.615384615385,8340.538461538461,7811.923076923077,8372.23076923077,2277.1428571428573
652455.062,677977.7328928572,663420.0486071429,497135.86092592595,318625.5885,195583.6788076923,125181.96276000001,108997.47465384615,103676.67938461537,113132.58823076922,198023.16146153846,311800.8761666667
10699.297875,14664.682555555557,14270.894625,12313.727875,6710.872,2787.602,561.388,288.934625,227.20057142857144,447.411,469.935375,32611.412750000003
3196.7272727272725,4574.916666666667,3096.8333333333335,2545.1666666666665,1396.0,1043.7272727272727,1533.3636363636363,1458.1818181818182,1237.2,949.1818181818181,1658.1818181818182,2484.818181818182
0.0,,,,,,,,152.0,180.0,400.0,0.0
34530.955786666666,23855.56167130435,22392.91011833333,10110.183537391304,7588.691587368422,3048.1527866666665,1646.369742857143,2043.076923076923,2679.360154285714,2489.8038666666666,15752.232261666666,26663.80148869565
60030.255535714285,57782.05185185185,38070.57673913043,38544.109576923074,26149.983130434783,14484.492045454546,6873.924041666666,6260.136807692308,6607.3597692307685,9568.25788,16875.50546153846,42339.15675
1414.2857142857142,1405.5,1134.4285714285713,1385.7142857142858,2354.846153846154,2731.5384615384614,3156.153846153846,3183.4615384615386,3680.846153846154,4147.923076923077,5214.7692307692305,2722.6428571428573
4442.857142857143,6508.571428571428,4514.285714285715,5088.571428571428,4710.7692307692305,5046.153846153846,4707.692307692308,3649.230769230769,3664.6153846153848,4698.461538461538,5458.461538461538,4785.714285714285
837.9507,5027.453818181819,2018.8676666666668,1653.464111111111,2055.2192,332.9359,205.24650000000003,51.157799999999995,86.82566666666668,733.3790000000001,93.43769999999999,158.51288888888888
3.769230769230769,4.3076923076923075,4.538461538461538,4.769230769230769,4.916666666666667,5.166666666666667,4.833333333333333,5.083333333333333,5.333333333333333,3.8461538461538463,4.3076923076923075,4.6923076923076925
1060.1304347826087,820.7435897435897,1412.4583333333333,746.2631578947369,900.7608695652174,811.5128205128206,974.5135135135135,1111.2142857142858,896.2222222222222,1052.6666666666667,861.2647058823529,1299.0416666666667
4.642857142857143,5.0,3.7142857142857144,4.357142857142857,5.333333333333333,5.538461538461538,4.769230769230769,4.923076923076923,3.9166666666666665,5.076923076923077,4.615384615384615,4.285714285714286
55.375,78.625,57.0,55.25,65.14285714285714,68.57142857142857,85.42857142857143,76.28571428571429,76.14285714285714,60.0,66.85714285714286,49.0
5.714285714285714,5.571428571428571,6.0,5.5,6.416666666666667,6.615384615384615,6.153846153846154,6.384615384615385,4.916666666666667,5.6923076923076925,4.461538461538462,5.714285714285714
,,,,,,,,4101.96,,,
345362.74017857143,357468.50189285714,317902.0952222222,280469.877,290559.4611111111,208417.71238461538,183346.01784000001,152070.02696153848,158329.358,128819.09615384616,140500.2408846154,261353.4106923077
105619.38178571429,84022.37169571429,70747.38300428572,50657.353224,18728.8112775,14612.615384615385,22120.348214285714,25108.30769230769,22973.254671428575,37819.425555999995,55222.616434,76054.39846814814
1.5714285714285714,2.2857142857142856,1.7857142857142858,1.5714285714285714,1.2307692307692308,1.0,1.7692307692307692,1.8461538461538463,1.8461538461538463,2.5384615384615383,1.8461538461538463,1.4285714285714286
930.75,1275.4,741.4,712.0,650.75,658.0,1053.0,816.0,933.0,846.0,1045.5,943.25
24899.188538461538,38342.48082352941,29826.13076923077,28032.90142857143,17031.149833333333,8952.50025,6452.261545454546,6840.1222307692315,2665.25116,2287.4350416666666,4816.681166666666,15038.542416666665
7443.285714285715,9668.833333333334,8954.666666666666,7050.166666666667,4521.5,3722.3333333333335,3697.3333333333335,4106.5,3843.3333333333335,3216.6666666666665,3839.3333333333335,5706.285714285715
483188.34485185187,649877.8575909091,565180.0026666666,408848.1173913043,305909.14348,126573.51255999999,44567.09320833333,56157.44326923077,49756.445999999996,56724.294346153845,73890.83417391304,182195.12151851854
955.0,1117.3333333333333,723.5,740.3333333333334,760.6,704.0,956.6,740.8,837.2,679.6,874.6,727.2
707.3846153846154,646.1538461538462,551.1428571428571,466.64285714285717,463.53846153846155,431.38461538461536,389.46153846153845,516.6923076923077,490.9230769230769,515.5384615384615,547.6923076923077,681.6428571428571
1867.4615384615386,1798.7777777777778,2944.5714285714284,1571.6666666666667,1999.2307692307693,3549.5454545454545,3455.8888888888887,4899.846153846154,3102.6666666666665,3403.1,2402.0,2389.785714285714
285139.63955555554,347437.1180416667,329882.395,342700.1397619048,241463.81403703705,223271.62532000002,167672.42695,246061.43776,105586.95989999999,163947.355,95033.46772222222,219157.529
155422.62008,192253.87578571428,178457.31907692307,132217.12551851853,118218.89600000001,81596.23546153845,80260.70244,63008.6668,67538.68708,64247.28736,59628.23764000001,91826.67576
27828.704964285716,30663.627642857144,35313.012346153846,30888.1145,36588.425923076924,17548.382153846153,9046.90624,8325.895846153846,8793.46808,5517.625538461538,7441.8134615384615,14682.115925925926
187229.69066037735,194700.15703571428,215062.9426981132,148065.85953703703,158506.19600000003,69874.35415686274,23959.6738,17077.30073076923,18155.487979591835,28836.79086,48555.816215686275,101882.71039622641
123.0,205.5,124.5,140.5,135.0,145.0,274.0,278.0,148.0,139.0,298.0,125.5
1.9285714285714286,3.0,2.5,2.4285714285714284,4.0,2.769230769230769,2.6153846153846154,3.5384615384615383,2.8333333333333335,2.3846153846153846,2.3846153846153846,2.857142857142857
143750.30666666667,212759.13839285713,162947.00703703705,132880.19429629628,81507.84781481483,33760.827153846156,15319.718,10630.581115384615,10559.738291666667,20303.44892,53358.99712,79025.93580769231
236.5,1255.4,2119.2,1242.6,1328.75,1377.25,1670.5,1396.75,1452.0,280.6666666666667,373.6666666666667,246.0
1739.142857142857,2088.8571428571427,1394.2857142857142,1217.7142857142858,1254.3333333333333,1138.5,1315.7142857142858,1287.4285714285713,1502.142857142857,1356.142857142857,1678.4285714285713,1567.0
11444.753363636364,16989.095,17165.137454545456,15281.032571428572,10286.688136363637,8095.317136363637,6656.442,6626.054636363636,5819.768952380952,5832.016736842105,4988.312055555555,8170.696894736842
267429.84632142854,352191.2700370371,346935.97803846153,261683.72926923077,201639.78448148147,109908.64988461538,111233.725,81081.87230769232,93235.1664,72305.00992000001,97030.02473076923,152360.20804
0.0,0.0,0.0,0.0,0.0,0.0,0.0,0.0,1104.5,0.0,0.0,0.0
386.6923076923077,598.0,345.7692307692308,980.375,4233.083333333333,5252.25,6175.444444444444,6181.7692307692305,4689.454545454545,4267.181818181818,5183.875,1768.0
1.5,2.642857142857143,1.2857142857142858,1.9285714285714286,2.9166666666666665,1.4615384615384615,2.1538461538461537,2.6153846153846154,1.5833333333333333,1.2307692307692308,2.230769230769231,1.3571428571428572
87.0,134.2,77.6,202.0,382.0,374.2,441.4,422.0,520.0,430.0,639.4,288.4
31740.02070222222,30751.090725882354,29112.688585454543,20007.62257125,16828.139136551727,13743.27626923077,11310.206559999999,12108.13226923077,12294.60052888889,8806.031962857143,13632.4581875,19484.927278709678
50853.85296428571,47338.33873076923,33016.29095833333,37807.633230769236,23266.7885,22849.886958333333,12991.302304347826,14206.96588,11805.105423076922,10888.542434782608,15991.57244,29860.831428571426
95444.64470370371,100056.42885714285,80965.5942962963,63093.68540740741,39547.647740740744,24801.36116,11392.5136,5895.791653846154,5887.863240000001,12157.599541666668,21747.57912,42586.46830769231
316470.3474724138,377003.4714814815,240697.70516,365489.6724642857,207162.92574074076,196650.86687857145,84539.8365,35891.15325925926,25659.67537037037,26572.641333333333,78165.93837037038,219799.6266607143
52828.07203703704,37695.9221923077,18311.924739130434,17172.225115384615,8283.9512,6654.087173913043,2535.6528095238095,1738.7928,1887.2223333333334,3381.2615217391303,5957.841125,17683.454304347826
78637.91692307693,81106.74750000001,88149.5,58131.33928571428,25123.69259259259,8112.073076923077,7058.164000000001,5494.704000000001,5692.076923076923,17451.173076923078,51119.980769230766,67101.9137037037
2.4285714285714284,2.4285714285714284,1.7142857142857142,1.2857142857142858,2.5833333333333335,1.7692307692307692,2.923076923076923,1.7692307692307692,2.1666666666666665,2.230769230769231,2.230769230769231,1.3571428571428572
3.142857142857143,4.714285714285714,4.142857142857143,3.357142857142857,4.583333333333333,4.461538461538462,3.3846153846153846,5.538461538461538,4.333333333333333,4.153846153846154,3.8461538461538463,4.285714285714286
38383.35692592593,52879.53828571428,49390.30803703704,34320.5847037037,23846.701,13434.848153846155,5394.83628,2809.3565,2927.472,5027.14364,8194.498440000001,19227.045461538462
35844.36832142858,49234.098071428576,46678.44292592593,41690.30659259259,27757.515814814815,18333.77626923077,12950.49756,13652.875038461538,12111.26044,8454.79652,11857.967269230769,23281.294769230768
107941.45454545454,99465.3,95878.27272727272,76207.18181818182,85339.0,55911.0,63492.2,65054.0,274460.89,98099.0,112317.2,112578.5
68768.46848148148,93814.07478571429,78004.90338461539,83403.44377777778,67857.07115384616,39093.1745,25587.93304,22093.946269230768,21488.262695652174,14967.163538461538,20834.80504,36440.24684615385
1160.2827586206897,1122.560606060606,1211.7733333333333,915.704,937.1527777777778,991.1538461538462,1071.0583333333334,1164.4565217391305,977.3879310344828,1035.952,928.4324324324324,1197.02
1257.3719851576996,1280.3921296296296,1054.124537037037,931.6055555555556,905.9525,850.0776892430279,900.2395209580839,850.7854291417166,960.681,972.0367793240557,1117.4324055666004,1178.0
1490.9512195121952,1565.404761904762,1229.7380952380952,1118.4285714285713,1024.878048780488,1154.9268292682927,1203.3947368421052,1181.8048780487804,1195.0975609756097,1120.1951219512196,1241.5121951219512,1317.090909090909
1126.1062355658198,1115.4820393974508,921.0150289017341,836.9086705202312,843.0794044665013,784.9605459057071,826.3769712140174,778.6516129032258,858.8027329192546,811.8577447335811,972.5319949811794,1080.6050808314087
1668.9761904761904,1666.654761904762,1341.25,1230.8333333333333,1236.4871794871794,1127.4615384615386,1273.1410256410256,1196.423076923077,1362.4871794871794,1364.051282051282,1504.0128205128206,1526.75
181.85714285714286,198.0,167.21428571428572,176.64285714285714,189.15384615384616,192.76923076923077,223.30769230769232,204.69230769230768,206.76923076923077,181.84615384615384,182.92307692307693,170.35714285714286
956.952380952381,934.047619047619,846.6190476190476,682.0,661.7,604.578947368421,637.7894736842105,598.7368421052631,672.0526315789474,670.7894736842105,729.2105263157895,852.2380952380952
1194.904761904762,1172.952380952381,949.2380952380952,891.2857142857143,837.8421052631579,838.7894736842105,903.2631578947369,856.9473684210526,1018.4736842105264,981.0,1101.6842105263158,1116.3333333333333
1352.1764705882354,1418.264705882353,1101.0588235294117,1003.4411764705883,1016.7096774193549,940.4516129032259,942.125,893.28125,1046.15625,1007.46875,1269.875,1371.6176470588234
372.0,598.6,360.0,373.2,361.5,460.4,587.4,523.2,541.8,348.8,465.2,379.0
1.2857142857142858,1.4285714285714286,1.0714285714285714,1.9285714285714286,1.0,1.2307692307692308,1.5384615384615385,1.2307692307692308,1.6666666666666667,1.2307692307692308,1.9230769230769231,1.4285714285714286
1359.8695652173913,1473.4782608695652,1224.0879120879122,1011.945054945055,984.564705882353,983.4,1030.4117647058824,981.8470588235294,1188.870588235294,1150.2235294117647,1264.070588235294,1271.2173913043478
1018.7142857142857,1151.4285714285713,968.0,966.9285714285714,980.0,1012.4285714285714,1255.5384615384614,1035.642857142857,1082.357142857143,906.3571428571429,965.5,888.8
1202.2380952380952,821.2142857142857,716.6666666666666,630.8333333333334,694.4358974358975,585.6410256410256,620.5641025641025,611.3333333333334,729.0769230769231,741.7948717948718,842.6666666666666,1104.642857142857
1499.7142857142858,1605.5714285714287,1255.5714285714287,1091.5714285714287,884.6923076923077,974.2307692307693,1054.3076923076924,888.4615384615385,1201.7692307692307,1247.3846153846155,1310.2307692307693,1313.857142857143
115.57142857142857,125.85714285714286,106.92857142857143,110.35714285714286,123.92307692307692,125.0,142.0,127.07692307692308,130.46153846153845,113.61538461538461,124.07692307692308,118.85714285714286
204.28571428571428,204.14285714285714,196.71428571428572,185.42857142857142,217.84615384615384,225.84615384615384,238.30769230769232,214.69230769230768,231.69230769230768,206.3846153846154,218.76923076923077,201.71428571428572
1151.5579196217493,1169.7801418439717,930.338061465721,816.2151300236407,844.3657289002557,792.9618320610687,829.3137755102041,770.8880407124682,863.4307692307692,786.7780612244898,975.9744245524297,1072.8439716312057
925.4621848739496,1398.420320855615,831.3169968717414,682.3225806451613,714.1045606229144,679.1038812785388,773.9179190751445,720.7075365579302,758.1039260969977,769.2706422018349,826.3481308411215,916.7104166666667
1391.8357142857142,1332.3214285714287,1048.2142857142858,942.0714285714286,893.7692307692307,827.0615384615385,949.2153846153847,942.7692307692307,1010.1538461538462,997.6923076923077,1216.2153846153847,1207.5428571428572
2165.4142857142856,2327.1490384615386,2047.4492753623188,1678.1809523809525,1460.7474226804125,1222.7305699481865,1223.2694300518135,1177.2113402061855,1179.6512820512821,1158.5721649484535,1664.078125,2040.7464114832535
1523.5,1462.5,1139.0,954.6153846153846,908.84,873.72,899.28,888.48,985.92,1067.7916666666667,1280.8333333333333,1421.5384615384614
3133.4285714285716,3191.4285714285716,2961.0,2726.785714285714,2668.230769230769,2902.846153846154,2835.5384615384614,2622.6153846153848,2574.6153846153848,2550.3076923076924,2716.076923076923,3044.4285714285716
3940.3571428571427,4708.5,3463.6428571428573,3148.8571428571427,2998.4615384615386,2506.923076923077,2932.076923076923,2802.3076923076924,3244.076923076923,3117.3076923076924,3812.769230769231,4606.857142857143
1374.0357142857142,1165.8214285714287,936.0714285714286,784.4642857142857,747.6551724137931,683.448275862069,731.4230769230769,658.6896551724138,747.3103448275862,738.1379310344828,920.7586206896551,1098.2903225806451
120.35714285714286,134.64285714285714,119.92857142857143,120.07142857142857,136.3846153846154,133.3846153846154,146.6153846153846,126.91666666666667,135.3846153846154,116.23076923076923,125.38461538461539,116.71428571428571
1706.2142857142858,1843.0714285714287,1496.0,1259.0714285714287,1299.8461538461538,1196.6923076923076,1155.5384615384614,1086.6923076923076,1231.0,1259.6923076923076,1463.5384615384614,1668.2857142857142
909.0,925.0,717.6428571428571,978.0714285714286,609.1538461538462,644.3846153846154,581.6923076923077,558.7307692307693,653.7307692307693,576.4615384615385,711.0,811.0
638.2857142857143,701.9761904761905,559.0952380952381,482.4047619047619,496.05,498.575,519.2564102564103,467.25,522.975,479.875,576.2,616.4883720930233
216.21428571428572,249.0,206.64285714285714,205.35714285714286,206.42857142857142,212.92857142857142,255.23076923076923,208.14285714285714,219.5,176.21428571428572,203.28571428571428,194.33333333333334
915.4285714285714,948.0952380952381,950.5952380952381,692.2142857142857,644.825,556.975,608.6666666666666,641.075,761.65,676.075,742.725,851.5813953488372
922.5816326530612,901.0510204081633,730.0102040816327,641.8571428571429,561.6813186813187,544.8021978021978,607.3516483516484,555.7582417582418,629.4725274725274,589.945054945055,678.2747252747253,882.1122448979592
1000.8714285714286,952.9565217391304,822.0,777.6428571428571,762.5076923076923,775.2153846153847,860.6615384615385,797.9538461538461,908.4,868.4769230769231,912.0769230769231,960.8571428571429
700.8571428571429,716.9642857142857,572.5714285714286,526.6071428571429,480.51851851851853,442.7037037037037,510.46153846153845,447.4074074074074,527.5555555555555,534.1111111111111,609.2962962962963,626.1034482758621
1045.5953691275167,1063.523042505593,849.5409395973154,793.0666666666666,777.8429951690821,750.6105769230769,806.4495192307693,773.0985576923077,874.6343825665859,853.3566265060241,941.5201207729469,986.4459284116332
19.142857142857142,16.071428571428573,15.571428571428571,13.785714285714286,13.0,13.307692307692308,11.846153846153847,12.307692307692308,15.538461538461538,16.76923076923077,9.615384615384615,17.928571428571427
275.5,281.32142857142856,236.46428571428572,243.10714285714286,252.80769230769232,264.15384615384613,290.1923076923077,264.5,274.2307692307692,242.69230769230768,247.30769230769232,254.28571428571428
3586.714285714286,3813.6428571428573,2700.714285714286,2520.214285714286,2397.4615384615386,2429.3076923076924,2681.0,2667.3846153846152,3113.0,2869.4615384615386,3421.076923076923,3226.9285714285716
846.5238095238095,845.3333333333334,796.3333333333334,657.8095238095239,685.9736842105264,629.8461538461538,612.8974358974359,625.4871794871794,704.1315789473684,635.4615384615385,709.0,754.1190476190476
1393.7142857142858,1535.7142857142858,1246.9285714285713,1122.857142857143,1115.6153846153845,1120.8461538461538,1168.7692307692307,1157.0,1214.076923076923,1218.076923076923,1458.076923076923,1472.5714285714287
7232.80328,9107.463240000001,7436.09275,7580.801916666667,5126.403833333333,3195.760391304348,3806.329909090909,3103.620086956522,2663.584714285714,2565.3187272727273,4297.902681818182,10540.265958333333
56.142857142857146,66.85714285714286,51.07142857142857,57.714285714285715,59.833333333333336,59.61538461538461,74.0,72.0,74.84615384615384,61.03846153846154,80.45833333333333,68.71428571428571
839.3870967741935,1057.78125,677.84375,751.2413793103449,866.0645161290323,798.6,943.6428571428571,833.4,856.9642857142857,831.9642857142857,966.2857142857143,857.34375
1662.0357142857142,2070.214285714286,1430.892857142857,1399.2857142857142,1252.423076923077,1330.4615384615386,1581.96,1581.8,1713.576923076923,1577.9615384615386,1762.0416666666667,1947.1785714285713
1621.057142857143,1492.2857142857142,1229.5785714285714,1078.0214285714285,1005.8,950.4769230769231,1060.046875,1026.0461538461539,1162.5846153846153,1072.8923076923077,1265.6507936507937,1560.8428571428572
1180.7142857142858,1161.7142857142858,968.6428571428571,786.3571428571429,822.5714285714286,751.8571428571429,715.3846153846154,782.2857142857143,885.6428571428571,863.1428571428571,954.4285714285714,1019.4666666666667
150.28571428571428,190.35714285714286,149.21428571428572,143.78571428571428,151.92307692307693,160.3846153846154,185.69230769230768,165.76923076923077,167.6153846153846,146.69230769230768,160.53846153846155,146.5
369.6736842105263,364.72340425531917,322.0,279.48936170212767,275.3258426966292,278.8068181818182,257.04761904761904,263.7977528089888,270.5287356321839,277.39325842696627,299.3255813953488,349.2
1131.485257201646,1112.524943240454,935.0027582644628,754.7840909090909,644.0221975582685,618.0726164079823,632.5005707762557,617.9512195121952,663.5864745011087,695.7169811320755,750.4158192090396,967.727366255144
1082.7087378640776,1132.6893203883494,873.242718446602,825.6407766990292,806.4583333333334,779.40625,836.7395833333334,793.28125,885.0729166666666,864.1368421052632,1026.763440860215,1098.7281553398059
1664.3785714285714,1731.4807142857142,1446.2857142857142,1160.857142857143,1283.8461538461538,1194.6153846153845,1248.2307692307693,1230.3076923076924,1248.076923076923,1302.0,1497.3846153846155,1549.2357142857143
19881.85714285714,19745.785714285714,16421.785714285714,15017.642857142857,14840.153846153846,13859.615384615385,13760.0,13541.307692307691,15680.76923076923,15357.461538461539,18749.46153846154,19701.928571428572
252.07142857142858,294.0,241.0,217.78571428571428,237.07692307692307,249.30769230769232,282.0,263.0769230769231,268.2307692307692,217.3846153846154,235.53846153846155,233.64285714285714
903.7755102040817,927.4897959183673,771.704081632653,710.2551020408164,701.8351648351648,680.3186813186813,694.032967032967,654.7802197802198,747.5494505494505,695.9010989010989,886.6153846153846,880.6632653061224
82.11111111111111,97.0,80.33333333333333,88.5,98.75,103.5,122.5625,112.47058823529412,120.41176470588235,87.82352941176471,85.44444444444444,75.42105263157895
1794.5,1798.857142857143,1521.5714285714287,1330.0,1220.6153846153845,1144.4615384615386,1164.8461538461538,1218.4615384615386,1290.0,1290.2307692307693,1506.4615384615386,1619.7142857142858
1506.2857142857142,1596.5714285714287,1242.0,1167.4285714285713,1043.5,960.0,1035.6153846153845,936.2142857142857,1062.4285714285713,995.1428571428571,1254.4285714285713,1361.0666666666666
150.92857142857142,172.57142857142858,144.14285714285714,144.71428571428572,156.23076923076923,161.15384615384616,176.53846153846155,161.15384615384616,170.53846153846155,138.76923076923077,160.07692307692307,149.28571428571428
781.7366071428571,793.3348214285714,651.5714285714286,594.2633928571429,593.0240384615385,561.0096153846154,627.4230769230769,569.9711538461538,664.5913461538462,612.5576923076923,702.4663461538462,748.4107142857143
1169.2142857142858,1142.7857142857142,988.8571428571429,873.1428571428571,847.7692307692307,791.3846153846154,694.9230769230769,684.6153846153846,799.9230769230769,779.3846153846154,960.0769230769231,1118.7142857142858
1829.0714285714287,1841.7857142857142,1547.4285714285713,1367.9285714285713,1420.2307692307693,1312.1538461538462,1156.8461538461538,1111.6923076923076,1298.076923076923,1222.923076923077,1568.6923076923076,1745.0
1101.0,1111.5714285714287,946.5714285714286,840.6428571428571,809.6923076923077,742.3076923076923,648.3076923076923,620.0,727.9230769230769,725.6153846153846,917.9230769230769,1068.2857142857142
1305.3775510204082,1340.0816326530612,1039.3852040816328,913.7627551020408,882.5247252747253,837.0412087912088,893.5686813186813,883.6565934065934,976.2637362637363,979.967032967033,1150.1538461538462,1219.2908163265306
3.7857142857142856,1.5714285714285714,3.142857142857143,1.5714285714285714,16.46153846153846,14.214285714285714,4.230769230769231,14.0,16.692307692307693,1.5714285714285714,3.2142857142857144,1.1333333333333333
1887.857142857143,1797.4285714285713,1466.0714285714287,1341.0714285714287,1219.5384615384614,1194.3846153846155,1271.3846153846155,1264.923076923077,1545.8461538461538,1516.923076923077,1700.4615384615386,1778.642857142857
1501.5,1453.2142857142858,1231.857142857143,1147.642857142857,1164.8461538461538,1222.5384615384614,1215.0,1205.7692307692307,1363.8461538461538,1172.6153846153845,1309.6923076923076,1460.0714285714287
693.0714285714286,647.8571428571429,621.3571428571429,562.8571428571429,573.2307692307693,492.84615384615387,507.46153846153845,500.38461538461536,579.7692307692307,595.0,680.8461538461538,693.4285714285714
165.92857142857142,162.78571428571428,136.42857142857142,114.85714285714286,99.76923076923077,94.23076923076923,99.07692307692308,99.38461538461539,111.76923076923077,115.07692307692308,141.30769230769232,154.5
386.53061224489795,381.1136363636364,437.6730769230769,328.1190476190476,323.26,347.64285714285717,386.1,419.5869565217391,355.8421052631579,382.35714285714283,355.8918918918919,412.84313725490193
1213.5735294117646,1188.6190476190477,1313.5972222222222,973.1875,1004.2878787878788,959.8688524590164,1252.9344262295083,1107.1969696969697,1170.295081967213,1143.3174603174602,1193.0877192982457,1416.9295774647887
178.75,282.0,178.5,170.75,159.66666666666666,165.66666666666666,338.6666666666667,213.25,215.75,178.5,217.25,179.25
1.0,0.0,0.5,0.0,0.0,0.0,0.0,0.0,0.0,0.0,0.0,0.0
590.8333333333334,431.4130434782609,827.0178571428571,437.25,578.4464285714286,439.1041666666667,675.7954545454545,626.2777777777778,557.0,574.0625,386.25,735.4655172413793
405.92857142857144,443.85714285714283,380.14285714285717,376.2857142857143,368.53846153846155,378.9230769230769,478.2307692307692,398.53846153846155,417.38461538461536,377.46153846153845,398.15384615384613,377.7857142857143
729.469387755102,731.1428571428571,618.4591836734694,566.8061224489796,548.8260869565217,590.5326086956521,577.8021978021978,550.7826086956521,598.3152173913044,574.4021739130435,638.304347826087,675.7272727272727
1048.1904761904761,1086.595238095238,892.3571428571429,798.1904761904761,838.475,917.675,794.7777777777778,742.225,732.975,726.075,821.6842105263158,968.3953488372093
431.23809523809524,414.6666666666667,345.1666666666667,305.54761904761904,320.87179487179486,322.84615384615387,334.0,311.20512820512823,339.02564102564105,322.05128205128204,400.44736842105266,428.42857142857144
630.64,681.7368421052631,1003.7857142857143,677.4347826086956,846.16,687.0434782608696,667.7916666666666,561.7692307692307,526.6923076923077,532.2307692307693,578.0,769.1785714285714
,,,,347.0,305.0,,273.0,281.0,0.0,0.0,0.0
59.0,75.42857142857143,48.5,29.285714285714285,12.23076923076923,6.0,7.153846153846154,6.461538461538462,6.6923076923076925,5.846153846153846,13.461538461538462,34.357142857142854
7.357142857142857,9.428571428571429,7.071428571428571,7.071428571428571,6.076923076923077,8.76923076923077,17.0,17.0,16.76923076923077,7.769230769230769,8.0,7.214285714285714
221.46153846153845,244.0,391.07142857142856,226.5,272.85714285714283,341.7,313.0,452.15384615384613,254.42857142857142,338.5,229.5,299.2857142857143
943.5393258426966,881.104938271605,1013.1263736263736,741.7875,771.9885057471264,708.3248407643312,838.5666666666667,904.2848484848485,821.54,886.108280254777,867.75,988.2983425414365
3547.025,2965.294117647059,4806.880952380952,2701.9375,2991.512195121951,2946.9411764705883,3258.6129032258063,3802.891891891892,3152.3870967741937,3452.4242424242425,3114.206896551724,4261.380952380952
1116.875,1132.5714285714287,878.0178571428571,821.25,801.7307692307693,735.2115384615385,876.1923076923077,825.8076923076923,902.3461538461538,880.4615384615385,992.6923076923077,1029.982142857143
,,,,681.0,602.0,,615.0,668.0,0.0,0.0,0.0
,,,,380.0,343.0,,347.0,389.0,0.0,0.0,0.0
109.78571428571429,127.64285714285714,104.07142857142857,107.35714285714286,149.78571428571428,149.35714285714286,133.15384615384616,159.14285714285714,161.14285714285714,96.42857142857143,105.35714285714286,94.66666666666667
263.42857142857144,292.5,243.35714285714286,246.64285714285714,273.9230769230769,270.38461538461536,310.7692307692308,284.6923076923077,294.46153846153845,250.0,260.2307692307692,242.78571428571428
1973.095238095238,2037.0238095238096,1407.2619047619048,1323.0238095238096,1364.55,1340.4615384615386,1627.1538461538462,1589.179487179487,1586.076923076923,1444.5897435897436,1802.7777777777778,2269.1666666666665
1459.304347826087,1492.076923076923,1277.1714285714286,1115.90625,1034.3880597014925,1049.3809523809523,1087.3870967741937,1097.6363636363637,1135.1967213114754,1219.9375,1286.5254237288136,1373.5277777777778
1774.357142857143,1394.2142857142858,1380.2857142857142,1248.857142857143,1267.1538461538462,1354.3076923076924,1301.1538461538462,1272.8461538461538,1391.2307692307693,1493.8461538461538,1464.3846153846155,1610.4285714285713
866.2307692307693,730.4545454545455,1252.1785714285713,699.0526315789474,772.5,753.1739130434783,951.3333333333334,1189.125,851.1176470588235,1078.1,800.1875,1045.357142857143
2732.230769230769,2242.9,3734.0,1955.888888888889,2119.0,2299.9,2772.777777777778,3697.6666666666665,2403.8888888888887,3087.0,2501.625,3260.6428571428573
1197.5339366515836,1143.1915887850466,1106.361607142857,927.7042253521126,936.5144230769231,873.3448275862069,906.8844221105528,920.1586538461538,981.65,990.42,1079.4432989690722,1205.2901785714287
,,,,340.0,340.0,,313.0,303.5,0.0,0.0,0.0
1985.8617021276596,1871.6236559139784,1551.1827956989248,1421.0851063829787,1281.0227272727273,1144.659090909091,1300.16091954023,1237.551724137931,1724.3977272727273,1947.6666666666667,2500.435294117647,1917.8152173913043
1286.6024096385543,994.5277777777778,1584.2528735632184,724.0,878.8048780487804,865.5068493150685,1039.3636363636363,1186.4938271604938,943.5757575757576,996.9714285714285,775.3793103448276,1552.4137931034484
57.0,71.25,47.44444444444444,54.44444444444444,56.125,58.125,83.0,69.25,68.125,57.125,61.125,53.375
2812.3636363636365,4119.083333333333,2507.6666666666665,2494.5,2360.7272727272725,2044.909090909091,2437.6363636363635,2619.2727272727275,2362.7,1686.3636363636363,2189.2727272727275,2542.818181818182
1331.4435857805256,1357.7928902627511,1130.5038639876352,985.5092879256966,965.4373956594324,916.9816360601002,936.7653910149751,914.8352745424293,1045.5716666666667,1039.7996661101836,1187.8816666666667,1268.451313755796
581.4761904761905,601.9047619047619,528.8095238095239,442.54761904761904,412.9230769230769,396.3333333333333,441.61538461538464,383.20512820512823,454.88461538461536,444.21794871794873,504.46153846153845,563.0
1113.2857142857142,1185.2214285714285,948.9928571428571,898.65,839.8692307692307,757.1692307692308,845.7307692307693,812.5615384615385,915.5384615384615,896.8666153846154,1102.4743076923078,1158.0047142857143
5.928571428571429,6.785714285714286,5.357142857142857,4.571428571428571,5.25,3.769230769230769,7.923076923076923,4.3076923076923075,6.916666666666667,3.4615384615384617,6.384615384615385,4.857142857142857
891.547619047619,909.7142857142857,761.3809523809524,672.6190476190476,623.2307692307693,589.6923076923077,601.6666666666666,602.8717948717949,688.3333333333334,705.7179487179487,785.8974358974359,819.0238095238095
944.0,928.8571428571429,758.5,659.6785714285714,677.6923076923077,676.0,747.2307692307693,751.5,768.6153846153846,738.6153846153846,828.1538461538462,859.8928571428571
128.92857142857142,149.42857142857142,123.42857142857143,113.42857142857143,127.0,133.92307692307693,144.92307692307693,137.53846153846155,142.84615384615384,109.46153846153847,123.23076923076923,134.0
,,,,209.0,198.0,,195.0,198.0,0.0,0.0,0.0
1718.642857142857,1874.2857142857142,1456.7142857142858,1299.2142857142858,1151.6923076923076,1091.076923076923,1137.076923076923,1025.3076923076924,1153.923076923077,1229.076923076923,1428.2307692307693,1578.0
758.6428571428571,741.3571428571429,629.3571428571429,549.7142857142857,546.4285714285714,511.35714285714283,511.38461538461536,509.7857142857143,560.7142857142857,576.7142857142857,682.3571428571429,758.8
1386.142857142857,1351.0714285714287,1130.7142857142858,965.5,949.0769230769231,867.0,911.3846153846154,920.9230769230769,1060.7692307692307,1122.0,1264.3076923076924,1345.2142857142858
910.3928571428571,882.2857142857143,669.6666666666666,741.2222222222222,673.0384615384615,573.1153846153846,690.04,552.3269230769231,708.25,633.8846153846154,855.0833333333334,948.3928571428571
483.42857142857144,460.2142857142857,388.35714285714283,330.35714285714283,323.84615384615387,265.38461538461536,278.84615384615387,283.15384615384613,327.7692307692308,342.2307692307692,383.38461538461536,435.7857142857143
396.39285714285717,418.30434782608694,490.2857142857143,405.3333333333333,485.9230769230769,408.3478260869565,580.5416666666666,442.38461538461536,484.28,413.2,370.77272727272725,498.25
1422.08,1804.5882352941176,1724.857142857143,1265.590909090909,1275.7619047619048,1376.6818181818182,1547.3636363636363,1168.3461538461538,1194.68,1135.1153846153845,1534.5555555555557,1561.3214285714287
269.5,516.2142857142857,164.0,302.92857142857144,1143.7692307692307,2769.846153846154,3554.6923076923076,3128.230769230769,2674.076923076923,2356.5384615384614,2111.5,1130.75
544.0,695.7083333333334,438.60714285714283,494.2173913043478,384.037037037037,477.5217391304348,572.9545454545455,498.08,639.5909090909091,498.2608695652174,610.2857142857143,487.82142857142856
296.3095238095238,266.07894736842104,404.57142857142856,248.59459459459458,313.25,264.4594594594595,354.97222222222223,363.12820512820514,310.57142857142856,316.64864864864865,281.94117647058823,362.93023255813955
412.16,429.24,340.44,315.92,310.8695652173913,297.5217391304348,328.7916666666667,309.0416666666667,360.30434782608694,328.5833333333333,369.875,384.32
168066.2313872549,189051.3840591133,156874.88840865385,163168.2568259596,164873.43731958763,208724.01701058203,164032.5125136612,132158.94117708332,194590.83564130435,164385.3963387097,171838.31603351954,173363.70486893205
60.07142857142857,60.214285714285715,55.57142857142857,55.642857142857146,61.46153846153846,60.30769230769231,61.30769230769231,57.69230769230769,59.0,52.69230769230769,55.38461538461539,51.285714285714285
345.9512195121951,386.4864864864865,336.9761904761905,307.8421052631579,286.2105263157895,307.02777777777777,332.0857142857143,333.4871794871795,311.47058823529414,304.0833333333333,359.48387096774195,365.07142857142856
2322.9285714285716,2124.785714285714,1760.642857142857,1625.642857142857,1559.5384615384614,1482.7692307692307,1573.2307692307693,1536.3076923076924,1785.2307692307693,1851.4615384615386,1966.8461538461538,2177.9285714285716
102.6923076923077,109.22222222222223,191.92857142857142,109.77777777777777,131.07692307692307,159.1818181818182,154.55555555555554,229.76923076923077,139.25,154.6,118.66666666666667,153.07142857142858
1284.2439024390244,1346.6875,1328.642857142857,955.7647058823529,910.5897435897435,858.8285714285714,1037.4848484848485,955.4871794871794,1038.65625,996.9428571428572,1149.2222222222222,1438.1190476190477
1783.1964285714287,1869.982142857143,1531.607142857143,1405.0892857142858,1506.2115384615386,1445.923076923077,1332.686274509804,1413.326923076923,1430.1923076923076,1466.4423076923076,1606.0,1786.767857142857
1286.4928571428572,1171.1285714285714,958.8428571428572,876.5714285714286,819.3923076923077,779.8384615384615,857.0692307692308,806.1384615384616,923.0846153846154,917.1,1015.8076923076923,1164.4071428571428
118.5,127.57142857142857,107.21428571428571,112.07142857142857,116.76923076923077,120.92307692307692,139.76923076923077,126.3076923076923,131.53846153846155,113.76923076923077,115.0,111.5
2568.285714285714,2567.3571428571427,1962.892857142857,1775.5714285714287,1739.1153846153845,1597.1153846153845,1723.923076923077,1652.6538461538462,1950.0,1884.4615384615386,2246.730769230769,2398.5
124.07142857142857,134.32142857142858,115.28571428571429,117.96428571428571,125.42307692307692,130.30769230769232,153.30769230769232,137.15384615384616,145.53846153846155,120.3076923076923,121.3076923076923,116.25
,,,,,,,,,,,
2256.5714285714284,2257.214285714286,1930.9285714285713,1641.0714285714287,1623.4615384615386,1489.8461538461538,1368.3846153846155,1911.3076923076924,1809.7692307692307,1698.5384615384614,2094.923076923077,2098.5714285714284
1264.175,1275.75,1558.0833333333333,997.78125,1052.5365853658536,1057.7727272727273,1191.483870967742,1370.6486486486488,1156.0819672131147,1335.1363636363637,1210.8793103448277,1391.654761904762
1338.2142857142858,1473.357142857143,1157.7142857142858,1030.2142857142858,937.2307692307693,893.6153846153846,977.9230769230769,903.5384615384615,1046.3076923076924,1123.3846153846155,1312.7692307692307,1317.9285714285713
746.7142857142857,823.9285714285714,647.3571428571429,568.0,541.6923076923077,515.4615384615385,538.6153846153846,530.6153846153846,606.4615384615385,609.0769230769231,699.1538461538462,735.4285714285714
2279.5714285714284,2282.4285714285716,1877.2142857142858,1641.5714285714287,1633.6153846153845,1596.923076923077,1611.7692307692307,1573.3846153846155,1760.076923076923,1833.923076923077,2148.3076923076924,2256.0714285714284
800.0,806.2857142857143,672.9285714285714,618.7142857142857,568.8461538461538,519.9230769230769,541.0769230769231,483.84615384615387,562.2307692307693,591.2307692307693,664.3846153846154,757.2142857142857
1108.857142857143,1124.857142857143,932.3571428571429,796.0,808.0769230769231,663.7692307692307,659.7692307692307,650.3846153846154,779.2307692307693,852.3846153846154,960.8461538461538,1048.142857142857
2569.8125,3569.733333333333,2791.9333333333334,2744.4666666666667,3191.785714285714,3421.785714285714,4034.3333333333335,3984.133333333333,3235.133333333333,2272.5333333333333,2917.733333333333,2417.125
257.07142857142856,304.5,253.35714285714286,245.64285714285714,256.2307692307692,261.46153846153845,320.2307692307692,273.0769230769231,297.7692307692308,263.84615384615387,281.53846153846155,244.21428571428572
740.0,734.0714285714286,706.0714285714286,670.0714285714286,631.5384615384615,451.7692307692308,382.0769230769231,400.84615384615387,463.3076923076923,545.1538461538462,628.3846153846154,693.9285714285714
2389.535714285714,2307.964285714286,1797.4285714285713,1706.9642857142858,1744.923076923077,1738.423076923077,1880.7307692307693,1642.423076923077,1878.576923076923,1846.4615384615386,2102.769230769231,2146.8214285714284
1118.4197860962568,1092.132707774799,915.5804289544236,883.9358288770053,814.8414985590778,835.1752873563219,884.4524495677233,848.0259365994236,955.1387283236994,968.1420289855073,1024.2761627906978,1093.2058823529412
190.42857142857142,180.14285714285714,186.0,180.71428571428572,192.0,194.71428571428572,191.71428571428572,186.0,197.14285714285714,183.83333333333334,188.5,189.85714285714286
0.0,0.0,0.0,0.0,0.0,0.0,0.0,0.0,0.0,0.0,0.0,0.0
1994.7446808510638,2162.3714285714286,2444.8545454545456,1667.583409090909,1739.5580434782607,1457.7425,1880.6888888888889,1507.3846153846155,1781.938775510204,1727.3725490196077,2161.5405405405404,2542.327272727273
115.6,94.66666666666667,231.83333333333334,108.25,242.66666666666666,147.4,245.2,138.0,177.5,119.33333333333333,99.66666666666667,189.33333333333334
1073.7222222222222,1304.0430107526881,1321.3809523809523,902.3863636363636,1029.060606060606,777.810606060606,1007.8712121212121,847.5512820512821,897.0,873.0512820512821,1167.4285714285713,1268.970238095238
1423.1666666666667,1400.125,1920.0,1049.090909090909,1368.090909090909,1004.7272727272727,1212.7272727272727,1167.1538461538462,1260.7692307692307,1196.4615384615386,1543.4444444444443,1831.4285714285713
3069.9166666666665,3724.375,3584.3571428571427,2501.7272727272725,2572.6363636363635,1994.7272727272727,2591.3636363636365,2286.769230769231,2561.076923076923,2551.4615384615386,3355.0,3807.0714285714284
235.91666666666666,152.04166666666666,127.79166666666667,129.95833333333334,138.36363636363637,149.04347826086956,173.47826086956522,150.6086956521739,163.0909090909091,133.43478260869566,139.1304347826087,131.33333333333334
138.23684210526315,151.43589743589743,127.92307692307692,136.0,138.44444444444446,143.19444444444446,165.52777777777777,149.05555555555554,156.85714285714286,133.38888888888889,135.51351351351352,129.60526315789474
199.5,215.14285714285714,178.14285714285714,170.28571428571428,175.84615384615384,180.0,212.23076923076923,189.07692307692307,201.92307692307693,174.92307692307693,194.23076923076923,185.85714285714286
182.14285714285714,194.64285714285714,169.64285714285714,178.57142857142858,183.6153846153846,194.92307692307693,215.30769230769232,198.84615384615384,211.92307692307693,180.69230769230768,186.3846153846154,172.28571428571428
1358.1645161290323,1368.4244372990354,1149.0064516129032,1055.1575562700964,1035.59169550173,1011.9204152249135,1045.1764705882354,1020.1903114186852,1105.21875,1069.5572916666667,1192.5225694444443,1257.5774193548386
35.142857142857146,36.142857142857146,31.642857142857142,25.642857142857142,22.923076923076923,23.307692307692307,19.23076923076923,12.923076923076923,15.076923076923077,7.076923076923077,7.230769230769231,28.857142857142858
178.92857142857142,206.42857142857142,174.07142857142858,167.42857142857142,190.0,192.92307692307693,216.3846153846154,201.0,205.92307692307693,174.69230769230768,184.07692307692307,176.78571428571428
174.5,202.42857142857142,159.42857142857142,170.16666666666666,176.7948717948718,172.53846153846155,211.82051282051282,186.5897435897436,192.66666666666666,162.05128205128204,176.10256410256412,164.57142857142858
1206.142857142857,1257.4285714285713,950.2142857142857,874.5,833.5384615384615,798.6923076923077,940.0769230769231,876.7692307692307,995.3846153846154,991.0769230769231,1116.923076923077,1116.857142857143
371.8333333333333,394.73809523809524,319.07142857142856,311.0238095238095,299.5897435897436,287.46153846153845,323.5897435897436,297.43589743589746,334.97435897435895,313.2564102564103,343.38461538461536,351.35714285714283
690.5,723.2857142857143,592.3571428571429,596.6785714285714,532.5,473.53846153846155,555.1923076923077,515.1923076923077,644.8846153846154,624.8076923076923,669.0,725.7857142857143
171.92857142857142,208.85714285714286,161.5,161.42857142857142,172.84615384615384,175.30769230769232,207.92307692307693,186.23076923076923,197.07692307692307,160.46153846153845,184.3846153846154,166.42857142857142
209.35714285714286,234.57142857142858,198.35714285714286,192.85714285714286,209.92307692307693,214.23076923076923,230.6153846153846,205.6153846153846,224.6153846153846,181.84615384615384,211.15384615384616,210.0
1928.357142857143,1819.142857142857,1516.0,1356.9285714285713,1318.2307692307693,1194.3076923076924,1231.5384615384614,1340.5384615384614,1486.6923076923076,1532.3076923076924,1693.076923076923,1784.2857142857142
935.7025089605735,934.6639344262295,1127.03125,798.9669421487604,894.9669117647059,914.8414634146342,1026.1644444444444,1035.5243445692884,924.6960352422908,957.1410788381743,884.8009950248756,1140.8506944444443
1655.2307692307693,1367.2777777777778,2394.5714285714284,1593.2777777777778,1521.3076923076924,1395.8636363636363,1879.7222222222222,1714.1923076923076,1573.7777777777778,1775.6,1233.4166666666667,2335.8571428571427
3295.9375,2736.6176470588234,3477.3673469387754,1840.3589743589744,2483.8,1903.5128205128206,2301.35,2584.804347826087,2287.4864864864867,2715.5,2224.576923076923,3416.265306122449
147.83333333333334,238.83333333333334,144.33333333333334,142.0,168.2,187.6,255.0,219.4,233.0,156.6,180.8,135.5
1966.6648351648353,1932.8563535911603,1574.1868131868132,1394.6263736263736,1347.5325443786983,1275.7142857142858,1286.3333333333333,1268.797619047619,1437.4315476190477,1508.0267857142858,1720.732142857143,1846.978021978022
1.8571428571428572,2.4285714285714284,2.2142857142857144,2.357142857142857,3.3333333333333335,1.5384615384615385,4.615384615384615,2.1538461538461537,1.8333333333333333,3.3076923076923075,2.1538461538461537,3.0
3578.6428571428573,3624.714285714286,2802.3571428571427,2614.285714285714,2631.230769230769,2254.4615384615386,2369.846153846154,2610.4615384615386,3176.4615384615386,3039.3846153846152,3385.230769230769,3508.285714285714
375.0,408.64285714285717,336.14285714285717,320.2142857142857,344.3076923076923,352.61538461538464,394.3076923076923,376.38461538461536,378.7692307692308,334.15384615384613,341.46153846153845,320.42857142857144
756.0526315789474,819.4333333333333,788.4146341463414,572.3888888888889,634.0285714285715,478.37142857142857,593.4857142857143,498.2307692307692,576.8974358974359,545.1538461538462,696.741935483871,794.1666666666666
56.642857142857146,69.92857142857143,58.5,60.0,67.84615384615384,72.95833333333333,105.73076923076923,96.84615384615384,70.0,60.38461538461539,123.08333333333333,64.28571428571429
2.0,4.0,2.8461538461538463,2.2222222222222223,2.888888888888889,1.5,1.7,2.75,2.3333333333333335,0.9166666666666666,2.7142857142857144,1.7692307692307692
1737.375,1489.5294117647059,1906.7857142857142,1099.0,1310.5454545454545,1051.0454545454545,1524.7272727272727,1359.3846153846155,1260.0384615384614,1150.2307692307693,1401.111111111111,2249.185185185185
7.642857142857143,9.214285714285714,8.428571428571429,8.785714285714286,9.076923076923077,10.307692307692308,9.692307692307692,9.0,9.23076923076923,8.23076923076923,8.0,8.357142857142858
16395.53412,6280.100759999999,7330.202519999999,8253.14352,,,,,,,11239.3704,14176.37376
2875.923076923077,2477.285714285714,2919.285714285714,2206.9166666666665,1887.4615384615386,2175.5384615384614,1858.3636363636363,2411.230769230769,2141.9166666666665,2171.818181818182,2199.5384615384614,2747.0714285714284
690.574074074074,582.0869565217391,947.7142857142857,545.6666666666666,521.5384615384615,507.1666666666667,552.5454545454545,624.7884615384615,545.2045454545455,601.6304347826087,595.325,772.7142857142857
3145.9285714285716,3268.4285714285716,2649.714285714286,2341.714285714286,2312.230769230769,2257.5384615384614,2524.6923076923076,2367.3846153846152,2762.3846153846152,2724.4615384615386,2989.076923076923,2950.4285714285716
3045.076923076923,2311.777777777778,3954.8928571428573,2689.55,2041.1538461538462,2238.6363636363635,2898.3333333333335,3081.3846153846152,2493.8888888888887,3102.2,2491.8571428571427,3275.785714285714
117.6,163.2,122.4,116.2,130.44444444444446,135.66666666666666,160.33333333333334,131.7,145.77777777777777,115.4,129.7,115.2
261.92857142857144,295.60714285714283,226.89285714285714,215.92857142857142,214.1153846153846,255.76923076923077,270.88461538461536,233.03846153846155,237.92307692307693,213.65384615384616,223.57692307692307,229.89285714285714
880.5714285714286,863.0357142857143,727.5,626.7857142857143,609.2307692307693,582.0384615384615,593.2307692307693,595.1538461538462,680.6153846153846,705.3846153846154,781.8076923076923,848.1428571428571
1311.642857142857,1199.142857142857,1019.2142857142857,869.5714285714286,838.3076923076923,825.0769230769231,798.6923076923077,810.5384615384615,918.0,985.2307692307693,1104.7692307692307,1264.2857142857142
1718.7857142857142,1821.0,1419.7857142857142,1223.2857142857142,1176.6923076923076,1086.8461538461538,1157.6153846153845,1144.0,1300.5384615384614,1333.2307692307693,1592.6923076923076,1668.857142857143
2882.5,3016.785714285714,2395.9285714285716,2054.285714285714,1991.5384615384614,1840.4615384615386,1870.1538461538462,1892.0,2212.076923076923,2237.230769230769,2627.769230769231,2776.5714285714284
1354.2857142857142,1299.0714285714287,1060.4285714285713,899.0714285714286,863.6153846153846,801.9230769230769,814.9230769230769,822.6153846153846,959.0769230769231,1013.7692307692307,1159.6153846153845,1293.642857142857
1369.142857142857,1334.142857142857,1185.6785714285713,919.5,932.7307692307693,839.1923076923077,818.6538461538462,845.4230769230769,967.1153846153846,1011.6538461538462,1161.9615384615386,1293.75
10.428571428571429,12.214285714285714,9.357142857142858,8.0,7.615384615384615,6.0,6.538461538461538,6.6923076923076925,6.538461538461538,6.6923076923076925,7.923076923076923,8.285714285714286
2544.9285714285716,2657.9285714285716,2133.8571428571427,1796.2142857142858,1793.923076923077,1620.8461538461538,1715.923076923077,1641.076923076923,1858.3846153846155,1859.3076923076924,2217.846153846154,2418.8571428571427
2054.823529411765,1995.2941176470588,1756.1764705882354,1544.235294117647,1564.6875,1389.375,1452.875,1406.25,1623.3333333333333,1609.2,1826.0,1965.6470588235295
1077.4675324675325,1039.6363636363637,909.012987012987,806.5714285714286,831.4084507042254,766.4861111111111,733.1388888888889,646.6944444444445,729.0416666666666,810.5352112676056,928.5352112676056,982.8831168831168
148.78571428571428,165.21428571428572,145.85714285714286,137.0,154.3846153846154,164.92307692307693,188.69230769230768,170.0,178.15384615384616,152.3846153846154,156.23076923076923,145.64285714285714
781.3333333333334,739.1081081081081,1107.875,558.5714285714286,685.3157894736842,800.918918918919,767.5882352941177,883.6216216216217,578.09375,667.8823529411765,592.5625,874.1
952.4722222222222,987.1351351351351,1084.6216216216217,491.54545454545456,563.1388888888889,747.6666666666666,824.9666666666667,1785.1515151515152,696.7,763.8387096774194,594.1,940.0
6822.595153846153,9614.209,8617.49625,8378.425153846154,6720.059642857143,3486.023846153846,3898.096416666667,1056.6932307692307,633.5880833333333,701.1264615384615,1032.5320000000002,3162.6208461538463
2155.214285714286,2108.5,1721.7857142857142,1551.5714285714287,1377.2307692307693,1205.8461538461538,1394.3846153846155,1263.1538461538462,1517.3846153846155,1605.6153846153845,1829.6923076923076,1964.2857142857142
266.2857142857143,290.92857142857144,254.92857142857142,258.0,258.2307692307692,269.46153846153845,335.61538461538464,275.84615384615387,278.0769230769231,252.53846153846155,268.0769230769231,252.92857142857142
228.07142857142858,248.07142857142858,216.71428571428572,221.71428571428572,226.30769230769232,236.15384615384616,295.3076923076923,238.3846153846154,246.46153846153845,224.30769230769232,232.15384615384616,218.85714285714286
2087.68085106383,2070.223404255319,1731.9148936170213,1589.8297872340424,1501.5747126436781,1373.8181818181818,1596.7386363636363,1460.25,1619.9080459770114,1628.2443181818182,1808.096590909091,1988.968085106383
5120.857142857143,4971.928571428572,4060.785714285714,3650.535714285714,3568.923076923077,3100.9423076923076,3612.9423076923076,3380.1153846153848,3928.423076923077,3952.423076923077,4532.807692307692,4747.607142857143
952.9821428571429,973.2142857142857,771.8571428571429,706.7678571428571,637.7115384615385,599.5384615384615,692.5384615384615,618.8653846153846,739.5384615384615,717.8461538461538,809.0961538461538,881.9464285714286
247.57142857142858,263.7142857142857,232.28571428571428,230.71428571428572,252.84615384615384,259.0769230769231,291.2307692307692,260.53846153846155,266.0769230769231,242.6153846153846,252.69230769230768,237.35714285714286
1308.5212765957447,1240.8846153846155,1020.4055944055945,951.1398601398602,920.0451127819549,871.4360902255639,897.7067669172932,875.7575757575758,1045.5954198473282,1068.5563909774437,1137.5413533834587,1227.4255319148936
753.7142857142857,735.7142857142857,588.0714285714286,574.2857142857143,534.4615384615385,555.6923076923077,596.3846153846154,513.3076923076923,641.5384615384615,595.8461538461538,625.6923076923077,707.6428571428571
1053.4615384615386,1104.0,1367.9285714285713,858.25,942.6153846153846,823.7916666666666,1036.423076923077,982.1538461538462,965.5384615384615,959.8461538461538,942.9166666666666,1069.5714285714287
452.2142857142857,320.92857142857144,265.92857142857144,232.0,224.84615384615384,205.23076923076923,209.76923076923077,219.84615384615384,268.61538461538464,378.0769230769231,419.3076923076923,441.0
626.0,682.3392857142857,578.9285714285714,467.82142857142856,537.0961538461538,538.5769230769231,552.88,530.0769230769231,564.8076923076923,550.1730769230769,604.3269230769231,602.0
317.57142857142856,352.17857142857144,305.14285714285717,286.0357142857143,305.15384615384613,352.2307692307692,289.7916666666667,310.03846153846155,298.8076923076923,275.0,299.15384615384613,284.75
2353.3571428571427,2369.4285714285716,1974.357142857143,1706.2857142857142,1706.6153846153845,1699.2307692307693,1672.75,1628.923076923077,1788.5384615384614,1714.0,2026.1538461538462,2261.0714285714284
2615.5,2598.1428571428573,2123.5714285714284,1877.5357142857142,1704.2692307692307,1657.5384615384614,1701.0,1782.1923076923076,2025.423076923077,2079.346153846154,2320.0384615384614,2449.714285714286
1475.576923076923,795.0555555555555,1745.107142857143,1083.0454545454545,1101.28,997.4090909090909,1514.9,1321.2307692307693,1154.6666666666667,1099.7142857142858,1308.5714285714287,1668.7142857142858
1337.8846153846155,1320.85,1580.9642857142858,960.125,1042.2380952380952,986.64,864.0,1268.923076923077,993.25,1069.576923076923,1212.8,1453.888888888889
734.0,765.6428571428571,629.8571428571429,539.4285714285714,521.4615384615385,749.2307692307693,527.4615384615385,513.9230769230769,592.7692307692307,614.3076923076923,701.2307692307693,743.5
2231.3571428571427,2138.714285714286,1954.2857142857142,1796.357142857143,1602.6923076923076,1590.5384615384614,1460.6153846153845,1752.1538461538462,1813.7692307692307,1667.3846153846155,1893.076923076923,2059.285714285714
739.7727272727273,759.8181818181819,592.5909090909091,568.5909090909091,578.8387096774194,550.758064516129,639.6774193548387,576.0322580645161,650.344262295082,636.2903225806451,698.6451612903226,705.7575757575758
1445.8863636363637,1592.0597014925372,1514.795918367347,1125.9277108433735,1205.0246913580247,1002.3625,1196.1975308641975,1047.901098901099,1199.2134831460673,1183.6593406593406,1520.6764705882354,1644.6836734693877
477.1304347826087,507.3333333333333,550.2857142857143,343.1363636363636,396.54545454545456,277.3636363636364,380.45454545454544,302.9230769230769,336.7307692307692,337.34615384615387,474.94444444444446,496.07142857142856
794.3333333333334,946.1875,814.75,624.6363636363636,693.0454545454545,468.6363636363636,640.1818181818181,514.3076923076923,567.1923076923077,558.0,798.3333333333334,838.3214285714286
156.85714285714286,175.21428571428572,146.85714285714286,146.07142857142858,165.84615384615384,172.84615384615384,184.76923076923077,175.3846153846154,187.84615384615384,145.6153846153846,169.69230769230768,158.78571428571428
289.2857142857143,343.39285714285717,261.92857142857144,234.11111111111111,227.72,242.73076923076923,238.80769230769232,236.23076923076923,259.15384615384613,245.6153846153846,253.34615384615384,249.28571428571428
81.42857142857143,100.78571428571429,75.14285714285714,83.57142857142857,84.15384615384616,86.0,106.38461538461539,95.76923076923077,98.84615384615384,81.23076923076923,91.5,88.0
138.23076923076923,174.64285714285714,130.57142857142858,144.28571428571428,137.84615384615384,141.30769230769232,183.92307692307693,144.3846153846154,148.53846153846155,137.0,149.33333333333334,149.0
110.125,151.625,108.75,104.0,126.85714285714286,129.85714285714286,161.0,151.42857142857142,149.625,104.375,128.125,111.75
213.0,238.71428571428572,202.57142857142858,194.57142857142858,209.3846153846154,212.76923076923077,253.46153846153845,227.6153846153846,228.84615384615384,201.69230769230768,210.69230769230768,207.28571428571428
1518.142857142857,1395.892857142857,1235.25,1122.0,1116.1538461538462,1132.423076923077,1203.6538461538462,1152.8461538461538,1249.1538461538462,1246.2692307692307,1332.0384615384614,1446.3214285714287
1804.5,1812.0357142857142,1453.75,1364.25,1280.576923076923,1011.9615384615385,1168.5384615384614,1115.923076923077,1282.8846153846155,1267.423076923077,1465.4615384615386,1652.2142857142858
732.8214285714286,799.1785714285714,606.4642857142857,601.1785714285714,596.1923076923077,589.7307692307693,706.9230769230769,629.1923076923077,684.2307692307693,616.4615384615385,689.6153846153846,693.75
0.0,0.0,0.0,0.0,,,,0.0,0.0,0.0,0.0,0.0
202.6,330.8666666666667,181.16666666666666,195.94444444444446,203.73333333333332,214.26666666666668,300.73333333333335,241.46666666666667,259.46666666666664,179.26666666666668,256.5833333333333,236.66666666666666
6.0,5.5,2.5714285714285716,5.714285714285714,23.25,23.76923076923077,24.76923076923077,26.53846153846154,26.583333333333332,20.153846153846153,5.769230769230769,2.769230769230769
390.25,408.2,671.2,319.3333333333333,287.4,385.6,369.3333333333333,678.8,446.0,561.6666666666666,323.3333333333333,523.6
1191.875,1617.7096774193549,922.8095238095239,1001.6578947368421,933.6,872.3513513513514,910.1111111111111,760.0512820512821,934.5675675675676,899.9230769230769,1312.3666666666666,1186.642857142857
1.0,1.8,4.8,0.0,0.0,0.0,0.0,0.0,0.0,0.0,0.0,0.0
,,,,,,4400.0,0.0,1080.0,0.0,0.0,0.0
1593.764705882353,1976.9375,1331.0555555555557,1344.6470588235295,1470.8,1290.25,2101.0714285714284,1278.764705882353,1452.3529411764705,1516.8823529411766,1543.5,1535.9444444444443
340.8888888888889,487.8888888888889,253.66666666666666,240.27777777777777,194.66666666666666,160.6875,332.625,218.5,264.2,229.5,364.0,300.3333333333333
1320.607142857143,1316.245508982036,1075.1566265060242,980.2349397590361,912.7516339869281,893.0322580645161,956.1315789473684,885.1677419354838,1014.5584415584416,1073.2645161290322,1149.6903225806452,1264.982142857143
98.125,132.375,99.125,106.125,93.0,92.375,128.875,101.75,110.125,97.25,104.0,87.125
1302.0357142857142,1397.3214285714287,1132.5,1052.107142857143,1106.8,1032.076923076923,1068.576923076923,945.7692307692307,1050.0384615384614,949.1153846153846,1191.12,1308.0714285714287
262.0,249.35714285714286,214.21428571428572,190.35714285714286,165.6153846153846,143.53846153846155,143.84615384615384,146.92307692307693,168.0,179.69230769230768,214.15384615384616,240.28571428571428
2563.6428571428573,2393.1428571428573,1975.0714285714287,1734.4285714285713,1584.5384615384614,1510.7692307692307,1595.1538461538462,1570.2307692307693,1970.076923076923,2036.6923076923076,2170.4615384615386,2351.214285714286
3606.285714285714,3481.714285714286,2849.214285714286,2797.714285714286,2741.153846153846,2557.230769230769,2519.3846153846152,2547.4615384615386,2749.6153846153848,2854.6153846153848,3111.769230769231,3417.0714285714284
214.6153846153846,230.88888888888889,369.2857142857143,224.66666666666666,251.23076923076923,329.90909090909093,295.0,442.3076923076923,247.75,304.5,232.66666666666666,296.7857142857143
1123.5701666666669,1185.1243103448278,1215.2821311475411,912.2261111111111,927.4952459016394,1333.2446296296298,960.3920408163265,1323.3764406779662,981.9842,1119.0566037735848,1103.5106382978724,1220.532258064516
2.125,2.125,0.5,3.375,1.5,3.25,1.25,3.5,2.25,3.0,1.0,2.0
438.30434782608694,430.6363636363636,366.04347826086956,367.5652173913044,351.5,341.6363636363636,351.3809523809524,324.27272727272725,358.3333333333333,356.1363636363636,408.6818181818182,440.82608695652175
2112.285714285714,2498.785714285714,1934.857142857143,1914.857142857143,2115.3846153846152,2159.3846153846152,2567.153846153846,2252.846153846154,2115.5384615384614,1908.6923076923076,2189.6923076923076,2170.0
930.1428571428571,933.5,855.8571428571429,837.7142857142857,754.3076923076923,771.1538461538462,516.0909090909091,625.9166666666666,1336.3076923076924,555.0769230769231,798.6153846153846,865.1428571428571
609.5714285714286,592.1428571428571,485.7857142857143,458.2857142857143,420.38461538461536,401.15384615384613,375.38461538461536,391.0769230769231,468.2307692307692,491.7692307692308,547.3076923076923,603.5
3113.714285714286,3219.5,2522.214285714286,2186.9285714285716,2147.6153846153848,1999.5384615384614,2062.6153846153848,2223.076923076923,2531.4615384615386,2598.3076923076924,2902.153846153846,2961.0
3328.923076923077,3908.5555555555557,5205.357142857143,2558.0,3145.5714285714284,4549.0,3420.0,5238.0,3467.25,4120.3,3695.6666666666665,4489.928571428572
1209.876923076923,888.8532608695652,1630.0321428571428,834.2790697674419,1108.8115942028985,997.32,1206.734693877551,1206.923076923077,1145.0232558139535,1268.4423076923076,982.3939393939394,1640.2857142857142
1894.0714285714287,2192.214285714286,1734.9285714285713,1530.5714285714287,1494.8461538461538,1490.1538461538462,1537.8461538461538,1492.0,1726.4615384615386,1456.5384615384614,1730.6923076923076,1736.857142857143
152.76190476190476,162.04761904761904,144.1904761904762,141.0952380952381,158.74358974358975,150.2051282051282,154.48648648648648,148.15384615384616,144.71794871794873,137.69230769230768,143.8918918918919,148.88095238095238
1312.9285714285713,1294.642857142857,1069.857142857143,941.2142857142857,931.8461538461538,983.9230769230769,896.5384615384615,815.7692307692307,948.0,1030.1538461538462,1173.1538461538462,1246.2142857142858
189.92857142857142,85.42857142857143,77.28571428571429,97.42857142857143,242.0,417.2307692307692,461.9230769230769,437.61538461538464,487.53846153846155,653.6923076923077,875.0,409.14285714285717
977.3571428571429,932.9285714285714,754.2857142857143,664.4285714285714,665.8846153846154,601.2692307692307,620.4615384615385,595.0,689.8846153846154,676.8076923076923,827.3461538461538,916.1071428571429
2752.5,2171.714285714286,1619.857142857143,1323.642857142857,1266.8461538461538,1261.6153846153845,1238.5384615384614,1202.8461538461538,1375.1538461538462,1392.923076923077,1679.7692307692307,2268.3571428571427
588.7142857142857,632.4285714285714,444.7142857142857,375.7857142857143,348.38461538461536,328.61538461538464,336.7692307692308,336.7692307692308,379.46153846153845,456.0833333333333,580.6153846153846,556.7857142857143
618.4285714285714,663.9285714285714,498.57142857142856,500.42857142857144,543.6923076923077,513.2307692307693,562.3846153846154,669.4615384615385,569.0,668.5384615384615,616.6923076923077,501.14285714285717
1834.0,1767.142857142857,1490.5714285714287,1356.7857142857142,1256.1538461538462,1260.4615384615386,1330.5384615384614,1205.7692307692307,1450.0,1349.1538461538462,1526.2307692307693,1698.4285714285713
339.20512820512823,417.3333333333333,665.7857142857143,354.2307692307692,446.3414634146341,530.9354838709677,487.10714285714283,717.1794871794872,410.28,449.1,406.8333333333333,483.54761904761904
836.3461538461538,992.2222222222222,1469.857142857143,792.125,893.3571428571429,1048.75,948.0,1403.8461538461538,931.2,1113.15,869.6666666666666,1187.142857142857
1788.6923076923076,889.7777777777778,2507.9285714285716,1302.125,1602.5,1069.0,2068.4444444444443,1624.6923076923076,1937.125,1856.6,1250.1666666666667,2560.285714285714
1241.2222222222222,764.0869565217391,1971.75,699.5454545454545,1223.851851851852,873.304347826087,1079.6363636363637,1360.3846153846155,994.9,1215.5652173913043,646.8947368421053,1768.0
862.6071428571429,839.2142857142857,626.8928571428571,550.9285714285714,537.84,488.7692307692308,528.04,552.8461538461538,556.8,532.3846153846154,682.1538461538462,801.8928571428571
141.64285714285714,161.0,132.64285714285714,130.5,146.30769230769232,154.46153846153845,174.07692307692307,159.0,164.30769230769232,132.3846153846154,148.92307692307693,141.21428571428572
481.0344827586207,479.64,531.3225806451613,379.22222222222223,409.2142857142857,319.2,415.51851851851853,340.58620689655174,465.2857142857143,409.0344827586207,456.9130434782609,526.875
228.92307692307693,257.3,5057.214285714285,217.83333333333334,281.6363636363636,261.1818181818182,269.09090909090907,280.0,253.15384615384616,218.30769230769232,274.44444444444446,248.0
2680.230769230769,2507.8888888888887,4205.285714285715,2229.0,2359.3571428571427,2312.4,2763.1111111111113,2956.769230769231,2587.5,2876.3,2461.0,3574.4285714285716
3.2142857142857144,4.5,4.214285714285714,3.0,5.230769230769231,4.461538461538462,3.8461538461538463,4.615384615384615,5.6923076923076925,4.461538461538462,3.769230769230769,3.357142857142857
100.42857142857143,131.0,101.78571428571429,97.57142857142857,107.75,114.3076923076923,123.61538461538461,116.07692307692308,121.83333333333333,96.92307692307692,109.38461538461539,99.92857142857143
507.09090909090907,523.939393939394,436.6363636363636,389.530303030303,409.1803278688525,387.4590163934426,402.6774193548387,380.0483870967742,425.4754098360656,388.5967741935484,466.9516129032258,498.3333333333333
250.07142857142858,301.5,240.71428571428572,229.78571428571428,260.9166666666667,267.6923076923077,277.53846153846155,261.38461538461536,267.0,222.0,256.84615384615387,246.21428571428572
2075.285714285714,2175.095238095238,1765.5833333333333,1511.3333333333333,1556.948717948718,1514.474358974359,1494.3076923076924,1456.8589743589744,1646.7435897435898,1579.9615384615386,1877.8076923076924,1974.8690476190477
2925.214285714286,3373.5,2491.214285714286,2121.1428571428573,2130.3846153846152,2013.6923076923076,2124.769230769231,2048.6923076923076,2341.3846153846152,2174.4615384615386,2814.3846153846152,2879.785714285714
870.6071428571429,979.7142857142857,748.9821428571429,694.5,609.4423076923077,766.5,678.3269230769231,702.3076923076923,641.3137254901961,650.4230769230769,736.7115384615385,766.875
526.5714285714286,534.0714285714286,406.64285714285717,362.92857142857144,337.0769230769231,359.84615384615387,379.9230769230769,365.46153846153845,430.38461538461536,362.38461538461536,414.0769230769231,503.2857142857143
878.9285714285714,870.0714285714286,698.1428571428571,638.2857142857143,611.5384615384615,663.6153846153846,743.3076923076923,705.2307692307693,787.3076923076923,680.0769230769231,751.3846153846154,811.2142857142857
1828.5384615384614,1291.5,848.2857142857143,26.4,49.214285714285715,353.45454545454544,361.44444444444446,1035.4615384615386,356.6666666666667,504.2,205.88888888888889,1229.2857142857142
2076.5,2153.1428571428573,1782.7142857142858,1552.5714285714287,1602.076923076923,1436.5384615384614,1404.0,1413.4615384615386,1566.923076923077,1473.4615384615386,1693.7692307692307,1985.4285714285713
6896.961883809524,5657.323908571429,4989.219704761905,4071.9576484210525,2371.5229973333335,2664.2144506666664,2160.969157142857,2264.783422857143,2113.3846153846152,2818.815402222222,5011.1175539999995,5731.0948330434785
275.64285714285717,281.7142857142857,257.7857142857143,260.7142857142857,267.0,278.46153846153845,330.84615384615387,281.38461538461536,282.9230769230769,274.2307692307692,280.38461538461536,271.2857142857143
797.2386363636364,779.0869565217391,920.3333333333334,649.7205882352941,609.080459770115,696.7594936708861,698.8387096774194,885.1294117647059,763.1587301587301,771.4507042253521,818.9056603773585,829.6881720430108
556.7857142857143,564.1428571428571,537.2857142857143,457.2857142857143,340.46153846153845,303.61538461538464,318.0769230769231,323.46153846153845,374.84615384615387,415.6923076923077,437.7692307692308,550.1428571428571
736.5,599.0,1044.0714285714287,598.6666666666666,724.5714285714286,489.9,912.3,737.3846153846154,769.5,815.0,956.5,993.0
154.53846153846155,158.4,263.2142857142857,152.22222222222223,173.0,233.6,213.33333333333334,307.0833333333333,195.11111111111111,216.2,153.25,183.57142857142858
2789.6428571428573,2998.4285714285716,2176.5714285714284,2113.6428571428573,1858.0,1755.0,2041.7692307692307,1984.3076923076924,2340.5384615384614,2282.6923076923076,2774.8333333333335,2991.785714285714
1152.325,1298.8240740740741,1025.8968253968253,884.034188034188,876.8660714285714,769.6306306306307,892.5181818181818,790.6581196581196,888.3333333333334,852.5811965811965,1081.883495145631,1158.063492063492
302.0,350.5,463.0,303.72727272727275,429.27272727272725,351.0,414.90909090909093,375.38461538461536,334.15384615384613,304.3076923076923,364.8888888888889,379.07142857142856
248.33333333333334,267.125,390.07142857142856,234.72727272727272,342.0,284.1818181818182,359.1818181818182,329.6923076923077,279.6923076923077,234.76923076923077,275.22222222222223,306.0
1738.0714285714287,1786.5,1505.7857142857142,1368.7857142857142,1336.6153846153845,1293.8846153846155,1223.3461538461538,1169.423076923077,1314.6153846153845,1258.1923076923076,1540.2307692307693,1729.107142857143
1065.0238095238096,1106.3690476190477,937.5595238095239,829.4047619047619,837.4615384615385,790.5384615384615,758.0128205128206,710.8717948717949,753.9102564102565,750.8974358974359,912.5641025641025,1069.654761904762
923.2551020408164,912.8877551020408,702.9489795918367,586.7755102040817,562.4021739130435,533.1208791208791,565.065934065934,568.7472527472528,605.6483516483516,577.6263736263736,671.8901098901099,800.8265306122449
310.0,355.2142857142857,303.7142857142857,297.35714285714283,340.84615384615387,354.0769230769231,387.0,384.15384615384613,361.0769230769231,318.38461538461536,342.53846153846155,321.85714285714283
1400.0535714285713,1536.9464285714287,1263.4107142857142,1123.267857142857,1057.5384615384614,1011.7307692307693,1105.921568627451,1051.9038461538462,1129.8461538461538,1127.1153846153845,1229.686274509804,1400.0357142857142
912.5769230769231,837.2307692307693,680.3076923076923,642.1923076923077,625.08,663.16,657.96,612.52,707.8,711.68,779.28,873.5384615384615
212.64285714285714,243.07142857142858,217.28571428571428,211.42857142857142,243.3846153846154,249.69230769230768,255.92307692307693,234.76923076923077,243.3846153846154,204.84615384615384,234.15384615384616,226.78571428571428
328.93333333333334,339.87857142857143,220.6846153846154,208.16153846153844,79.46428571428571,12.841666666666667,6.0307692307692315,9.416666666666666,8.583333333333334,11.75,58.910000000000004,196.65
0.0,0.0,0.0,0.0,0.0,0.0,0.0,0.0,0.0,0.0,0.0,0.0
678.25,684.8928571428571,533.7142857142857,506.39285714285717,455.03846153846155,465.61538461538464,509.1923076923077,492.88461538461536,552.0769230769231,505.65384615384613,579.6923076923077,665.6428571428571
193.64285714285714,206.0,177.0,179.28571428571428,192.69230769230768,202.15384615384616,238.46153846153845,211.46153846153845,223.53846153846155,187.53846153846155,193.3846153846154,182.35714285714286
939.6428571428571,938.5,763.0,676.0714285714286,605.3076923076923,607.3846153846154,648.3846153846154,665.9230769230769,783.0,667.0769230769231,770.4615384615385,896.5714285714286
112.63157894736842,122.8157894736842,101.05263157894737,96.36842105263158,98.37142857142857,105.34285714285714,122.4,115.42857142857143,118.97058823529412,99.62857142857143,104.58333333333333,105.36842105263158
157.71428571428572,189.85714285714286,154.14285714285714,138.42857142857142,130.0,134.53846153846155,129.76923076923077,111.6923076923077,120.53846153846153,106.76923076923077,126.76923076923077,155.92857142857142
956.0,961.25,779.8214285714286,689.1785714285714,644.8461538461538,581.5769230769231,661.5,631.3846153846154,711.1923076923077,798.0384615384615,922.5,926.8214285714286
1094.4285714285713,1049.5,1064.2142857142858,941.9285714285714,1175.7692307692307,1191.3846153846155,1033.3076923076924,1073.7692307692307,1140.2307692307693,1100.3076923076924,1055.923076923077,1088.5
1456.7142857142858,1286.7857142857142,1242.4285714285713,1093.0714285714287,1164.076923076923,1076.5384615384614,1148.1538461538462,1091.2307692307693,1224.3846153846155,1241.8461538461538,1297.076923076923,1312.4285714285713
2.142857142857143,2.2142857142857144,2.5,2.357142857142857,2.076923076923077,1.3846153846153846,2.1538461538461537,2.3846153846153846,2.3076923076923075,1.7692307692307692,4.230769230769231,3.7857142857142856
327.92857142857144,373.92857142857144,303.2142857142857,284.2142857142857,291.0769230769231,297.0769230769231,360.61538461538464,320.46153846153845,326.84615384615387,282.9230769230769,305.0769230769231,311.14285714285717
3.6666666666666665,3.5,3.25,2.5,3.6666666666666665,2.6666666666666665,4.0,4.0,5.333333333333333,2.6666666666666665,4.0,1.3333333333333333
2.3333333333333335,9.0,2.5,3.5,1.3333333333333333,3.6666666666666665,4.0,4.0,2.6666666666666665,3.6666666666666665,4.0,1.3333333333333333
580.8095238095239,643.6904761904761,500.2142857142857,450.2857142857143,424.44736842105266,396.61538461538464,425.3333333333333,413.53846153846155,490.92105263157896,449.2564102564103,527.1794871794872,538.0
2778.8571428571427,3077.6428571428573,2290.785714285714,1997.857142857143,1917.7692307692307,1855.3076923076924,1939.923076923077,1920.076923076923,2210.153846153846,2221.153846153846,2621.153846153846,2608.4285714285716
2017.904761904762,2217.2380952380954,1698.1904761904761,1414.9761904761904,1354.5641025641025,1334.4102564102564,1341.076923076923,1370.0,1595.2051282051282,1605.7948717948718,1897.2564102564102,1900.5238095238096
295.5,374.5,289.85714285714283,279.14285714285717,284.46153846153845,300.2307692307692,353.0,310.6923076923077,317.2307692307692,288.7692307692308,313.84615384615387,284.85714285714283
1724.5,1702.2142857142858,1435.0,1243.4285714285713,1093.0,1008.7692307692307,1013.0769230769231,1059.5384615384614,1229.6153846153845,1241.5384615384614,1470.076923076923,1539.2857142857142
1350.7142857142858,1477.0,1131.5,1037.5714285714287,1000.2307692307693,922.0,889.0769230769231,858.1538461538462,989.3846153846154,1051.076923076923,1224.3076923076924,1261.0714285714287
97.92857142857143,105.89285714285714,90.10714285714286,91.35714285714286,95.5,96.1923076923077,112.07692307692308,100.65384615384616,106.76923076923077,91.96153846153847,94.84615384615384,93.32142857142857
1904.7142857142858,1877.7142857142858,1566.857142857143,1322.0714285714287,1270.3846153846155,1178.7692307692307,1185.8461538461538,1255.5384615384614,1398.5384615384614,1381.923076923077,1604.076923076923,1740.357142857143
1637.5714285714287,1640.142857142857,1422.9285714285713,1307.107142857143,1273.3846153846155,1150.8461538461538,1242.8461538461538,1188.0,1288.6153846153845,1390.3076923076924,1542.576923076923,1543.9642857142858
1576.9908256880733,1542.4036697247707,1177.0925925925926,1112.712962962963,1323.7920792079208,1326.09900990099,1473.7722772277227,1426.7227722772277,1502.970297029703,1380.990099009901,1474.1881188118812,1436.8990825688074
4270.785714285715,4368.928571428572,3335.6428571428573,3040.714285714286,2987.5384615384614,2594.846153846154,2847.153846153846,2845.6153846153848,3323.5384615384614,3298.076923076923,3807.769230769231,3933.0
1839.642857142857,1599.0714285714287,1425.0714285714287,1192.9285714285713,1289.1538461538462,1165.7692307692307,1186.1538461538462,1307.1538461538462,1467.923076923077,1655.7692307692307,1782.076923076923,1797.5
6355.461538461538,6793.285714285715,5029.785714285715,4387.214285714285,4321.615384615385,4138.384615384615,4934.7692307692305,3991.769230769231,4524.7692307692305,3835.0,4550.615384615385,6177.642857142857
324.5,523.75,304.25,324.25,290.6666666666667,294.3333333333333,584.3333333333334,344.25,372.0,297.25,361.25,322.0
444.75,787.75,374.0,346.2,293.75,272.0,419.75,335.25,368.5,299.0,450.0,458.25
272.8888888888889,263.55555555555554,261.3333333333333,258.0,262.8888888888889,269.3333333333333,299.3333333333333,264.1111111111111,278.3333333333333,273.55555555555554,246.55555555555554,257.3333333333333
937.1904761904761,983.5238095238095,791.0952380952381,738.5238095238095,685.1282051282051,688.025641025641,739.3333333333334,708.6153846153846,835.1282051282051,750.6666666666666,808.2307692307693,916.4047619047619
1.4285714285714286,0.0,1.75,1.1666666666666667,3.6,1.8333333333333333,3.0,1.0,1.625,1.75,0.8,1.8571428571428572
625.9594594594595,762.4827586206897,663.6904761904761,527.3098591549295,598.9264705882352,485.84057971014494,658.8055555555555,556.2564102564103,638.7307692307693,574.1410256410256,688.3050847457627,698.3928571428571
1599.1296296296296,1407.2978723404256,1804.982142857143,1129.872340425532,1265.3148148148148,1112.4130434782608,1269.4130434782608,1391.1764705882354,1278.9302325581396,1438.659574468085,1415.6,1760.642857142857
157.23076923076923,150.5,256.2857142857143,156.55555555555554,182.5,213.0,236.55555555555554,283.75,181.33333333333334,209.2,157.5,190.78571428571428
961.0769230769231,718.3,1360.0714285714287,784.5555555555555,740.2857142857143,806.2,964.3333333333334,1119.25,804.2222222222222,1068.2,892.5,1066.642857142857
735.1923076923077,430.2,917.1428571428571,650.85,651.8571428571429,509.35,843.75,596.9583333333334,748.1764705882352,756.3333333333334,682.625,792.2857142857143
3527.4166666666665,3751.7,4519.857142857143,2647.2,2946.4615384615386,2994.25,3241.6,3299.4615384615386,3657.0,3319.2727272727275,2921.1111111111113,5116.928571428572
1001.0608108108108,921.8970588235294,1042.5714285714287,797.9481481481481,728.5068493150685,774.6641221374045,854.702380952381,910.615107913669,826.8492063492064,857.3307692307692,846.4508196721312,1067.2875816993464
1485.4285714285713,1657.8214285714287,1289.25,1162.3214285714287,1153.576923076923,1074.6538461538462,1106.6923076923076,1068.6923076923076,1243.4615384615386,1153.6538461538462,1469.6923076923076,1533.857142857143
5.214285714285714,7.571428571428571,4.714285714285714,5.571428571428571,5.769230769230769,6.3076923076923075,5.461538461538462,6.461538461538462,5.6923076923076925,4.6923076923076925,6.461538461538462,5.642857142857143
1249.2,1340.6214285714286,1077.65,942.3,845.0461538461539,852.7076923076924,851.4769230769231,841.1538461538462,971.5230769230769,995.4769230769231,1080.8923076923077,1137.3142857142857
1349.595238095238,1384.952380952381,1146.4404761904761,995.5714285714286,956.3205128205128,909.8076923076923,942.2435897435897,939.3717948717949,1060.3076923076924,1037.423076923077,1151.128205128205,1251.404761904762
1120.7142857142858,1215.9285714285713,912.2857142857143,798.1428571428571,751.2307692307693,714.3076923076923,749.5384615384615,736.7692307692307,830.5384615384615,879.0,972.0769230769231,1044.142857142857
3136.8571428571427,2976.0,2432.8571428571427,2234.785714285714,2215.153846153846,1988.8461538461538,2044.5384615384614,2061.0,2362.3846153846152,2415.923076923077,2714.3076923076924,2921.6428571428573
1433.642857142857,1462.0238095238096,1141.0714285714287,1016.5714285714286,984.5128205128206,910.7692307692307,1051.923076923077,1045.974358974359,1148.4615384615386,1105.5128205128206,1188.8461538461538,1300.4285714285713
1614.2142857142858,1474.9285714285713,1267.0714285714287,1254.5,1206.2307692307693,1229.6923076923076,1197.3076923076924,1112.7692307692307,1269.5384615384614,1314.076923076923,1352.8461538461538,1529.142857142857
1764.7142857142858,1761.142857142857,1487.357142857143,1299.2857142857142,1311.6923076923076,1220.2307692307693,1217.7692307692307,1169.8461538461538,1222.076923076923,1189.6923076923076,1481.076923076923,1685.7142857142858
120.875,164.125,115.25,113.125,135.57142857142858,138.0,166.71428571428572,152.28571428571428,158.42857142857142,106.625,136.25,121.0
490.07142857142856,493.14285714285717,420.0,354.7857142857143,363.3076923076923,344.9230769230769,341.53846153846155,322.3076923076923,364.53846153846155,346.3076923076923,397.53846153846155,482.7142857142857
79.57142857142857,99.85714285714286,76.14285714285714,73.85714285714286,81.07692307692308,84.84615384615384,97.46153846153847,84.3076923076923,88.3076923076923,71.3076923076923,87.23076923076923,80.07142857142857
119.14285714285714,131.57142857142858,110.07142857142857,111.78571428571429,114.92307692307692,118.23076923076923,143.0,125.84615384615384,127.84615384615384,113.46153846153847,122.23076923076923,115.35714285714286
122.07142857142857,139.92857142857142,126.85714285714286,127.14285714285714,142.76923076923077,146.46153846153845,151.76923076923077,135.30769230769232,140.30769230769232,113.07692307692308,131.6153846153846,124.21428571428571
896.2410714285714,976.3839285714286,777.4196428571429,637.2410714285714,590.3846153846154,631.2692307692307,623.6153846153846,590.8846153846154,676.9903846153846,605.5288461538462,804.875,866.0982142857143
694.5,693.0,622.6904761904761,472.64285714285717,443.02564102564105,413.0,426.43589743589746,420.0769230769231,480.05128205128204,507.64102564102564,589.9487179487179,637.5952380952381
58629.16372127659,74920.41406105262,64013.48295784947,68826.32797333333,60475.43130457831,37204.49780769231,15775.712012987013,12253.217141025641,8215.600907,9633.675434418605,16522.614732272727,37687.07527053763
2132.214285714286,2018.142857142857,1696.107142857143,1557.892857142857,1527.076923076923,1470.576923076923,1612.2307692307693,1538.2307692307693,1773.3846153846155,1746.923076923077,1966.7692307692307,2136.6785714285716
2077.1428571428573,1885.642857142857,1680.2142857142858,1578.0714285714287,1829.2307692307693,1375.3076923076924,1545.2307692307693,1541.1538461538462,1758.4615384615386,1730.923076923077,1965.2307692307693,2071.214285714286
893.5,892.3214285714286,719.3928571428571,654.2142857142857,595.0769230769231,564.9230769230769,643.8461538461538,585.3461538461538,662.3461538461538,653.6538461538462,766.1153846153846,822.3214285714286
186.78571428571428,207.5,170.92857142857142,172.07142857142858,180.0,183.53846153846155,209.76923076923077,195.30769230769232,197.92307692307693,173.69230769230768,181.69230769230768,171.21428571428572
316.2857142857143,331.57142857142856,284.82142857142856,301.0357142857143,339.5,348.7307692307692,398.4230769230769,356.1923076923077,357.88461538461536,305.61538461538464,298.3076923076923,304.9642857142857
1153.2142857142858,1159.642857142857,872.3571428571429,833.2857142857143,802.0,706.6153846153846,800.6153846153846,734.3076923076923,847.9230769230769,879.0769230769231,1014.3076923076923,1071.5714285714287
1224.3333333333333,1183.4285714285713,993.4761904761905,837.3809523809524,742.2631578947369,678.578947368421,756.8947368421053,722.7368421052631,830.3684210526316,919.3684210526316,1031.2631578947369,1174.2
4.392857142857143,4.25,4.214285714285714,4.25,3.5833333333333335,4.038461538461538,2.8846153846153846,4.5,4.291666666666667,4.6923076923076925,4.038461538461538,4.714285714285714
208.5,276.5,197.16666666666666,211.33333333333334,263.4,260.1666666666667,328.8333333333333,274.0,280.8333333333333,219.0,231.0,191.0
125.6,187.6,116.33333333333333,119.83333333333333,146.8,153.0,195.4,175.4,173.6,124.4,144.0,119.2
441.57142857142856,420.2142857142857,367.7142857142857,321.7142857142857,305.15384615384613,286.38461538461536,318.61538461538464,287.9230769230769,329.6923076923077,365.46153846153845,378.9230769230769,394.57142857142856
814.7857142857143,842.5714285714286,694.3571428571429,593.7857142857143,564.1538461538462,561.1538461538462,568.5384615384615,609.8461538461538,696.6153846153846,735.0769230769231,797.1538461538462,839.8571428571429
2239.3571428571427,2199.0714285714284,1896.5714285714287,1480.142857142857,1450.4615384615386,1300.1538461538462,1311.6153846153845,1251.7692307692307,1489.7692307692307,1492.8461538461538,1790.923076923077,1925.0714285714287
2700.0714285714284,3332.8571428571427,2967.0,2727.214285714286,3262.769230769231,3756.5384615384614,4086.5384615384614,3477.923076923077,4046.076923076923,4369.692307692308,4504.076923076923,2684.214285714286
1779.7857142857142,1711.142857142857,1446.4285714285713,1230.7142857142858,1092.5384615384614,1033.0,1166.6923076923076,1330.4615384615386,1658.2307692307693,1758.7692307692307,1902.0,1653.5
1411.3333333333333,1314.4761904761904,1136.0,971.1904761904761,921.45,851.15,876.55,914.05,1067.1052631578948,1100.8947368421052,1175.1052631578948,1280.142857142857
1208.857142857143,1309.142857142857,1021.7142857142857,874.1428571428571,848.2307692307693,743.6153846153846,789.7692307692307,729.7692307692307,902.6153846153846,931.3846153846154,1013.0769230769231,1090.2857142857142
940.1428571428571,848.7857142857143,753.0,700.2142857142857,710.5384615384615,676.2307692307693,725.0,718.0833333333334,777.6153846153846,746.9230769230769,813.3076923076923,875.1428571428571
2020.3170731707316,1588.2972972972973,2477.5238095238096,1549.2702702702702,1895.2820512820513,1766.5405405405406,2189.3714285714286,2356.769230769231,1741.6,1986.9722222222222,1402.96875,2592.0714285714284
3.5,3.7857142857142856,2.5714285714285716,4.142857142857143,2.6666666666666665,3.3076923076923075,3.076923076923077,4.076923076923077,4.666666666666667,2.923076923076923,4.0,4.071428571428571
1414.75,1258.5714285714287,1016.6607142857143,878.0357142857143,873.9230769230769,806.5192307692307,844.0576923076923,838.1346153846154,959.3461538461538,924.7115384615385,1198.5196078431372,1593.6875
1791.0714285714287,1614.857142857143,1380.4285714285713,1206.7857142857142,1009.4615384615385,970.0,1005.6153846153846,1040.1538461538462,1179.3076923076924,1345.6923076923076,1477.4615384615386,1524.4285714285713
1453.142857142857,1414.5,1176.0714285714287,1105.2142857142858,1103.6923076923076,1046.6923076923076,1078.3846153846155,1079.0,1282.3846153846155,1146.1538461538462,1261.6923076923076,1355.7857142857142
165.57142857142858,184.78571428571428,153.0,160.21428571428572,156.0,175.53846153846155,197.84615384615384,156.23076923076923,169.3846153846154,149.15384615384616,166.53846153846155,162.28571428571428
944.0,1178.142857142857,834.0,740.2142857142857,669.6923076923077,618.5384615384615,752.0769230769231,640.6153846153846,730.0769230769231,670.0,875.8461538461538,890.1428571428571
1164.4166666666667,1404.0,1258.0714285714287,872.0,889.4545454545455,697.3636363636364,991.7272727272727,838.4615384615385,917.4615384615385,932.2307692307693,1134.6666666666667,1259.9285714285713
2172.214285714286,2169.1428571428573,1702.7857142857142,1611.5714285714287,1504.2307692307693,1322.8076923076924,1406.2692307692307,1462.1923076923076,1721.576923076923,1775.3846153846155,2078.64,2176.785714285714
1042.7857142857142,1028.3428571428572,864.5714285714286,801.4,759.9692307692308,740.6538461538462,784.7538461538461,780.123076923077,855.7153846153847,810.8461538461538,898.6615384615385,974.7913669064748
183.82051282051282,172.73333333333332,299.14285714285717,430.22222222222223,212.95238095238096,256.43333333333334,295.0740740740741,351.9166666666667,213.22222222222223,261.23333333333335,187.75,223.61904761904762
2474.214285714286,2342.6428571428573,2098.714285714286,1931.2142857142858,1724.2307692307693,1540.8461538461538,1477.6923076923076,1479.923076923077,1701.7692307692307,1872.5384615384614,2154.153846153846,2633.0
38161.55937,24335.390445,24946.06974,8664.159912,15681.79308,,,,8901.2532,14340.45216,16843.10353333333,26617.61844
149.84615384615384,176.53846153846155,141.46153846153845,144.76923076923077,161.5,165.66666666666666,187.15384615384616,172.15384615384616,178.53846153846155,147.6153846153846,162.6153846153846,146.23076923076923
2440.345238095238,2408.4880952380954,1839.6666666666667,1678.0357142857142,1537.7142857142858,1463.6666666666667,1526.857142857143,1540.679487179487,1709.155844155844,1808.6410256410256,2094.641025641026,2245.3333333333335
115.92857142857143,135.28571428571428,116.78571428571429,111.64285714285714,127.76923076923077,129.15384615384616,144.0,131.3846153846154,135.69230769230768,115.53846153846153,123.15384615384616,115.57142857142857
70.595,86.0,73.07142857142857,73.71428571428571,81.0,83.84615384615384,98.84615384615384,91.53846153846153,94.3076923076923,75.15384615384616,83.79461538461538,73.3092857142857
2911.9285714285716,3027.6071428571427,2452.8571428571427,2140.464285714286,2145.5384615384614,1972.076923076923,1973.423076923077,1996.5,2325.8076923076924,2392.0384615384614,2721.269230769231,2782.5714285714284
981.0,954.0,796.6428571428571,698.0714285714286,661.5384615384615,615.9230769230769,642.6153846153846,649.1538461538462,713.2307692307693,776.7692307692307,877.9230769230769,925.0714285714286
1022.4642857142857,1034.107142857143,839.4642857142857,764.2142857142857,676.3461538461538,623.9615384615385,711.0769230769231,629.7307692307693,711.7692307692307,733.7692307692307,833.6153846153846,910.4642857142857
2943.3571428571427,2342.214285714286,2150.5714285714284,2036.857142857143,1876.6923076923076,1802.076923076923,1782.0,1787.3846153846155,2027.6923076923076,2246.153846153846,2368.0,2695.1428571428573
311.64285714285717,381.64285714285717,309.2142857142857,267.64285714285717,285.2307692307692,280.0,288.38461538461536,265.15384615384613,268.0769230769231,229.6153846153846,246.84615384615384,276.07142857142856
765.4285714285714,762.1428571428571,643.1428571428571,556.8571428571429,535.8461538461538,513.0769230769231,506.0769230769231,512.5384615384615,598.6923076923077,640.2307692307693,668.3076923076923,726.8571428571429
1906.8214285714287,1839.3734939759036,1509.9880952380952,1452.7619047619048,1353.025974025974,1318.2692307692307,1323.948717948718,1265.5128205128206,1473.922077922078,1563.8974358974358,1656.0128205128206,1820.547619047619
220.85714285714286,186.92857142857142,175.64285714285714,148.78571428571428,161.07692307692307,189.69230769230768,168.07692307692307,165.84615384615384,175.6153846153846,208.03846153846155,210.34615384615384,217.64285714285714
703.8571428571429,727.5,606.1428571428571,601.0714285714286,595.0769230769231,593.0,721.7692307692307,619.1538461538462,661.6923076923077,637.6923076923077,667.1538461538462,633.2142857142857
2.142857142857143,1.9642857142857142,1.9285714285714286,2.2142857142857144,2.230769230769231,3.0,2.923076923076923,2.5384615384615383,2.8076923076923075,2.230769230769231,1.8846153846153846,2.25
910.6585365853658,958.547619047619,846.6190476190476,757.1904761904761,796.025641025641,772.4615384615385,817.8974358974359,730.5897435897435,753.5384615384615,728.5897435897435,838.1538461538462,871.1463414634146
209.125,247.0,193.375,192.75,228.57142857142858,232.28571428571428,284.42857142857144,254.28571428571428,249.0,212.375,217.125,196.875
1031.5627906976745,937.8645320197045,951.9885844748859,754.2525252525253,764.3816425120773,689.5706806282723,843.7553191489362,775.325,819.4224598930481,808.0338541666666,817.1962365591398,968.4109589041096
2285.6785714285716,2248.785714285714,1884.2142857142858,1586.5,1527.5384615384614,1397.2307692307693,1463.923076923077,1491.8076923076924,1818.076923076923,1875.6153846153845,2011.9615384615386,2151.285714285714
1772.4642857142858,1338.25,1047.2857142857142,943.3214285714286,944.1153846153846,1004.4615384615385,1076.3461538461538,1036.3076923076924,1154.923076923077,1126.923076923077,1298.6538461538462,1331.9642857142858
2584.285714285714,2667.714285714286,2246.785714285714,2191.785714285714,2367.153846153846,2339.769230769231,2717.230769230769,2395.769230769231,2528.5384615384614,2172.3846153846152,2489.3076923076924,2347.714285714286
1681.625,1752.5892857142858,1437.125,1210.125,1179.4807692307693,1119.3846153846155,1148.2115384615386,1222.25,1369.9038461538462,1357.2884615384614,1559.4807692307693,1608.1785714285713
1673.0714285714287,1564.857142857143,1389.0,1194.7857142857142,1205.6153846153845,1243.8461538461538,1362.3076923076924,1366.1538461538462,1435.7692307692307,1352.3846153846155,1480.6153846153845,1528.9285714285713
1790.4285714285713,1945.142857142857,1540.5,1362.5,1383.4615384615386,1341.4615384615386,1770.7692307692307,1454.0,1453.923076923077,1434.923076923077,1556.0,1665.2142857142858
2145.785714285714,2143.1428571428573,1726.0714285714287,1534.2857142857142,1546.7692307692307,1457.076923076923,1542.923076923077,1540.1538461538462,1746.5384615384614,1762.8461538461538,1967.6923076923076,2068.1428571428573
2018.7142857142858,2053.214285714286,1626.142857142857,1419.0714285714287,1395.5384615384614,1268.3076923076924,1357.6153846153845,1368.6923076923076,1559.923076923077,1565.7692307692307,1754.5384615384614,1871.0714285714287
502.7142857142857,534.6428571428571,466.42857142857144,398.14285714285717,396.6923076923077,408.46153846153845,413.0769230769231,400.2307692307692,400.15384615384613,367.61538461538464,438.9230769230769,485.2857142857143
3.4285714285714284,4.142857142857143,2.9285714285714284,4.714285714285714,3.0,3.5384615384615383,4.3076923076923075,3.769230769230769,3.6666666666666665,4.0,4.0,3.7857142857142856
1541.642857142857,1508.5714285714287,1263.142857142857,962.5,992.0769230769231,885.0,905.4615384615385,899.0,1033.923076923077,1074.0,1283.923076923077,1425.5
571.9285714285714,596.0,433.64285714285717,430.7142857142857,393.84615384615387,361.46153846153845,409.6923076923077,424.4166666666667,483.0,428.84615384615387,526.6923076923077,567.5
639.875,710.125,573.325,522.9756097560976,483.89473684210526,460.60526315789474,443.7894736842105,429.0263157894737,470.5945945945946,520.8157894736842,604.5277777777778,656.975
1119.2142857142858,1095.2857142857142,904.7142857142857,811.7857142857143,664.1538461538462,598.8461538461538,649.6153846153846,634.6153846153846,754.5384615384615,791.9230769230769,893.2307692307693,1052.7142857142858
883.6666666666666,859.547619047619,711.3571428571429,678.1190476190476,651.2051282051282,615.8205128205128,609.2564102564103,581.2820512820513,677.4102564102565,655.1025641025641,743.8461538461538,830.5238095238095
1413.142857142857,1409.2142857142858,1154.2857142857142,1101.7857142857142,905.0769230769231,753.0,828.6153846153846,776.6153846153846,936.6153846153846,952.0769230769231,1121.6153846153845,1289.2142857142858
600.7142857142857,590.5714285714286,457.7857142857143,430.7857142857143,408.6923076923077,372.53846153846155,379.46153846153845,397.53846153846155,476.61538461538464,454.2307692307692,510.2307692307692,587.7142857142857
696.0238095238095,661.3333333333334,547.9404761904761,512.3095238095239,483.79487179487177,472.3076923076923,492.06410256410254,495.5,557.0512820512821,544.6538461538462,560.4487179487179,653.9285714285714
828.6666666666666,826.4634146341464,664.8095238095239,610.6666666666666,524.8717948717949,549.6410256410256,589.7179487179487,3149.102564102564,698.8717948717949,697.3076923076923,777.3333333333334,782.7142857142857
3595.9285714285716,3422.714285714286,2617.6428571428573,2412.3571428571427,2231.3846153846152,1928.1538461538462,2274.5384615384614,2008.0,2588.769230769231,2821.923076923077,3199.0,3333.5714285714284
1570.7142857142858,1371.142857142857,1169.4285714285713,1044.4615384615386,1138.0,1027.4615384615386,1098.076923076923,1107.2307692307693,1223.923076923077,1331.6153846153845,1390.6153846153845,1458.857142857143
266.0,277.14285714285717,203.28571428571428,182.71428571428572,171.07692307692307,176.23076923076923,184.76923076923077,213.76923076923077,222.23076923076923,200.53846153846155,212.76923076923077,248.21428571428572
322.85714285714283,340.6666666666667,292.2857142857143,284.42857142857144,292.61538461538464,248.64102564102564,278.38461538461536,253.69230769230768,282.38461538461536,260.8974358974359,281.35897435897436,280.04761904761904
1427.5,1503.357142857143,1245.5,1131.4285714285713,947.8461538461538,811.8461538461538,871.2692307692307,830.6923076923077,983.3461538461538,1006.6153846153846,1160.076923076923,1300.392857142857
1872.0285714285715,1891.5942028985507,1466.1714285714286,1351.7428571428572,1376.876923076923,1368.0,1494.323076923077,1407.4615384615386,1558.8307692307692,1596.553846153846,1717.1538461538462,1803.8
1185.5555555555557,914.25,1627.9,1274.0,1918.857142857143,831.625,1472.375,1348.888888888889,1113.9,1078.5,854.8,1248.6
204.5,225.0,186.71428571428572,190.78571428571428,188.53846153846155,189.0,242.07692307692307,196.0,205.53846153846155,191.46153846153845,209.23076923076923,187.85714285714286
1.0,2.2857142857142856,2.5,0.8571428571428571,0.6153846153846154,1.4615384615384615,2.4615384615384617,0.7692307692307693,1.5384615384615385,2.3076923076923075,1.8461538461538463,1.5
171.64285714285714,185.35714285714286,161.07142857142858,164.85714285714286,167.53846153846155,183.23076923076923,205.53846153846155,182.53846153846155,194.76923076923077,162.92307692307693,177.76923076923077,160.85714285714286
193.07142857142858,210.78571428571428,182.78571428571428,193.92857142857142,200.76923076923077,211.6153846153846,230.23076923076923,215.23076923076923,223.15384615384616,186.15384615384616,192.15384615384616,184.42857142857142
244.35714285714286,250.78571428571428,227.42857142857142,235.42857142857142,253.73076923076923,256.53846153846155,289.1923076923077,256.11538461538464,260.65384615384613,231.6153846153846,238.84615384615384,228.28571428571428
1129.148148148148,1222.6785714285713,963.9642857142857,877.5357142857143,851.6153846153846,799.5384615384615,854.1538461538462,851.1923076923077,996.3461538461538,1012.2692307692307,1210.76,1173.9259259259259
590.5,644.5,498.7692307692308,435.6923076923077,453.1666666666667,397.3333333333333,405.1666666666667,411.75,446.0833333333333,432.5833333333333,528.5833333333334,558.0
777.7857142857143,789.5714285714286,602.2857142857143,598.7857142857143,552.9230769230769,486.3076923076923,541.3846153846154,530.2307692307693,558.6923076923077,560.1538461538462,706.0833333333334,800.5
2500.285714285714,2387.285714285714,1971.7142857142858,1854.857142857143,1678.1538461538462,1653.1538461538462,1758.923076923077,1743.7692307692307,2087.5384615384614,1997.3846153846155,2165.3846153846152,2380.4285714285716
2557.4285714285716,2566.6923076923076,2175.5714285714284,2075.285714285714,2027.5384615384614,2118.5384615384614,2274.4615384615386,2132.076923076923,2209.769230769231,3632.6923076923076,2185.6153846153848,2370.3571428571427
1541.642857142857,1702.857142857143,1231.5714285714287,1224.5,1059.076923076923,993.9230769230769,1239.3333333333333,1095.2307692307693,1169.2307692307693,1339.7692307692307,1567.1666666666667,1709.2142857142858
1237.2857142857142,1123.857142857143,936.7857142857143,803.2857142857143,810.6923076923077,759.8461538461538,746.3076923076923,756.7692307692307,856.2307692307693,834.1538461538462,1077.8461538461538,1244.2142857142858
1149.7857142857142,1157.0357142857142,945.75,830.1785714285714,873.0384615384615,816.2307692307693,875.3846153846154,806.4615384615385,922.7692307692307,1013.2307692307693,976.0,1078.142857142857
774.0714285714286,742.9285714285714,599.8809523809524,520.8571428571429,570.5128205128206,520.8974358974359,478.64102564102564,462.15384615384613,541.2564102564103,507.4871794871795,670.5128205128206,751.7142857142857
4171.428571428572,4332.642857142857,3382.285714285714,3227.5714285714284,3585.846153846154,3541.076923076923,3612.0,3179.153846153846,3721.0,3446.230769230769,3864.0,3989.3571428571427
2008.857142857143,2104.714285714286,1572.0714285714287,1505.642857142857,1386.076923076923,1290.3846153846155,1417.0,1292.6153846153845,1607.7692307692307,1657.6923076923076,1842.076923076923,1858.5714285714287
1037.2142857142858,1074.857142857143,862.7857142857143,776.1428571428571,649.3076923076923,686.9230769230769,768.7692307692307,700.7692307692307,792.9230769230769,799.3076923076923,908.5384615384615,949.2142857142857
1326.7142857142858,1265.0714285714287,1044.5,962.2142857142857,965.6923076923077,851.9230769230769,916.6153846153846,889.5384615384615,1009.2307692307693,1025.5384615384614,1152.6923076923076,1248.4285714285713
379.53846153846155,392.5,645.2142857142857,368.6666666666667,422.35714285714283,514.3,460.3333333333333,724.6666666666666,418.375,514.6,376.625,455.0
1796.2857142857142,1781.0,1464.857142857143,1319.857142857143,1246.8333333333333,1202.8461538461538,1206.3846153846155,1176.6923076923076,1346.5384615384614,1340.076923076923,1552.8461538461538,1677.357142857143
390.44444444444446,406.5925925925926,310.9259259259259,313.2962962962963,302.8,295.68,330.84,301.28,320.96,312.92,390.7391304347826,408.22222222222223
1150.5714285714287,1149.0714285714287,954.0,829.4285714285714,802.0,760.0769230769231,746.7692307692307,793.6923076923077,915.4615384615385,940.2307692307693,959.4615384615385,1072.4285714285713
543.952380952381,554.047619047619,516.9642857142857,424.1190476190476,432.9102564102564,418.44871794871796,422.1794871794872,402.0,461.44871794871796,419.6025641025641,493.46153846153845,521.0833333333334
863.6428571428571,897.7142857142857,651.4285714285714,603.7857142857143,552.7692307692307,607.2307692307693,545.6923076923077,581.2307692307693,650.8461538461538,672.8461538461538,696.0,774.5714285714286
986.3571428571429,967.7857142857143,826.1428571428571,749.7857142857143,766.7692307692307,725.0,720.6153846153846,730.6153846153846,855.0,901.2307692307693,988.0769230769231,934.3571428571429
695.7142857142857,673.6428571428571,558.1428571428571,440.5,491.61538461538464,464.0,480.84615384615387,468.84615384615387,474.61538461538464,494.84615384615387,580.0769230769231,647.8571428571429
79.57142857142857,88.89285714285714,75.46428571428571,74.0,87.64,91.34615384615384,88.56,91.65384615384616,92.12,78.65384615384616,82.11538461538461,80.53571428571429
18.875,17.75,18.375,17.5,17.5,23.625,14.5,23.25,25.833333333333332,22.285714285714285,21.714285714285715,24.625
136.07142857142858,151.21428571428572,129.64285714285714,126.92857142857143,147.07692307692307,160.30769230769232,166.91666666666666,167.07692307692307,158.3846153846154,134.6153846153846,142.46153846153845,136.85714285714286
1520.7142857142858,1657.142857142857,1262.642857142857,1218.5714285714287,1250.6923076923076,1237.3846153846155,1182.5833333333333,1198.7692307692307,1232.0,1158.0,1412.6923076923076,1517.5714285714287
510.92857142857144,513.8571428571429,403.64285714285717,381.7857142857143,355.38461538461536,323.84615384615387,378.84615384615387,342.0769230769231,404.0769230769231,425.15384615384613,450.84615384615387,469.64285714285717
2607.0,2570.3571428571427,2072.5,1652.6785714285713,1452.9615384615386,1304.88,1340.3846153846155,1354.8461538461538,1386.4615384615386,1371.7307692307693,1677.423076923077,2453.8928571428573
6.214285714285714,7.857142857142857,6.785714285714286,6.428571428571429,7.3076923076923075,8.076923076923077,7.3076923076923075,6.615384615384615,5.6923076923076925,5.615384615384615,6.3076923076923075,5.076923076923077
0.0,0.0,0.0,,0.0,0.0,,0.0,0.0,0.0,0.0,0.0
10098.285714285714,15218.8,13250.714285714286,8218.0,8830.0,13664.833333333334,9696.0,12257.142857142857,9548.57142857143,11228.57142857143,11760.0,7911.25
1.1428571428571428,1.4285714285714286,1.7142857142857142,1.1428571428571428,0.8333333333333334,1.8461538461538463,1.5384615384615385,1.0,1.6666666666666667,1.0,2.4615384615384617,1.1428571428571428
66.42857142857143,94.78571428571429,75.35714285714286,71.71428571428571,89.15384615384616,80.84615384615384,100.0,86.07692307692308,76.46153846153847,72.61538461538461,73.5,66.07142857142857
257.42857142857144,289.5,246.25,247.39285714285714,279.3076923076923,298.65384615384613,312.3333333333333,307.53846153846155,293.61538461538464,281.15384615384613,277.0833333333333,261.35714285714283
1283.909090909091,1162.1818181818182,1074.090909090909,897.7272727272727,918.7272727272727,787.4545454545455,628.5,742.4,891.9,922.9,1081.6,1259.090909090909
57.333333333333336,62.75,53.583333333333336,51.916666666666664,58.583333333333336,58.75,65.91666666666667,56.833333333333336,64.33333333333333,54.54545454545455,54.90909090909091,54.5
735.9285714285714,739.5714285714286,623.1428571428571,547.6428571428571,576.6923076923077,578.1538461538462,546.7692307692307,602.5384615384615,655.6923076923077,640.4615384615385,668.2307692307693,669.4285714285714
109.46153846153847,109.5,180.71428571428572,106.33333333333333,119.71428571428571,151.9,144.33333333333334,187.76923076923077,123.55555555555556,142.8,105.75,128.35714285714286
1024.7857142857142,1061.9888392857142,864.7388392857143,745.5625,707.5995145631068,696.25,715.75,726.5769230769231,802.0388349514564,786.7788461538462,904.7788461538462,966.3214285714286
4087.4285714285716,4303.928571428572,3376.4285714285716,3160.0714285714284,2848.230769230769,2783.153846153846,3047.153846153846,3016.923076923077,3519.5384615384614,3930.6923076923076,4145.615384615385,3943.8571428571427
896.75,920.2307692307693,828.4074074074074,704.2222222222222,677.5,600.3076923076923,647.32,672.7307692307693,756.7307692307693,753.6153846153846,876.84,985.3928571428571
2269.1428571428573,2384.0714285714284,1809.9285714285713,1795.5714285714287,1634.3846153846155,1472.0,1703.2307692307693,1812.7692307692307,2378.0,1788.4615384615386,2022.7692307692307,2100.1428571428573
1114.0357142857142,1222.142857142857,970.75,847.5714285714286,769.7692307692307,749.6923076923077,793.6153846153846,826.5,936.6538461538462,947.1923076923077,1087.3076923076924,1119.5357142857142
1342.2857142857142,1437.857142857143,1230.9285714285713,1212.9285714285713,1155.923076923077,1225.8461538461538,1254.0,1225.2307692307693,1338.1538461538462,1193.0,1234.3076923076924,1188.5
1386.4285714285713,1255.357142857143,1105.142857142857,957.6428571428571,955.0,885.8461538461538,837.9230769230769,774.6923076923077,933.0769230769231,1000.1538461538462,1087.6923076923076,1220.7857142857142
817.5,810.25,710.3928571428571,641.5,628.3076923076923,599.4230769230769,610.1923076923077,571.8846153846154,607.0,556.3846153846154,685.6538461538462,774.6785714285714
615.2142857142857,627.7142857142857,477.7857142857143,467.92857142857144,436.46153846153845,435.3076923076923,454.38461538461536,441.84615384615387,509.2307692307692,535.0769230769231,574.0,577.7857142857143
388.0,502.1666666666667,321.0,297.5,316.6,307.4,399.8,344.2,375.1666666666667,284.6666666666667,448.1666666666667,373.3333333333333
2111.3571428571427,2028.0,1798.857142857143,1727.857142857143,1579.1538461538462,1574.3076923076924,1699.8461538461538,1606.6153846153845,1788.6153846153845,1851.3076923076924,2031.6153846153845,2200.1428571428573
738.2142857142857,752.2142857142857,651.0,560.7142857142857,551.3076923076923,501.6923076923077,471.53846153846155,501.46153846153845,527.2307692307693,485.0769230769231,567.5384615384615,730.7142857142857
52.0,43.785714285714285,39.07142857142857,38.92857142857143,37.46153846153846,24.53846153846154,22.923076923076923,20.23076923076923,19.923076923076923,24.153846153846153,30.76923076923077,43.5
1077.9642857142858,1046.0714285714287,888.9285714285714,736.5714285714286,718.3846153846154,641.3461538461538,680.5,659.7307692307693,744.1538461538462,761.9230769230769,896.2692307692307,988.5357142857143
1980.2857142857142,2016.642857142857,1606.142857142857,1475.2857142857142,1384.2307692307693,1541.076923076923,1771.4615384615386,1710.7692307692307,1812.4615384615386,1581.7692307692307,1697.076923076923,1891.642857142857
912.8,882.6,869.2,909.8,877.4,1085.0,653.75,439.75,519.25,685.5,933.75,880.8
1443.142857142857,1494.0714285714287,1183.9285714285713,1095.642857142857,1063.5384615384614,982.3846153846154,1037.5384615384614,1003.5384615384615,1147.4615384615386,1143.2307692307693,1358.923076923077,1445.2142857142858
1634.5714285714287,1631.2142857142858,1423.9285714285713,1248.7142857142858,1136.0,1160.5384615384614,1264.1538461538462,1190.1538461538462,1115.7692307692307,1122.0,1300.0,1493.9285714285713
323.0,356.0,668.0,312.0,363.0,,,,,318.0,250.0,450.0
1229.3333333333333,1657.0,1206.8214285714287,1241.7727272727273,1018.6538461538462,996.2608695652174,1060.0,913.9230769230769,1249.6666666666667,1042.9130434782608,1757.842105263158,1334.6785714285713
572.5,594.3571428571429,472.42857142857144,409.2857142857143,348.6923076923077,298.9230769230769,342.84615384615387,322.3076923076923,367.84615384615387,366.15384615384613,479.53846153846155,537.3571428571429
1794.469387755102,1752.8163265306123,1594.1836734693877,1418.3061224489795,1539.6739130434783,1440.4782608695652,1288.6304347826087,1262.6521739130435,1406.6444444444444,1407.2,1490.9555555555555,1629.5102040816328
927.7857142857143,905.8571428571429,757.2142857142857,654.5714285714286,602.5384615384615,578.6923076923077,653.5384615384615,592.4615384615385,701.6923076923077,721.4615384615385,900.0,884.0
1253.2307692307693,1058.5555555555557,2067.285714285714,903.5,1127.7142857142858,993.4,1134.4444444444443,1418.2307692307693,1354.25,1160.8,1149.0,1778.642857142857
1004.25,1024.5357142857142,824.9285714285714,756.5,749.8076923076923,625.0769230769231,755.3461538461538,715.7307692307693,802.7692307692307,805.5,896.7692307692307,912.75
905.2142857142857,888.7857142857143,805.0714285714286,772.0714285714286,754.7692307692307,627.7692307692307,552.2307692307693,532.1538461538462,654.4615384615385,730.5384615384615,772.0769230769231,825.5714285714286
162.64285714285714,209.21428571428572,150.39285714285714,160.67857142857142,162.26923076923077,171.57692307692307,197.07692307692307,176.07692307692307,185.6153846153846,159.92307692307693,166.5,158.78571428571428
,16428.3498,15792.545999999998,2756.51712,,,,,,,11951.06046,16448.8596
2459.5714285714284,2559.0,1939.142857142857,1801.7857142857142,1581.8461538461538,1690.1538461538462,1892.076923076923,1867.6153846153845,2305.6153846153848,2233.076923076923,2448.769230769231,2438.1428571428573
1131.2592592592594,1177.5925925925926,971.6913580246913,861.1111111111111,839.8933333333333,807.52,840.52,793.2,920.027397260274,915.0921052631579,1040.1315789473683,1104.7654320987654
149.8,182.7,158.4,155.5,136.44444444444446,180.7,174.7,168.8,181.44444444444446,157.6,147.6,150.2
1510.5,1536.9285714285713,1264.9285714285713,1169.9285714285713,1016.6153846153846,1066.6153846153845,1174.4615384615386,1021.7692307692307,1334.1666666666667,1129.4615384615386,1242.6153846153845,1339.857142857143
1739.357142857143,1899.857142857143,1435.0,1274.5,1290.6153846153845,1168.3076923076924,1230.3846153846155,1191.8461538461538,1341.6923076923076,1328.8461538461538,1549.8461538461538,1576.142857142857
82.64285714285714,91.42857142857143,80.78571428571429,77.14285714285714,87.46153846153847,88.61538461538461,94.38461538461539,92.6923076923077,104.0,80.3076923076923,81.92307692307692,76.78571428571429
1088.4285714285713,1117.9285714285713,877.8571428571429,742.7857142857143,753.8461538461538,644.9230769230769,695.9230769230769,678.0769230769231,784.4615384615385,874.5384615384615,1013.2307692307693,997.3571428571429
2017.3214285714287,2004.25,1662.2142857142858,1468.392857142857,1372.0384615384614,1283.423076923077,1322.1153846153845,1285.3461538461538,1485.0,1476.5,1733.5,1903.5
1256.9285714285713,1233.4285714285713,1029.5,892.9285714285714,845.0,828.3846153846154,759.0769230769231,762.6923076923077,915.6153846153846,880.6153846153846,1024.5384615384614,1131.357142857143
1883.857142857143,1791.607142857143,1493.142857142857,1313.0357142857142,1167.423076923077,1068.6923076923076,1033.1153846153845,1031.2692307692307,1201.2692307692307,1285.6923076923076,1470.4615384615386,1663.2857142857142
566.8571428571429,547.2857142857143,415.0,341.2142857142857,340.0,310.9230769230769,315.9230769230769,328.53846153846155,363.38461538461536,381.46153846153845,465.46153846153845,531.1428571428571
3979.4285714285716,3475.0,2751.214285714286,2250.214285714286,1516.5384615384614,1156.0,1395.6923076923076,1239.3076923076924,1488.5384615384614,1438.3076923076924,1889.1538461538462,3786.714285714286
1.2142857142857142,1.7142857142857142,1.0714285714285714,1.4285714285714286,0.6923076923076923,1.2307692307692308,2.769230769230769,1.2307692307692308,1.8461538461538463,0.6153846153846154,1.2307692307692308,0.7857142857142857
321.7857142857143,321.7142857142857,262.92857142857144,235.35714285714286,234.30769230769232,239.07692307692307,187.0,211.07692307692307,222.76923076923077,226.92307692307693,268.0769230769231,314.7142857142857
8.083333333333334,4.375,12.142857142857142,6.363636363636363,15.454545454545455,9.363636363636363,9.545454545454545,47.07692307692308,9.583333333333334,6.0,8.88888888888889,8.0
1309.25,1577.25,1323.0714285714287,1036.1818181818182,1093.7272727272727,725.9090909090909,1111.8181818181818,779.3846153846154,872.8461538461538,861.0769230769231,1260.3333333333333,1353.0
310.07142857142856,322.35714285714283,293.92857142857144,291.7857142857143,338.0769230769231,348.9230769230769,364.61538461538464,344.46153846153845,362.61538461538464,311.38461538461536,327.6923076923077,297.7857142857143
145.64285714285714,159.85714285714286,135.71428571428572,137.85714285714286,153.53846153846155,155.84615384615384,172.53846153846155,162.92307692307693,169.15384615384616,141.53846153846155,150.84615384615384,140.71428571428572
2018.0731707317073,1991.6097560975609,1618.8536585365853,1490.560975609756,1436.179487179487,1397.2820512820513,1437.5128205128206,1390.7948717948718,1659.2051282051282,1652.6410256410256,1857.6153846153845,1934.2682926829268
1037.7857142857142,1017.2857142857143,895.4285714285714,809.8571428571429,842.4615384615385,802.4615384615385,770.7692307692307,724.8461538461538,774.3076923076923,739.9230769230769,928.7692307692307,1042.7142857142858
1131.357142857143,1153.2857142857142,882.3571428571429,811.9285714285714,776.6923076923077,754.9230769230769,895.6153846153846,872.7692307692307,988.8461538461538,928.3846153846154,1047.3846153846155,1041.5
204.60714285714286,234.17857142857142,182.71428571428572,166.28571428571428,183.84615384615384,180.34615384615384,173.3846153846154,169.65384615384616,200.07692307692307,176.69230769230768,208.6153846153846,211.21428571428572
453.7857142857143,475.92857142857144,358.14285714285717,333.42857142857144,285.2307692307692,297.15384615384613,370.61538461538464,314.9230769230769,344.61538461538464,339.0,398.84615384615387,436.57142857142856
281.14285714285717,317.5,268.07142857142856,243.71428571428572,256.61538461538464,263.0769230769231,302.46153846153845,269.6923076923077,284.7692307692308,252.76923076923077,268.84615384615387,262.85714285714283
827.2857142857143,869.3571428571429,679.3571428571429,603.5714285714286,566.0,544.6923076923077,574.0,542.3846153846154,630.8461538461538,625.3846153846154,736.3076923076923,760.8571428571429
398.0,732.0,381.0,518.0,,,434.0,500.0,245.0,306.0,666.0,341.0
674.2142857142857,687.0,560.1428571428571,532.8571428571429,525.7692307692307,461.3076923076923,519.3846153846154,485.3076923076923,549.7692307692307,526.3846153846154,575.6153846153846,623.7142857142857
189.0,239.5,168.5,186.5,160.0,179.0,364.0,354.0,175.0,183.0,330.0,172.0
0.8571428571428571,1.5714285714285714,1.4285714285714286,1.5714285714285714,1.5833333333333333,0.9230769230769231,0.9230769230769231,2.1538461538461537,1.0,1.5384615384615385,2.076923076923077,0.5714285714285714
108.8,138.5,202.66666666666666,117.6,279.0,129.4,197.0,169.5,130.66666666666666,95.16666666666667,128.33333333333334,150.83333333333334
210.25,384.25,213.25,225.75,244.0,231.66666666666666,367.0,266.25,256.5,190.25,249.25,195.25
1628.2857142857142,1628.642857142857,1355.4285714285713,1166.4285714285713,1106.6153846153845,1028.3076923076924,1018.3076923076923,1047.923076923077,1207.2307692307693,1284.076923076923,1470.8461538461538,1552.0
1716.5714285714287,1722.4642857142858,1406.75,1287.357142857143,1127.6538461538462,1188.8076923076924,1306.04,1173.576923076923,1611.6538461538462,1477.2307692307693,1710.0384615384614,1696.7857142857142
662.3421052631579,596.6052631578947,503.94736842105266,449.0,450.8,418.6,436.25714285714287,441.0571428571429,498.55882352941177,497.9142857142857,548.1142857142858,584.8378378378378
2120.3571428571427,2296.6428571428573,1795.142857142857,1562.357142857143,1490.6153846153845,1371.923076923077,1403.3076923076924,1333.8461538461538,1510.6153846153845,1545.8461538461538,1807.7692307692307,1985.4285714285713
1079.3809523809523,949.3809523809524,770.7857142857143,708.2142857142857,687.3846153846154,640.8717948717949,727.8717948717949,677.1025641025641,768.5897435897435,812.2307692307693,869.0,960.9047619047619
1057.2857142857142,1044.142857142857,870.3571428571429,827.5,785.1538461538462,840.5384615384615,986.7692307692307,923.0,1001.5384615384615,892.4615384615385,986.3846153846154,996.8571428571429
185.57142857142858,189.14285714285714,156.60714285714286,134.17857142857142,126.92307692307692,110.46153846153847,110.84615384615384,111.96153846153847,130.1153846153846,136.03846153846155,162.03846153846155,173.60714285714286
374.42857142857144,349.92857142857144,300.7142857142857,322.85714285714283,333.15384615384613,358.2307692307692,395.0,356.53846153846155,380.15384615384613,333.2307692307692,329.0769230769231,312.61538461538464
96.71428571428571,116.85714285714286,96.57142857142857,95.14285714285714,102.61538461538461,109.07692307692308,122.0,113.76923076923077,115.53846153846153,98.6923076923077,104.53846153846153,95.21428571428571
176.85714285714286,189.35714285714286,165.28571428571428,172.64285714285714,178.46153846153845,194.23076923076923,218.92307692307693,185.0,265.2307692307692,178.07692307692307,180.6153846153846,165.78571428571428
1293.7857142857142,1402.5714285714287,1141.0714285714287,1113.0,865.6923076923077,848.4615384615385,884.3846153846154,885.8461538461538,998.1538461538462,1104.1538461538462,1365.0,1334.7142857142858
2285.5714285714284,2101.5714285714284,1439.7857142857142,1319.357142857143,1406.5384615384614,1374.4615384615386,1096.5833333333333,1223.7692307692307,1290.3846153846155,1207.923076923077,1437.7692307692307,1687.5714285714287
1338.2875,1435.5625,1220.6625,1093.79012345679,1029.2668918918919,1123.847972972973,993.2431506849315,946.33,1118.445945945946,1022.3866666666667,1221.5333333333333,1343.45
1124.2142857142858,1132.857142857143,956.5714285714286,829.5714285714286,815.2307692307693,708.5384615384615,774.4230769230769,718.6538461538462,820.4230769230769,830.2692307692307,967.5384615384615,1057.25
923.1428571428571,910.0714285714286,754.1428571428571,646.3571428571429,644.6923076923077,647.3076923076923,703.9230769230769,706.6153846153846,792.0,804.2307692307693,864.3076923076923,884.1428571428571
1751.5714285714287,1011.2857142857143,520.9285714285714,810.2857142857143,943.4615384615385,2907.3076923076924,5627.0,4672.0,5042.41,4789.41,5627.5638461538465,4404.642857142857
1145.6785714285713,1204.0357142857142,1021.0357142857143,949.2857142857143,934.3846153846154,838.0769230769231,831.7692307692307,798.7692307692307,876.3076923076923,807.5,1017.6923076923077,1144.3214285714287
2887.7380952380954,2796.5476190476193,2290.0238095238096,1954.5,1900.7179487179487,1754.8947368421052,1894.820512820513,1842.179487179487,2094.6153846153848,2142.7948717948716,2602.230769230769,2715.285714285714
2870.714285714286,2649.964285714286,2208.3928571428573,2067.214285714286,1979.0384615384614,1886.4615384615386,2002.076923076923,1861.0,2282.769230769231,2188.6153846153848,2330.5384615384614,2645.3928571428573
235.89285714285714,227.96428571428572,200.10714285714286,204.14285714285714,214.03846153846155,228.69230769230768,218.30769230769232,207.30769230769232,229.65384615384616,203.8846153846154,216.03846153846155,224.35714285714286
924.1538461538462,736.1,1417.7142857142858,876.4444444444445,759.6428571428571,887.2,1058.5555555555557,1328.1666666666667,799.7777777777778,1111.2,913.75,1040.7857142857142
786.0,567.030303030303,1151.3809523809523,639.4516129032259,730.8095238095239,769.5454545454545,829.516129032258,1027.7894736842106,699.9655172413793,821.969696969697,669.4615384615385,839.5714285714286
2013.754716981132,1767.375,2796.5178571428573,1634.5675675675675,1761.125,1770.625,2365.027777777778,2345.9791666666665,2027.1470588235295,2405.390243902439,1919.21875,2331.464285714286
2151.5714285714284,2135.0,1767.142857142857,1523.7857142857142,1509.3846153846155,1439.7692307692307,1491.6923076923076,1503.7692307692307,1726.3076923076924,1801.5384615384614,1987.923076923077,2027.7857142857142
1995.392857142857,1960.25,1679.857142857143,1432.0357142857142,1535.0384615384614,1484.8846153846155,1313.1923076923076,1405.8076923076924,1662.1538461538462,1646.3846153846155,1706.6538461538462,1821.857142857143
475.0,462.7857142857143,388.07142857142856,343.42857142857144,326.2307692307692,296.6923076923077,312.0769230769231,306.0,359.15384615384613,370.61538461538464,450.0,471.7857142857143
1220.4285714285713,1301.357142857143,1015.2857142857143,858.7857142857143,807.9230769230769,766.2307692307693,790.6153846153846,785.4615384615385,903.5384615384615,924.7692307692307,1101.2307692307693,1149.357142857143
1440.357142857143,1596.142857142857,1304.25,987.5,901.6153846153846,810.2307692307693,828.9230769230769,828.3076923076923,953.9230769230769,988.1538461538462,1180.5384615384614,1311.0
1298.7857142857142,1362.0,1151.2142857142858,1092.75,1126.1153846153845,1046.6153846153845,911.0769230769231,871.6153846153846,1005.1923076923077,1017.2692307692307,1049.826923076923,1271.357142857143
1293.3333333333333,1546.875,1354.142857142857,1010.7272727272727,1069.2727272727273,750.8181818181819,949.0,846.4615384615385,983.9230769230769,930.2307692307693,1277.111111111111,1367.7142857142858
33.285714285714285,45.785714285714285,30.428571428571427,33.357142857142854,31.53846153846154,33.15384615384615,112.61538461538461,363.53846153846155,691.3076923076923,371.7692307692308,478.84615384615387,339.7142857142857
1581.4285714285713,1690.7142857142858,1367.9285714285713,1173.9285714285713,1174.3076923076924,1155.0,1247.076923076923,1183.2307692307693,1357.923076923077,1365.3076923076924,1566.4615384615386,1603.857142857143
696.3571428571429,711.1785714285714,577.75,504.0,474.7307692307692,436.7307692307692,442.2692307692308,443.0769230769231,493.0,510.3076923076923,582.2692307692307,652.1785714285714
1307.642857142857,1343.5714285714287,1112.9285714285713,987.1428571428571,1038.5384615384614,988.0769230769231,955.5384615384615,980.3846153846154,1005.1538461538462,951.2307692307693,1120.4615384615386,1179.5
1728.9259259259259,2563.6785714285716,1566.2857142857142,1488.142857142857,1514.4615384615386,1462.6538461538462,1457.2307692307693,1336.3846153846155,1386.2307692307693,1385.8076923076924,1525.6153846153845,1494.5714285714287
302.5892857142857,330.35714285714283,287.10714285714283,284.57142857142856,313.8269230769231,321.21153846153845,362.63461538461536,333.36538461538464,332.1923076923077,296.5769230769231,299.9807692307692,286.55357142857144
2789.785714285714,2477.0714285714284,1990.2142857142858,1695.5714285714287,1568.923076923077,1528.7692307692307,1647.3076923076924,1552.1538461538462,1732.8461538461538,1849.6153846153845,2098.0,2463.0714285714284
114.7,147.3,109.1,132.5,117.33333333333333,123.55555555555556,153.44444444444446,117.6,134.55555555555554,110.8,116.9,115.7
1497.7349397590363,1342.345238095238,1082.297619047619,1030.3095238095239,925.2051282051282,890.4871794871794,950.8333333333334,888.1025641025641,1091.7820512820513,1054.6666666666667,1179.423076923077,1396.107142857143
1560.25,1563.5,1318.7857142857142,1295.642857142857,1198.6923076923076,1214.8846153846155,1322.8076923076924,1233.5,1367.5384615384614,1340.3076923076924,1425.6538461538462,1492.857142857143
594.2380952380952,587.7857142857143,479.1666666666667,421.9761904761905,412.9230769230769,397.79487179487177,411.2564102564103,416.94871794871796,489.12820512820514,474.97435897435895,529.2820512820513,571.7142857142857
2148.714285714286,2113.6428571428573,1705.4285714285713,1597.2142857142858,1333.3846153846155,1302.076923076923,1493.4615384615386,1370.3846153846155,1672.5384615384614,1767.6153846153845,1847.0,2023.5714285714287
1542.0,1538.7857142857142,1273.0714285714287,1149.357142857143,969.6923076923077,948.9230769230769,968.4615384615385,905.6923076923077,1039.2307692307693,1174.4615384615386,1174.6923076923076,1549.4285714285713
3083.5714285714284,3029.8928571428573,2537.75,2078.0,1940.7692307692307,1864.6923076923076,1771.0,1784.8461538461538,2033.3076923076924,2228.923076923077,2374.153846153846,2645.5714285714284
1124.857142857143,1069.7857142857142,931.4285714285714,782.3571428571429,789.9230769230769,753.3846153846154,694.3076923076923,718.2307692307693,787.3846153846154,749.5384615384615,862.5384615384615,1057.2857142857142
4292.492857142857,4456.471428571429,3496.1714285714284,3120.6714285714284,3107.4076923076923,2864.1769230769232,2917.4076923076923,2900.230769230769,3253.7,3193.153846153846,3859.3846153846152,4023.385714285714
701.6117721518988,752.6455696202531,627.1687341772152,496.11392405063293,545.2083333333334,511.6621621621622,557.8986486486486,491.7094594594595,527.0416666666666,499.0810810810811,624.1733333333333,678.493670886076
3455.785714285714,3523.5714285714284,2925.0,2548.1428571428573,2717.769230769231,2444.153846153846,2405.3076923076924,2303.3076923076924,2718.076923076923,2422.846153846154,3245.0,3346.714285714286
1352.2857142857142,1320.642857142857,1438.7142857142858,1365.142857142857,1291.6923076923076,1247.8461538461538,1247.3846153846155,1092.0,1094.6923076923076,1134.3846153846155,1114.1538461538462,1317.857142857143
1102.2857142857142,1123.392857142857,892.6785714285714,786.9642857142857,819.6153846153846,741.7692307692307,716.6538461538462,704.2307692307693,818.8846153846154,809.5769230769231,926.9615384615385,1045.357142857143
1278.7857142857142,1322.357142857143,1003.2857142857143,878.7857142857143,817.6153846153846,695.0,771.3846153846154,741.5384615384615,877.3076923076923,887.4615384615385,1055.3846153846155,1127.357142857143
191.78571428571428,201.78571428571428,153.07142857142858,155.28571428571428,165.08333333333334,161.07692307692307,193.30769230769232,179.23076923076923,187.0,180.46153846153845,186.84615384615384,163.78571428571428
165.21428571428572,180.85714285714286,153.21428571428572,156.85714285714286,168.6153846153846,167.76923076923077,196.0,192.30769230769232,184.23076923076923,153.69230769230768,164.69230769230768,155.5
791.5714285714286,696.9285714285714,799.0714285714286,712.6428571428571,687.3846153846154,716.3076923076923,665.9230769230769,530.6923076923077,579.9230769230769,632.0,645.4615384615385,727.7857142857143
967.0,970.0714285714286,837.7142857142857,663.0714285714286,668.3846153846154,609.0,615.0,576.6923076923077,661.4615384615385,683.9230769230769,816.9230769230769,897.0714285714286
1370.4285714285713,1466.142857142857,1196.2857142857142,1036.4285714285713,1047.4615384615386,959.3076923076923,975.4615384615385,934.6923076923077,1120.6923076923076,989.1538461538462,1247.0,1307.5714285714287
2289.4117647058824,4978.3125,3429.0,3479.0625,2403.6666666666665,1617.0666666666666,1408.5,1568.5625,1417.125,1192.59375,1287.8125,1760.0588235294117
37.833333333333336,46.833333333333336,34.666666666666664,60.166666666666664,1122.5,3528.5833333333335,3612.8333333333335,4164.083333333333,4752.25,4777.5,5728.083333333333,1544.4166666666667
1815.5833333333333,2383.25,2124.714285714286,1494.8181818181818,1583.0,1215.6363636363637,1677.5454545454545,1414.7692307692307,1535.3846153846155,1540.5384615384614,1994.4444444444443,2168.0714285714284
1063.892857142857,1017.5,863.3928571428571,805.8214285714286,761.2307692307693,732.8461538461538,803.1153846153846,722.9230769230769,789.2692307692307,757.6538461538462,826.0,963.5714285714286
949.5714285714286,1012.5714285714286,812.4285714285714,846.9642857142857,820.1153846153846,745.6153846153846,834.3846153846154,739.5384615384615,849.0,791.4615384615385,994.0,1038.7857142857142
772.3571428571429,716.0714285714286,633.4285714285714,594.0,593.6923076923077,591.9230769230769,634.8461538461538,520.3846153846154,597.6666666666666,791.1538461538462,816.0,856.7142857142857
3867.4285714285716,3633.5,3737.714285714286,3300.5714285714284,3689.3076923076924,3556.3846153846152,3515.230769230769,3326.3846153846152,3698.923076923077,3611.769230769231,3670.230769230769,3846.785714285714
97.64285714285714,108.35714285714286,82.42857142857143,84.85714285714286,89.38461538461539,89.84615384615384,114.07692307692308,116.46153846153847,115.0,89.84615384615384,110.92307692307692,76.64285714285714
486.64285714285717,494.2857142857143,402.7857142857143,347.07142857142856,344.38461538461536,318.3076923076923,356.84615384615387,337.0769230769231,387.38461538461536,396.2307692307692,446.46153846153845,460.14285714285717
1364.7142857142858,1480.0714285714287,1183.2857142857142,998.3571428571429,956.8461538461538,860.6923076923077,908.9230769230769,903.7692307692307,1029.3846153846155,1015.4615384615385,1234.2307692307693,1290.0
147.42857142857142,163.28571428571428,134.92857142857142,132.42857142857142,150.07692307692307,154.15384615384616,167.53846153846155,164.07692307692307,164.07692307692307,144.30769230769232,147.15384615384616,140.07142857142858
354.0,283.2142857142857,254.92857142857142,232.92857142857142,218.46153846153845,203.76923076923077,225.0,273.15384615384613,314.61538461538464,293.0,303.84615384615387,327.85714285714283
1145.4285714285713,1128.9285714285713,931.3928571428571,805.1428571428571,768.9615384615385,685.1923076923077,715.1538461538462,691.0384615384615,788.6538461538462,861.5384615384615,985.9615384615385,1068.6785714285713
1950.142857142857,1921.2142857142858,1608.3809523809523,1466.857142857143,1377.6923076923076,1333.923076923077,1289.5897435897436,1222.6923076923076,1456.4358974358975,1435.6410256410256,1599.7179487179487,1778.047619047619
704.5090909090909,632.25,737.0535714285714,553.6274509803922,572.925925925926,510.2040816326531,633.125,636.5686274509804,600.7659574468086,628.0,604.9148936170212,711.8392857142857
990.4761904761905,989.1666666666666,789.0714285714286,733.7142857142857,759.5384615384615,695.4615384615385,788.6923076923077,735.8974358974359,809.6410256410256,804.5897435897435,951.4615384615385,934.9285714285714
1787.9642857142858,1783.9285714285713,1469.7142857142858,1433.1785714285713,1369.0,1194.8076923076924,1373.9615384615386,1160.2692307692307,1282.7692307692307,1297.3076923076924,1493.6538461538462,1665.6785714285713
2736.5,2763.214285714286,2222.3571428571427,2096.4285714285716,1721.3076923076924,1431.7692307692307,1670.0,1512.923076923077,1784.1538461538462,1934.0,2382.923076923077,2482.0
1521.2857142857142,558.6,2099.8333333333335,916.375,548.0,436.8333333333333,461.6666666666667,447.0,267.6,261.6,403.8,553.3333333333334
284.6666666666667,256.0,256.44444444444446,338.6666666666667,277.375,296.125,231.125,281.625,310.75,217.0,205.625,419.22222222222223
212.35714285714286,205.71428571428572,174.78571428571428,127.0,134.69230769230768,122.6923076923077,124.07692307692308,124.07692307692308,140.53846153846155,139.84615384615384,174.6153846153846,196.57142857142858
1966.4285714285713,2236.6428571428573,2008.5,1783.0,1721.8461538461538,1578.923076923077,1673.3846153846155,1603.8461538461538,1753.1538461538462,1725.0,1875.6153846153845,1846.9285714285713
1405.6190476190477,1396.4166666666667,2054.5,1310.1764705882354,1467.7368421052631,1512.1333333333334,1502.5555555555557,1619.1,1349.4,1477.611111111111,1342.2222222222222,1990.5454545454545
1577.642857142857,1526.142857142857,1263.642857142857,1084.642857142857,1066.1538461538462,892.0,930.1538461538462,952.6923076923077,1107.076923076923,1167.0,1313.6923076923076,1447.5714285714287
2037.2857142857142,2135.9285714285716,1693.4285714285713,1612.142857142857,1509.4615384615386,1458.076923076923,1760.3076923076924,1607.076923076923,1954.4615384615386,1875.076923076923,1907.3076923076924,1944.7857142857142
1908.5714285714287,1974.0714285714287,1597.5,1378.142857142857,1321.5384615384614,1241.0,1277.6153846153845,1316.3846153846155,1512.5384615384614,1532.1538461538462,1669.6153846153845,1774.5
1825.642857142857,1984.857142857143,1587.0,1347.9285714285713,1346.6923076923076,1292.8461538461538,1366.0,1354.076923076923,1553.4615384615386,1581.923076923077,1818.4615384615386,1760.0
30.25,17.0,43.642857142857146,109.0,248.9090909090909,323.90909090909093,397.54545454545456,420.61538461538464,320.3076923076923,154.30769230769232,20.0,25.571428571428573
295.3414634146341,323.2631578947368,218.61904761904762,205.40540540540542,198.925,208.66666666666666,188.55882352941177,192.8421052631579,223.05714285714285,195.41666666666666,291.8235294117647,269.0238095238095
1588.857142857143,1488.357142857143,1309.642857142857,1115.5,1157.6923076923076,984.3076923076923,955.0769230769231,1032.3076923076924,1176.1538461538462,1206.2307692307693,1412.4615384615386,1612.5
1359.7857142857142,1340.7142857142858,1127.4285714285713,964.7857142857143,903.0,804.0,816.0,834.9230769230769,963.2307692307693,1019.2307692307693,1171.3076923076924,1287.9285714285713
451.5,455.7142857142857,368.2857142857143,321.0,318.38461538461536,298.2307692307692,322.9230769230769,327.38461538461536,373.61538461538464,380.38461538461536,430.15384615384613,448.7857142857143
1532.4285714285713,1458.0714285714287,1298.142857142857,929.7857142857143,805.3076923076923,765.5384615384615,826.0,812.9230769230769,1072.923076923077,1182.1538461538462,1293.6153846153845,1402.0714285714287
936.75,1079.25,1129.857142857143,656.7272727272727,809.6363636363636,633.4545454545455,827.1818181818181,777.3846153846154,794.7692307692307,776.3846153846154,978.5555555555555,1140.2857142857142
280.0,273.3333333333333,235.33333333333334,239.66666666666666,206.66666666666666,176.0,180.33333333333334,193.0,193.0,252.33333333333334,253.66666666666666,263.0
500.38461538461536,505.55555555555554,886.3571428571429,495.625,601.5714285714286,674.4,639.8888888888889,876.3846153846154,535.7142857142857,670.2,463.8333333333333,687.1428571428571
810.5714285714286,706.0,686.8571428571429,615.0714285714286,539.5384615384615,521.9230769230769,444.0,468.3076923076923,522.1538461538462,610.0,691.0,777.7142857142857
1778.3030303030303,1795.6666666666667,1581.4545454545455,1282.2424242424242,1180.7333333333333,1075.8333333333333,1216.5,1210.6,1371.4333333333334,1485.8,1590.0,1711.3939393939395
0.0,0.0,0.0,1.6,0.0,1.25,0.0,0.0,4.6,0.0,2.0,0.8
0.0,1.6,0.0,0.0,0.0,0.0,1.6,0.0,0.0,0.0,0.0,0.8
78.18181818181819,93.0909090909091,73.81818181818181,77.72727272727273,74.3,83.6,108.81818181818181,89.36363636363636,96.2,80.45454545454545,80.81818181818181,77.9090909090909
0.0,0.0,0.0,0.0,0.0,0.0,0.0,0.0,0.0,0.0,0.0,0.0
181.25,281.0,341.3333333333333,173.0,351.0,250.75,401.3333333333333,339.2,254.2,170.4,295.0,278.2
131.75,203.0,256.8333333333333,130.4,259.3333333333333,189.5,315.0,252.4,189.8,128.0,208.5,210.6
185.5,268.5,168.0,188.5,190.0,192.0,360.0,404.0,193.0,198.0,354.0,174.0
1041.375,2729.75,1179.6666666666667,962.2222222222222,719.4285714285714,471.2857142857143,654.5714285714286,704.7142857142857,578.7142857142857,360.0,754.5714285714286,981.8571428571429
3957.16,5956.52,3880.875,3409.625,2876.809523809524,2892.8333333333335,3736.125,3818.625,3621.625,2426.625,2906.44,3325.32
242.0,382.0,243.0,239.5,236.0,272.0,476.0,502.0,262.0,237.0,540.0,246.0
680.1428571428571,617.2142857142857,493.42857142857144,421.0,406.46153846153845,381.61538461538464,412.84615384615387,418.2307692307692,478.38461538461536,491.53846153846155,594.5384615384615,668.1428571428571
105.5,116.28571428571429,100.35714285714286,97.78571428571429,113.76923076923077,116.92307692307692,131.3846153846154,118.15384615384616,119.07692307692308,103.84615384615384,104.23076923076923,102.42857142857143
2455.214285714286,2437.8571428571427,1921.5,1674.7142857142858,1598.7692307692307,1459.5384615384614,1544.076923076923,1570.0,1775.6923076923076,1765.076923076923,2149.153846153846,2365.1428571428573
786.7857142857143,790.4285714285714,681.3571428571429,568.5714285714286,538.8461538461538,545.3076923076923,521.8461538461538,545.0,620.6153846153846,639.2307692307693,698.8461538461538,731.8571428571429
1059.642857142857,1142.5714285714287,812.5714285714286,797.0,691.3076923076923,642.5384615384615,723.0769230769231,690.3846153846154,777.4615384615385,771.6153846153846,1037.75,1077.857142857143
0.0,1.3333333333333333,0.6666666666666666,0.0,1.6,0.0,1.0,0.8,2.0,0.8,0.0,0.0
1570.9107142857142,1512.4818181818182,1245.0625,1081.625,1054.2307692307693,1034.5384615384614,972.3269230769231,1033.1346153846155,1229.0384615384614,1187.3461538461538,1403.9615384615386,1438.25
924.0,972.6428571428571,767.9285714285714,657.4285714285714,619.3076923076923,646.3846153846154,663.3846153846154,619.3846153846154,694.3846153846154,693.6153846153846,848.8461538461538,869.6428571428571
699.4285714285714,720.7857142857143,584.0,447.7857142857143,461.38461538461536,499.61538461538464,432.38461538461536,449.15384615384613,496.6923076923077,512.2307692307693,641.0,720.8571428571429
105.07142857142857,127.42857142857143,102.85714285714286,104.64285714285714,111.15384615384616,116.6923076923077,127.84615384615384,116.92307692307692,119.76923076923077,102.61538461538461,110.84615384615384,99.42857142857143
577.6666666666666,373.0,121.16666666666667,73.5,128.33333333333334,148.66666666666666,130.83333333333334,122.33333333333333,117.0,136.2,101.2,133.16666666666666
1979.857142857143,2047.2142857142858,1675.857142857143,1404.142857142857,1413.2307692307693,1334.923076923077,1366.0,1405.4615384615386,1576.5384615384614,1603.0,1871.6153846153845,1897.5714285714287
1404.2962962962963,1484.3333333333333,1164.4285714285713,1081.44,921.7692307692307,983.0869565217391,1066.375,1014.56,1222.3478260869565,1208.0833333333333,1463.7619047619048,1303.25
980.6785714285714,1014.3571428571429,840.1428571428571,788.3928571428571,746.0,675.0769230769231,668.4230769230769,588.8461538461538,670.5769230769231,686.8076923076923,822.2692307692307,881.5
240.0,287.0,250.57142857142858,185.36363636363637,214.45454545454547,140.54545454545453,219.36363636363637,153.6153846153846,172.46153846153845,164.53846153846155,226.33333333333334,252.78571428571428
1681.7857142857142,1522.2857142857142,1292.4285714285713,1070.642857142857,1107.6923076923076,994.6153846153846,937.3076923076923,932.3076923076923,1048.7692307692307,1106.3846153846155,1307.4615384615386,1508.5714285714287
2049.3846153846152,1375.888888888889,2968.285714285714,1746.6666666666667,1929.7142857142858,1720.090909090909,2194.7,1939.8461538461538,1901.875,1967.0,1390.0,2789.714285714286
746.5952380952381,752.9047619047619,639.5952380952381,560.2142857142857,570.3333333333334,558.6410256410256,547.7692307692307,543.5384615384615,608.2307692307693,619.4102564102565,684.8717948717949,714.8333333333334
1084.0460714285714,1063.2603571428572,875.8675000000001,851.9389285714286,936.2307692307693,976.1923076923077,1077.076923076923,954.0384615384615,1098.3846153846155,981.8846153846154,867.1538461538462,1018.0
62.142857142857146,80.0,55.642857142857146,55.214285714285715,59.61538461538461,61.15384615384615,74.0,62.84615384615385,66.6923076923077,55.0,58.07692307692308,52.92857142857143
1294.857142857143,1512.7857142857142,1235.0714285714287,986.7142857142857,671.6923076923077,526.9230769230769,542.5384615384615,475.9230769230769,443.3076923076923,399.53846153846155,607.2307692307693,843.9285714285714
93.35714285714286,102.07142857142857,87.35714285714286,88.42857142857143,94.53846153846153,97.38461538461539,114.92307692307692,102.61538461538461,106.61538461538461,91.3076923076923,94.53846153846153,88.0
1041.5535714285713,1096.375,866.8392857142857,810.3928571428571,741.6153846153846,742.2884615384615,780.9038461538462,752.8269230769231,871.1923076923077,856.6730769230769,926.5961538461538,986.9821428571429
2747.214285714286,2745.0714285714284,2278.0,1793.142857142857,1880.5384615384614,1760.076923076923,1637.6923076923076,1787.923076923077,2004.8461538461538,1897.6923076923076,2221.6153846153848,2259.9285714285716
2848.785714285714,2233.9285714285716,3454.3571428571427,1972.2142857142858,2305.0,2232.3076923076924,2331.3076923076924,2702.769230769231,2320.6923076923076,2495.076923076923,2154.6153846153848,3067.285714285714
1697.3333333333333,1797.125,2154.0714285714284,1281.0,1631.6363636363637,1209.909090909091,1705.4545454545455,1443.2307692307693,1484.3846153846155,1472.3076923076924,1886.4444444444443,2096.6428571428573
1155.857142857143,1074.0,823.1428571428571,710.7857142857143,732.4615384615385,712.9230769230769,694.3846153846154,665.1538461538462,765.8461538461538,726.8461538461538,977.1538461538462,1099.2142857142858
1181.5,1294.2857142857142,919.8928571428571,917.1428571428571,853.8076923076923,833.4,925.6923076923077,908.9230769230769,1020.8461538461538,966.6923076923077,1249.304347826087,1261.892857142857
1988.357142857143,2159.535714285714,1565.642857142857,1498.0,1362.1538461538462,1246.0,1388.3461538461538,1429.6538461538462,1590.576923076923,1550.923076923077,1957.6666666666667,2027.5714285714287
182.0,215.42857142857142,166.5,145.5,154.46153846153845,150.76923076923077,163.15384615384616,168.92307692307693,174.69230769230768,195.3846153846154,188.92307692307693,177.42857142857142
1515.107142857143,1644.607142857143,1279.0714285714287,1229.4642857142858,1320.423076923077,1291.3076923076924,1353.3846153846155,1211.3846153846155,1430.0,1275.6538461538462,1406.0,1380.9285714285713
2830.730769230769,2590.1153846153848,2182.576923076923,1867.2692307692307,1778.76,1617.56,1646.72,1622.16,1895.64,1977.44,2388.16,2553.0
2056.769230769231,1947.0833333333333,1869.0,1461.0,1318.3333333333333,1220.1666666666667,1127.25,1116.75,1205.6666666666667,1377.5,1631.5,1844.3846153846155
1816.6666666666667,1979.875,2288.1428571428573,1522.1818181818182,1685.3636363636363,1239.5454545454545,1732.3636363636363,1494.3846153846155,1598.0,1564.3076923076924,2026.3333333333333,2226.1428571428573
37.0,58.125,37.857142857142854,40.27272727272727,40.0,36.18181818181818,45.27272727272727,40.07692307692308,36.07692307692308,38.30769230769231,45.44444444444444,42.142857142857146
1652.8214285714287,1643.75,1366.392857142857,1182.0,1132.923076923077,996.1538461538462,1029.2692307692307,1025.5384615384614,1175.9615384615386,1204.576923076923,1425.8461538461538,1635.142857142857
1578.5714285714287,1659.7142857142858,1373.4285714285713,1213.5,1125.3846153846155,1019.7692307692307,1072.7692307692307,980.0,1163.076923076923,1175.6153846153845,1471.4615384615386,1597.0
2161.4615384615386,1721.6666666666667,3352.8214285714284,1845.235294117647,2217.230769230769,1845.15,2542.7368421052633,2444.3076923076924,2037.4705882352941,2583.4,2082.9166666666665,2888.5714285714284
2.2142857142857144,2.2142857142857144,2.0,1.4285714285714286,2.769230769230769,1.8461538461538463,2.4615384615384617,1.7692307692307692,2.769230769230769,1.7692307692307692,2.4615384615384617,1.8571428571428572
147.32142857142858,161.85714285714286,141.53571428571428,134.46428571428572,155.23076923076923,156.3846153846154,167.0,156.69230769230768,152.76923076923077,125.46153846153847,142.84615384615384,141.92857142857142
292.2857142857143,301.5,245.57142857142858,221.07142857142858,212.84615384615384,201.76923076923077,211.07692307692307,212.23076923076923,242.23076923076923,249.6153846153846,294.0769230769231,309.85714285714283
300976.1045,382843.4031428572,326789.9010740741,307636.4985185185,220244.45214814812,185027.70565384615,171588.61288,148023.00948,167498.60254166668,127384.52432,188811.587,240711.7901923077
573.9285714285714,557.8571428571429,447.07142857142856,408.7142857142857,422.6923076923077,509.0,571.9230769230769,535.7692307692307,606.4615384615385,510.9230769230769,526.8461538461538,524.5
160.23076923076923,160.11111111111111,279.14285714285717,152.5,188.0,229.2,222.44444444444446,305.7692307692308,183.85714285714286,231.1,156.83333333333334,216.78571428571428
655.1428571428571,714.2857142857143,593.2142857142857,538.3571428571429,607.4615384615385,611.0769230769231,684.8461538461538,641.7692307692307,651.3076923076923,595.9230769230769,616.6153846153846,605.9285714285714
625.452380952381,621.2619047619048,522.1190476190476,487.6904761904762,751.1538461538462,868.6410256410256,933.3076923076923,925.5897435897435,1020.4102564102565,1009.0769230769231,1043.025641025641,650.9761904761905
91.75,91.6,76.35,66.8,64.22222222222223,59.8421052631579,58.1578947368421,58.8421052631579,74.875,71.05555555555556,78.0,84.1
3172.153846153846,2585.923076923077,2300.0714285714284,2337.714285714286,2054.25,1895.9166666666667,1527.0,1476.8333333333333,1708.4166666666667,1689.75,1967.3333333333333,2513.923076923077
2239.6428571428573,2252.0714285714284,1967.7142857142858,1835.0,1785.4615384615386,1763.0,1862.8461538461538,1618.9166666666667,2082.923076923077,1922.1538461538462,2062.230769230769,2195.785714285714
2453.5,2636.75,2338.8571428571427,1766.5454545454545,2099.7272727272725,1631.2727272727273,2038.2727272727273,1833.4615384615386,1633.923076923077,1534.0,2529.8888888888887,2713.9285714285716
10639.92857142857,14251.92857142857,10397.785714285714,8490.714285714286,4681.461538461538,2814.923076923077,2886.6923076923076,2999.230769230769,2730.4615384615386,2313.6153846153848,5139.076923076923,8895.142857142857
159.25,332.0,441.2,466.6,267.5,86.75,246.25,129.75,120.25,75.75,141.0,177.75
1028.0714285714287,1126.357142857143,942.5357142857143,833.1785714285714,845.0384615384615,726.2307692307693,823.3846153846154,816.0384615384615,880.6538461538462,896.3461538461538,994.6923076923077,946.3928571428571
579.8214285714286,838.75,572.6071428571429,447.57142857142856,423.53846153846155,395.38461538461536,420.53846153846155,376.46153846153845,492.53846153846155,442.84615384615387,542.5384615384615,618.7857142857143
460.64285714285717,512.1428571428571,422.57142857142856,339.14285714285717,333.0769230769231,300.3076923076923,306.84615384615387,313.46153846153845,376.3076923076923,326.2307692307692,407.6923076923077,443.64285714285717
1329.4285714285713,1304.357142857143,1079.0714285714287,920.6428571428571,907.3846153846154,829.6153846153846,858.4615384615385,850.0769230769231,978.3076923076923,993.3076923076923,1162.5384615384614,1257.7857142857142
1791.7142857142858,2018.857142857143,1590.857142857143,1267.5714285714287,1066.3076923076924,1048.076923076923,1047.6923076923076,1068.076923076923,1200.3846153846155,1446.923076923077,1483.1538461538462,1621.142857142857
1642.2857142857142,1555.357142857143,1268.5892857142858,1121.2857142857142,1063.5384615384614,1010.3846153846154,936.0769230769231,969.1923076923077,1090.1960784313726,1138.0576923076924,1286.3653846153845,1576.1964285714287
119.5,151.78571428571428,120.5,114.71428571428571,123.3076923076923,128.23076923076923,146.92307692307693,132.0,135.0,118.6923076923077,132.46153846153845,118.28571428571429
1888.0,1680.4615384615386,1455.3846153846155,1547.7142857142858,1412.8461538461538,1312.6923076923076,1297.923076923077,1284.7692307692307,1472.8461538461538,1553.923076923077,1738.5384615384614,1829.6923076923076
15.75,25.5,11.0,12.4,10.75,11.25,17.75,16.25,13.5,13.5,20.5,17.0
1155.642857142857,1176.2142857142858,1076.857142857143,973.4285714285714,870.3076923076923,778.6153846153846,793.9230769230769,725.3076923076923,825.3076923076923,826.3846153846154,906.1538461538462,1074.5714285714287
1002.1428571428571,865.7142857142857,585.4285714285714,553.8571428571429,696.7692307692307,904.1538461538462,665.75,734.8461538461538,774.2307692307693,840.2307692307693,938.3076923076923,976.2142857142857
1056.5714285714287,1087.392857142857,901.2142857142857,762.4285714285714,749.0384615384615,760.1923076923077,676.08,691.0769230769231,706.1538461538462,727.6538461538462,880.2307692307693,994.8928571428571
1565.9285714285713,1631.7142857142858,1310.5714285714287,1156.5,1160.0,1285.2307692307693,1096.6666666666667,1269.6153846153845,1150.6153846153845,1095.7692307692307,1321.0,1506.2857142857142
218.2,229.5,396.8333333333333,207.25,211.33333333333334,284.6666666666667,260.5,513.0,313.5,377.0,214.33333333333334,286.8333333333333
121.33333333333333,162.5,109.66666666666667,108.66666666666667,126.8,132.5,173.66666666666666,150.83333333333334,155.5,117.33333333333333,132.16666666666666,114.5
159.23076923076923,166.88888888888889,275.64285714285717,190.11111111111111,181.84615384615384,234.72727272727272,237.11111111111111,307.6923076923077,191.375,225.2,166.0,216.14285714285714
4.357142857142857,4.5,4.428571428571429,4.714285714285714,6.25,5.461538461538462,5.3076923076923075,6.076923076923077,5.75,3.923076923076923,4.923076923076923,4.928571428571429
2354.5714285714284,2513.0,1906.857142857143,1581.0,1516.3076923076924,1389.076923076923,1536.8333333333333,1504.2307692307693,1680.6153846153845,1720.3846153846155,2132.230769230769,2194.5714285714284
742.9821428571429,797.625,615.9642857142857,556.6964285714286,518.9615384615385,484.6923076923077,508.1730769230769,504.28846153846155,580.0961538461538,578.5384615384615,722.9423076923077,698.0714285714286
984.8571428571429,1034.0714285714287,806.4285714285714,751.4285714285714,714.3846153846154,680.9230769230769,643.4615384615385,597.3846153846154,702.0769230769231,712.5384615384615,880.5384615384615,895.0714285714286
945.2142857142857,984.6071428571429,828.9107142857143,705.4464285714286,666.7307692307693,618.8076923076923,654.2307692307693,652.7692307692307,737.4230769230769,730.3076923076923,783.9230769230769,879.3571428571429
3272.3571428571427,3483.1428571428573,2785.0714285714284,2497.25,2333.346153846154,2347.5,2331.3846153846152,2223.346153846154,2504.346153846154,2357.346153846154,2860.0,2995.214285714286
3491.076923076923,3011.6666666666665,4863.571428571428,2568.875,3004.0,3184.1,3744.0,3648.846153846154,3022.0,3038.8,2271.8333333333335,3859.8571428571427
5470.181818181818,5817.545454545455,4198.0,3845.0,3208.5,3376.7,4056.4545454545455,3813.4545454545455,4676.0,4345.0,5189.363636363636,5149.909090909091
7.928571428571429,8.142857142857142,9.071428571428571,8.285714285714286,8.846153846153847,12.076923076923077,8.076923076923077,7.6923076923076925,9.461538461538462,6.615384615384615,8.153846153846153,8.357142857142858
1079.0,1083.5,922.2857142857143,787.8571428571429,697.3076923076923,676.6923076923077,715.3846153846154,714.2307692307693,801.3846153846154,814.5384615384615,921.8461538461538,1025.142857142857
3102.25,3340.6785714285716,2794.3571428571427,2603.964285714286,2852.153846153846,2754.6923076923076,3057.1153846153848,2882.730769230769,3053.8076923076924,2576.3846153846152,3012.230769230769,2900.8928571428573
1255.1785714285713,1341.857142857143,1103.8214285714287,1207.142857142857,931.5769230769231,937.6153846153846,898.4230769230769,875.2307692307693,1001.0961538461538,978.75,1169.5192307692307,1239.982142857143
639.7857142857143,631.2142857142857,529.0,420.85714285714283,402.15384615384613,372.38461538461536,369.61538461538464,389.6923076923077,451.61538461538464,469.2307692307692,561.5384615384615,604.0714285714286
1655.2857142857142,1654.5,1354.7142857142858,1206.0714285714287,1164.1538461538462,1106.3846153846155,1331.7692307692307,1126.7692307692307,1285.6923076923076,1345.5384615384614,1501.7692307692307,1610.7142857142858
1684.2857142857142,1675.5714285714287,1270.357142857143,1165.7142857142858,1201.3846153846155,1092.1538461538462,1109.923076923077,1088.0,1255.6153846153845,1389.4615384615386,1714.076923076923,1771.2857142857142
105.42857142857143,120.28571428571429,100.78571428571429,100.07142857142857,111.07692307692308,112.15384615384616,125.07692307692308,114.3076923076923,110.38461538461539,99.38461538461539,109.0,103.92857142857143
199.14285714285714,240.57142857142858,195.35714285714286,196.35714285714286,216.07692307692307,222.84615384615384,255.3846153846154,233.23076923076923,238.23076923076923,200.84615384615384,214.3846153846154,196.28571428571428
88.28571428571429,96.0,88.21428571428571,75.92857142857143,90.3076923076923,101.92307692307692,105.25,101.84615384615384,98.76923076923077,95.46153846153847,93.66666666666667,82.78571428571429
64.0,96.5,51.0,50.5,40.666666666666664,37.333333333333336,74.25,51.0,58.0,49.75,67.75,58.5
9.0,1.3571428571428572,9.857142857142858,26.428571428571427,69.07692307692308,81.92307692307692,92.84615384615384,90.61538461538461,105.0,103.0,76.46153846153847,21.285714285714285
2409.714285714286,2288.785714285714,1810.7142857142858,1714.2142857142858,1540.5384615384614,1375.5384615384614,1592.6923076923076,1619.2307692307693,2247.4615384615386,2150.5384615384614,2356.3846153846152,2295.9285714285716
1203.017857142857,1211.7857142857142,992.4464285714286,873.8214285714286,867.2884615384615,829.2692307692307,885.25,842.1538461538462,977.1346153846154,935.3846153846154,1053.7692307692307,1151.6607142857142
1751.6785714285713,1811.75,1480.0357142857142,1417.5357142857142,1429.72,1383.0384615384614,1566.0384615384614,1391.3461538461538,1565.16,1504.923076923077,1663.1153846153845,1585.5357142857142
197.0,282.6666666666667,187.83333333333334,197.5,227.8,230.6,329.6,261.6,263.0,199.2,237.2,172.5
1718.9285714285713,1719.642857142857,1433.0714285714287,1216.7142857142858,1034.0,1028.8461538461538,1026.076923076923,1056.0,1202.8461538461538,1239.0,1442.6153846153845,1555.5714285714287
806.2142857142857,807.4285714285714,671.5,608.5,536.3846153846154,557.9230769230769,595.7692307692307,562.4615384615385,642.7692307692307,602.3846153846154,733.3846153846154,796.8571428571429
5.384285714285714,5.741428571428571,4.741428571428571,4.598571428571428,5.029230769230769,5.153846153846154,5.0,5.3076923076923075,5.384615384615385,5.567692307692307,5.644615384615384,4.741428571428571
148.71428571428572,92.71428571428571,53.857142857142854,98.42857142857143,873.0769230769231,4370.307692307692,6702.384615384615,6665.923076923077,6167.2307692307695,5253.7692307692305,4731.7692307692305,1351.9285714285713
1265.7857142857142,1269.142857142857,994.2857142857143,891.6666666666666,837.7179487179487,782.7435897435897,917.5897435897435,848.1794871794872,991.7435897435897,994.5641025641025,1112.6666666666667,1145.9761904761904
702.0714285714286,693.8571428571429,520.6428571428571,513.5,466.53846153846155,371.8333333333333,570.6153846153846,406.0769230769231,486.46153846153845,496.0769230769231,632.75,696.0
1006.0714285714286,1075.642857142857,877.4285714285714,764.0,681.3846153846154,712.4615384615385,783.6153846153846,790.7692307692307,877.6923076923077,849.9230769230769,959.3076923076923,968.2142857142857
910.5714285714286,932.3571428571429,767.2857142857143,653.2857142857143,578.3076923076923,529.1538461538462,526.1538461538462,545.2307692307693,627.4615384615385,666.5384615384615,782.1538461538462,861.1428571428571
675088.3884615385,558741.2304347827,796468.3851851851,407260.74583333335,470197.4571428572,776517.8583333334,769327.9727272727,1295870.0,540367.105,665099.8791666667,373558.6722222222,741364.0615384616
747.9285714285714,817.8571428571429,661.7857142857143,617.5,650.2307692307693,625.9230769230769,675.9230769230769,624.6153846153846,710.1538461538462,657.9230769230769,712.8461538461538,709.1428571428571
1388.921052631579,1820.7,1165.6666666666667,1272.861111111111,1282.3939393939395,1255.1142857142856,1655.4285714285713,1236.7435897435898,1201.923076923077,1065.820512820513,1361.1724137931035,1174.4634146341464
496.0,233.1,724.9285714285714,544.8888888888889,525.2142857142857,334.8,669.0,525.1666666666666,551.8888888888889,475.5,494.5,529.2857142857143
791.0,1661.6,670.4,638.8333333333334,590.8,629.8,683.6,703.6,741.4,472.6,908.4,737.4
228.0,476.0,220.0,226.0,,,,480.0,256.0,180.0,456.0,222.0
2306.151515151515,2394.6666666666665,3528.6190476190477,1734.1666666666667,2574.3333333333335,1956.3666666666666,1796.46875,1881.974358974359,1738.4117647058824,1874.8529411764705,3103.4210526315787,3307.8333333333335
969.1428571428571,943.8571428571429,772.6071428571429,707.5357142857143,655.3846153846154,641.9230769230769,674.6153846153846,669.9230769230769,794.7692307692307,807.1923076923077,802.5,894.3928571428571
333.38461538461536,321.77777777777777,446.42857142857144,268.9166666666667,363.22222222222223,279.25,378.8181818181818,345.15384615384613,313.0769230769231,289.53846153846155,335.8888888888889,399.64285714285717
976.9166666666666,1146.625,1034.7857142857142,743.1818181818181,843.0,582.1818181818181,897.9090909090909,728.6923076923077,823.8461538461538,776.9230769230769,1000.6666666666666,1047.7857142857142
945.95,931.1,769.5238095238095,675.439024390244,678.4871794871794,627.775641025641,604.1089743589744,600.1858974358975,726.168918918919,762.7027027027027,831.8611111111111,839.6190476190476
1159.5238095238096,1215.547619047619,1030.9761904761904,862.452380952381,998.6666666666666,980.1538461538462,922.2564102564103,900.6923076923077,972.4871794871794,915.8974358974359,1056.5641025641025,1088.7380952380952
609.6666666666666,2367.285714285714,2588.690476190476,3445.8571428571427,2721.102564102564,3590.5897435897436,3974.051282051282,4456.589743589743,5989.051282051282,6119.538461538462,7828.410256410257,1991.404761904762
1228.2142857142858,1298.1785714285713,1016.4642857142857,883.4642857142857,900.1153846153846,823.4230769230769,906.5,904.8076923076923,977.2692307692307,1008.9230769230769,1134.5384615384614,1170.2142857142858
1333.5714285714287,1294.642857142857,1077.7857142857142,923.7142857142857,1007.0,980.6923076923077,937.9230769230769,993.6923076923077,1100.6923076923076,1055.7692307692307,1180.1538461538462,1247.2142857142858
884.6428571428571,952.2857142857143,735.2857142857143,711.7857142857143,627.9230769230769,546.6923076923077,593.6923076923077,606.3076923076923,699.1538461538462,677.2307692307693,810.1538461538462,815.0714285714286
1143.7142857142858,1225.857142857143,902.5714285714286,885.3571428571429,795.6153846153846,753.0,875.4615384615385,734.1538461538462,875.0,861.7692307692307,1088.5833333333333,1219.9285714285713
1.7142857142857142,1.5,2.9285714285714284,2.4285714285714284,3.6666666666666665,1.6153846153846154,3.1538461538461537,3.230769230769231,2.3333333333333335,2.4615384615384617,1.9230769230769231,2.5714285714285716
427.35714285714283,454.07142857142856,365.92857142857144,323.07142857142856,324.2307692307692,289.61538461538464,280.0,258.61538461538464,278.6923076923077,287.9230769230769,345.0769230769231,427.42857142857144
449.0,483.42857142857144,406.07142857142856,378.14285714285717,422.84615384615387,397.53846153846155,389.0,359.3076923076923,382.61538461538464,368.9230769230769,408.2307692307692,470.7857142857143
9996.285714285714,11488.42857142857,9108.357142857143,8077.857142857143,9737.692307692309,8292.923076923076,11690.384615384615,9938.846153846154,10829.153846153846,10305.076923076924,10055.692307692309,10431.42857142857
3.2142857142857144,2.7142857142857144,3.5714285714285716,1.7857142857142858,2.769230769230769,2.5384615384615383,3.8461538461538463,2.3846153846153846,3.8461538461538463,1.4615384615384615,3.923076923076923,2.142857142857143
801.1951219512196,660.2142857142857,842.3690476190476,552.060975609756,562.7215189873418,544.525641025641,540.9605263157895,686.7307692307693,570.2368421052631,631.671052631579,570.2763157894736,857.1547619047619
3367.3571428571427,3335.1428571428573,2605.5,2385.4285714285716,2397.846153846154,2190.769230769231,2326.0,2304.153846153846,2844.076923076923,2672.6923076923076,3019.0,3086.1428571428573
956.0714285714286,972.7142857142857,804.8571428571429,685.9285714285714,668.2307692307693,641.9230769230769,652.7692307692307,664.6923076923077,755.0,808.3846153846154,830.9230769230769,904.2142857142857
2.4285714285714284,1.7142857142857142,1.1428571428571428,2.357142857142857,1.5384615384615385,2.1538461538461537,2.6153846153846154,2.3846153846153846,2.076923076923077,1.5384615384615385,1.8461538461538463,2.142857142857143
2.4285714285714284,3.2857142857142856,2.4285714285714284,4.571428571428571,5.076923076923077,4.153846153846154,3.3076923076923075,3.3846153846153846,4.076923076923077,2.3846153846153846,3.3076923076923075,3.0
1043.25,1045.25,1305.142857142857,806.9090909090909,1186.909090909091,839.5454545454545,1164.5454545454545,936.2307692307693,962.1538461538462,876.8461538461538,1040.888888888889,1219.9285714285713
178.57142857142858,32.357142857142854,31.142857142857142,36.642857142857146,464.5833333333333,4589.0,6172.692307692308,6076.2307692307695,7465.583333333333,7101.692307692308,7649.153846153846,3084.214285714286
241.6153846153846,279.0,235.84615384615384,224.84615384615384,266.6666666666667,260.25,273.6666666666667,252.08333333333334,264.1666666666667,213.25,239.0,223.0
295.07142857142856,294.64285714285717,245.21428571428572,212.57142857142858,209.76923076923077,198.92307692307693,197.53846153846155,206.15384615384616,223.07692307692307,212.46153846153845,246.53846153846155,278.35714285714283
1141.5714285714287,1099.4285714285713,940.0,869.8214285714286,996.4230769230769,814.6153846153846,969.4230769230769,848.6538461538462,899.3461538461538,827.6153846153846,967.2307692307693,1042.107142857143
236.57142857142858,200.07142857142858,150.57142857142858,157.14285714285714,173.15384615384616,178.6153846153846,252.15384615384616,181.0,199.69230769230768,219.3846153846154,202.46153846153845,247.0
1889.5,1786.857142857143,1526.857142857143,1396.2142857142858,1537.076923076923,1420.6923076923076,1737.923076923077,2101.076923076923,2531.230769230769,2365.6923076923076,2176.846153846154,1861.642857142857
1468.5,1488.357142857143,1268.4285714285713,1251.5,1285.4615384615386,1259.7692307692307,1459.5384615384614,1310.7692307692307,1374.5384615384614,1258.7692307692307,1373.5384615384614,1358.857142857143
1050.2619047619048,963.2619047619048,723.5952380952381,646.6428571428571,651.2307692307693,640.8205128205128,729.1538461538462,686.974358974359,775.1794871794872,730.8461538461538,833.8461538461538,941.9047619047619
2407.3076923076924,2147.714285714286,2470.0,1807.25,1701.2307692307693,1782.076923076923,1653.2727272727273,2234.3846153846152,2053.4166666666665,2122.2727272727275,2069.153846153846,2529.5
2618.513137254902,2885.097291666667,2325.5321153846153,2316.063829787234,2111.4489795918366,2077.866666666667,2298.711111111111,2060.5,2465.7441860465115,2312.478260869565,2759.625,2520.846153846154
757.0714285714286,803.9285714285714,653.7857142857143,565.3571428571429,524.7692307692307,511.3076923076923,536.6153846153846,515.5384615384615,577.6923076923077,604.3076923076923,673.4615384615385,709.6428571428571
4.666666666666667,0.0,4.0,0.0,8.0,5.0,6.0,1.0,11.5,0.0,6.75,0.0
1246.0,1496.3214285714287,1264.892857142857,1052.357142857143,1119.7307692307693,1040.25,1398.0961538461538,913.6153846153846,1017.4230769230769,925.1923076923077,1057.576923076923,1195.9285714285713
618.2142857142857,676.2857142857143,535.4285714285714,464.7142857142857,425.38461538461536,392.53846153846155,407.0769230769231,402.84615384615387,459.3076923076923,473.15384615384613,554.6153846153846,577.9285714285714
2196.153846153846,2183.346153846154,1838.3846153846155,1609.1153846153845,1435.64,1574.84,1572.56,1377.04,1597.36,1667.88,1793.56,2068.346153846154
137.25,189.25,117.88888888888889,129.22222222222223,137.5,137.0,186.75,155.0,155.5,134.0,152.125,136.5
140.0,185.22222222222223,134.0,129.77777777777777,135.75,140.875,192.125,155.625,153.25,123.66666666666667,154.66666666666666,143.0
148.0,211.83333333333334,139.16666666666666,145.5,176.0,177.0,223.0,198.0,195.83333333333334,145.83333333333334,163.5,142.33333333333334
231.33333333333334,145.5,755.0,189.66666666666666,207.0,272.6666666666667,258.0,476.6666666666667,566.3333333333334,398.0,437.0,606.5
2233.0714285714284,2459.285714285714,1898.7857142857142,1633.642857142857,1628.6923076923076,1477.5384615384614,1515.6153846153845,1459.8461538461538,1668.6153846153845,1632.3846153846155,1844.5384615384614,1839.2142857142858
0.9285714285714286,4.428571428571429,1.0,3.2142857142857144,1.5833333333333333,2.6923076923076925,2.5384615384615383,2.230769230769231,2.5833333333333335,2.230769230769231,1.4615384615384615,3.0
646.5,659.6428571428571,584.5714285714286,502.7857142857143,585.3076923076923,541.4615384615385,535.3846153846154,564.0,572.5384615384615,630.3846153846154,773.3846153846154,697.6428571428571
1482.5714285714287,1434.142857142857,1194.5714285714287,1048.7857142857142,1053.3076923076924,1007.5384615384615,965.0,977.1538461538462,1103.076923076923,1200.3076923076924,1332.6153846153845,1467.9285714285713
1150.142857142857,1119.9285714285713,951.0,826.2857142857143,835.0,802.0769230769231,822.9230769230769,757.4615384615385,855.1538461538462,900.5384615384615,977.0,1035.357142857143
941.5,903.9285714285714,731.0,569.3571428571429,524.8461538461538,481.61538461538464,525.0769230769231,513.0769230769231,594.7692307692307,651.0769230769231,701.0,733.9285714285714
338.2142857142857,338.7142857142857,291.5,254.85714285714286,248.3846153846154,264.6923076923077,186.91666666666666,223.30769230769232,245.30769230769232,336.61538461538464,251.69230769230768,326.07142857142856
1346.0714285714287,1353.4285714285713,1134.9285714285713,962.8571428571429,832.0769230769231,801.8461538461538,791.2307692307693,805.2307692307693,921.1538461538462,982.8461538461538,1135.1538461538462,1266.0
2917.0,2860.3571428571427,2239.0714285714284,2005.2857142857142,1928.2307692307693,1744.6153846153845,1916.4615384615386,2032.7692307692307,2424.846153846154,2306.4615384615386,2649.3846153846152,2691.785714285714
645.8571428571429,637.3571428571429,537.8571428571429,456.07142857142856,443.61538461538464,411.61538461538464,437.15384615384613,405.53846153846155,459.15384615384613,465.61538461538464,546.6923076923077,568.2857142857143
994.5,1114.0,941.0,792.0,810.7777777777778,666.4444444444445,708.2222222222222,759.1111111111111,795.0,769.1,922.7,976.7
1668.909090909091,1837.7272727272727,1364.909090909091,1179.090909090909,1262.5,1133.0,1161.3,1200.0,1414.4444444444443,1272.6,1526.090909090909,1626.3636363636363
4963.272727272727,5372.181818181818,4778.636363636364,3710.909090909091,4045.5,3635.7,3685.9,3728.909090909091,4038.0,3728.181818181818,4438.0,4878.090909090909
113.0,128.64285714285714,107.78571428571429,98.71428571428571,116.84615384615384,122.15384615384616,130.92307692307693,119.53846153846153,125.76923076923077,101.6923076923077,117.84615384615384,114.0
891.0,839.1428571428571,793.0714285714286,653.7857142857143,539.8461538461538,511.9230769230769,621.8076923076923,513.4230769230769,618.6538461538462,582.6538461538462,667.5384615384615,864.6428571428571
237.85714285714286,265.42857142857144,222.07142857142858,222.85714285714286,241.84615384615384,252.0,274.2307692307692,260.3076923076923,261.9230769230769,228.69230769230768,241.53846153846155,224.21428571428572
1067.7857142857142,1053.857142857143,919.8571428571429,782.4285714285714,747.7692307692307,728.9561538461538,732.6484615384616,614.7253846153847,1050.9946153846154,706.6538461538462,821.3076923076923,1015.5714285714286
4094.714285714286,3605.714285714286,2967.1428571428573,2438.5714285714284,2535.769230769231,2366.153846153846,2581.846153846154,2386.5384615384614,2711.3846153846152,2653.846153846154,3037.923076923077,4156.5
1357.9285714285713,1299.5,1206.642857142857,1032.7142857142858,1098.6923076923076,1075.6923076923076,988.8461538461538,752.1538461538462,956.2692307692307,840.6538461538462,931.0769230769231,1279.7142857142858
1302.642857142857,848.7857142857143,739.5714285714286,762.7142857142857,782.1538461538462,782.3846153846154,683.6153846153846,663.5384615384615,653.6153846153846,638.2307692307693,686.9230769230769,956.2857142857143
1608.5714285714287,1740.2857142857142,1874.5,1390.857142857143,1143.1538461538462,1037.7692307692307,1083.6153846153845,980.6923076923077,1115.6923076923076,1238.5384615384614,1373.1538461538462,1614.9285714285713
1259.6190476190477,1272.7380952380952,1126.1904761904761,1063.595238095238,1061.3157894736842,1000.6153846153846,1030.948717948718,879.9487179487179,973.974358974359,893.1794871794872,991.1025641025641,1235.047619047619
858.5,874.0,1153.4285714285713,630.8181818181819,825.0909090909091,624.0909090909091,815.0,737.6923076923077,768.8461538461538,743.1538461538462,904.7777777777778,1071.5714285714287
799.9375,728.5,721.9615384615385,485.6363636363636,1069.9166666666667,470.72727272727275,932.5454545454545,656.5384615384615,775.1666666666666,704.1538461538462,832.1111111111111,767.3269230769231
12684.5,14088.142857142857,11379.0,12075.642857142857,13691.076923076924,14841.692307692309,15558.846153846154,14435.076923076924,14655.153846153846,13503.076923076924,14169.333333333334,13736.92857142857
1284.0714285714287,1356.2307692307693,1170.5,1092.857142857143,1103.2307692307693,1218.3076923076924,1297.6923076923076,1195.8461538461538,1247.8461538461538,1252.6153846153845,1194.0,1272.5714285714287
215.92857142857142,248.92857142857142,209.07142857142858,198.71428571428572,233.41666666666666,236.3846153846154,260.15384615384613,234.53846153846155,255.25,199.76923076923077,235.30769230769232,207.92857142857142
121.07142857142857,130.85714285714286,111.21428571428571,114.64285714285714,126.91666666666667,127.53846153846153,146.84615384615384,138.6153846153846,141.66666666666666,117.61538461538461,120.15384615384616,113.92857142857143
1401.2142857142858,1401.5714285714287,1184.857142857143,1055.857142857143,1016.6923076923077,1010.4615384615385,992.9230769230769,934.6153846153846,1034.0,961.6923076923077,1209.3846153846155,1340.4285714285713
1337.357142857143,1387.4285714285713,1118.7142857142858,1011.2142857142857,930.8461538461538,871.3846153846154,841.8461538461538,815.3076923076923,863.2307692307693,867.4615384615385,1132.923076923077,1272.357142857143
4.6,6.4,3.2,2.8333333333333335,5.8,5.6,6.4,4.8,5.6,4.0,5.6,4.0
312.5,393.0,277.5,306.5,266.0,293.0,588.0,562.0,282.0,301.0,546.0,278.0
1.6428571428571428,1.7142857142857142,1.1428571428571428,1.0714285714285714,2.1538461538461537,1.5384615384615385,0.6153846153846154,2.0,1.5384615384615385,1.2307692307692308,1.1538461538461537,1.5
1403.7142857142858,1338.7857142857142,1175.0,1018.0714285714286,951.7692307692307,892.5384615384615,862.4615384615385,856.0769230769231,978.3076923076923,1064.3076923076924,1233.5384615384614,1305.7142857142858
1135.4285714285713,1112.5,1020.5714285714286,890.8571428571429,927.5384615384615,852.6153846153846,891.4615384615385,825.2307692307693,923.3846153846154,861.5384615384615,982.7692307692307,1037.357142857143
2136.785714285714,2144.5714285714284,1731.9285714285713,1471.7142857142858,1421.0,1313.1538461538462,1383.7692307692307,1349.0,1571.6923076923076,1602.076923076923,1881.2307692307693,1984.0714285714287
2134.4285714285716,2141.1428571428573,1753.5714285714287,1590.5714285714287,1545.4615384615386,1713.4615384615386,1750.7692307692307,1751.7692307692307,2119.3846153846152,1895.5384615384614,1895.0,2098.5714285714284
0.6666666666666666,0.0,1.1428571428571428,0.0,1.6,0.8,0.8,0.0,1.1428571428571428,0.5714285714285714,0.0,0.0
89.91666666666667,100.75,139.71428571428572,92.36363636363636,124.9090909090909,109.27272727272727,135.27272727272728,122.23076923076923,108.6923076923077,89.15384615384616,105.66666666666667,113.35714285714286
903.8333333333334,985.75,1180.642857142857,692.5454545454545,831.0909090909091,627.6363636363636,783.3636363636364,746.9230769230769,752.6153846153846,691.0769230769231,921.7777777777778,1124.142857142857
853.2857142857143,816.1428571428571,708.2142857142857,573.2142857142857,554.0,490.46153846153845,524.0,532.3076923076923,617.4615384615385,657.4615384615385,730.3076923076923,758.4285714285714
683.9285714285714,631.2142857142857,500.57142857142856,433.57142857142856,416.9230769230769,401.0,401.0,418.7692307692308,469.46153846153845,497.6923076923077,577.3846153846154,645.8571428571429
230.0,350.5,206.4,217.2,206.5,204.25,389.0,264.0,267.75,221.25,269.25,207.0
1776.7857142857142,1812.7142857142858,1358.7142857142858,1348.7857142857142,1252.5384615384614,1203.1538461538462,1362.4615384615386,1358.3846153846155,1593.5384615384614,1604.1538461538462,1978.75,2001.4285714285713
1130.1190476190477,1187.6904761904761,936.3333333333334,884.452380952381,825.9473684210526,864.7179487179487,918.1025641025641,869.0,1010.1282051282051,932.7435897435897,1032.3846153846155,1115.2380952380952
1540.75,1702.648148148148,1338.3035714285713,1267.5,1159.2884615384614,1185.2692307692307,1211.1923076923076,1183.3846153846155,1366.6153846153845,1416.7307692307693,1500.1923076923076,1626.1785714285713
691.5,722.5714285714286,597.8571428571429,518.5,545.3076923076923,613.3846153846154,640.4615384615385,637.7692307692307,655.9230769230769,615.3846153846154,617.8461538461538,617.3571428571429
1422.142857142857,1516.7142857142858,1097.142857142857,1081.0714285714287,1163.0,1079.3076923076924,1127.6153846153845,1191.3846153846155,1302.6923076923076,1200.4615384615386,1469.25,1511.642857142857
0.0,6.5,0.0,5.5,0.0,6.153846153846154,0.0,5.846153846153846,0.0,5.384615384615385,0.0,5.714285714285714
835.9642857142857,885.8571428571429,654.0714285714286,650.75,625.2692307692307,599.6923076923077,734.24,700.9615384615385,841.0,760.9615384615385,884.0,932.8214285714286
527.5,526.9285714285714,438.57142857142856,392.57142857142856,326.7692307692308,298.53846153846155,303.84615384615387,288.38461538461536,341.5833333333333,539.0,404.6923076923077,494.85714285714283
1282.7142857142858,1518.9285714285713,1208.5714285714287,967.2142857142857,926.7692307692307,894.9230769230769,1031.2307692307693,835.0769230769231,985.1538461538462,1050.5384615384614,1092.7692307692307,1174.4285714285713
1.0,3.5714285714285716,0.5714285714285714,3.0,0.7692307692307693,2.6153846153846154,1.0,2.3846153846153846,1.8461538461538463,2.3076923076923075,1.2307692307692308,2.2857142857142856
1355.0,1442.0714285714287,1152.5357142857142,1103.2857142857142,1046.1538461538462,991.0384615384615,1113.3076923076924,1089.8846153846155,1207.4615384615386,986.2307692307693,1135.6538461538462,1265.4642857142858
1818.4615384615386,671.6666666666666,2367.285714285714,1591.8,1543.75,1362.8181818181818,2536.4444444444443,1765.4615384615386,2810.4285714285716,2629.3,972.3333333333334,2742.5
1060.7692307692307,694.375,1485.0714285714287,806.1111111111111,935.8571428571429,747.2,1284.2222222222222,1217.076923076923,1072.0,1106.8,962.8571428571429,1448.7857142857142
2085.9285714285716,2204.1428571428573,1778.0714285714287,1457.0714285714287,1433.8461538461538,1303.8461538461538,1316.1538461538462,1220.3846153846155,1431.1538461538462,1355.923076923077,1792.1538461538462,1959.9285714285713
1053.642857142857,1055.107142857143,847.9285714285714,725.0357142857143,740.8461538461538,650.3461538461538,671.8076923076923,651.2692307692307,749.7692307692307,697.2307692307693,897.2307692307693,1011.75
1382.2142857142858,1478.5,1130.2142857142858,955.4285714285714,977.2307692307693,877.1538461538462,902.6153846153846,848.0769230769231,1049.3076923076924,976.9230769230769,1203.6923076923076,1322.4285714285713
74750.18092857143,96784.03207142858,88406.25892307692,74383.2563846154,39895.277642857145,14456.755230769231,8859.831666666667,10811.181615384616,7614.709384615386,9500.061083333332,30320.226,54614.512166666675
770.75,810.8214285714286,724.5357142857143,754.7857142857143,686.1153846153846,616.9615384615385,696.8076923076923,571.8076923076923,640.1153846153846,601.7307692307693,679.7307692307693,663.3928571428571
16.0,14.5,13.285714285714286,14.285714285714286,15.153846153846153,14.923076923076923,17.76923076923077,17.53846153846154,16.615384615384617,15.538461538461538,16.692307692307693,15.428571428571429
2269.6428571428573,1866.4285714285713,1484.4642857142858,1220.7142857142858,1252.7692307692307,1174.3846153846155,1164.6923076923076,1151.576923076923,1336.923076923077,1336.7692307692307,1571.423076923077,1945.4642857142858
1358.9285714285713,1345.7857142857142,1140.0,936.8571428571429,893.3076923076923,793.3846153846154,809.1538461538462,814.6923076923077,946.1538461538462,966.3076923076923,1163.8461538461538,1269.857142857143
497.92857142857144,505.35714285714283,441.0,378.0,359.46153846153845,319.61538461538464,318.9230769230769,316.38461538461536,363.38461538461536,389.84615384615387,435.0769230769231,480.5
922.1428571428571,1052.7857142857142,785.9285714285714,714.7857142857143,613.9230769230769,602.2307692307693,604.5384615384615,606.4615384615385,694.5384615384615,686.8461538461538,704.0,780.0
1394.9285714285713,1381.7857142857142,1180.7142857142858,1055.4285714285713,980.1538461538462,936.4615384615385,938.3846153846154,956.2307692307693,1066.7692307692307,1055.4615384615386,1141.8461538461538,1306.2857142857142
1015.9761904761905,1010.3333333333334,800.0952380952381,754.2142857142857,671.3333333333334,678.5128205128206,762.5641025641025,732.025641025641,837.5641025641025,798.1025641025641,870.8974358974359,968.2142857142857
2568.714285714286,2509.3214285714284,2004.892857142857,1870.357142857143,1674.0,1637.423076923077,1745.3846153846155,1711.4615384615386,2022.7307692307693,2046.9615384615386,2207.346153846154,2467.3928571428573
947.7857142857143,1008.7857142857143,889.6785714285714,685.5714285714286,673.5384615384615,664.1538461538462,625.4615384615385,638.1538461538462,751.9230769230769,749.3076923076923,809.5384615384615,856.2857142857143
895.9285714285714,835.2857142857143,672.7142857142857,569.8571428571429,607.5384615384615,585.3846153846154,563.7692307692307,564.3076923076923,620.2307692307693,612.6923076923077,758.3846153846154,881.3571428571429
1314.7755102040817,1258.4897959183672,1110.7755102040817,981.1632653061224,981.6222222222223,1014.3260869565217,734.4651162790698,807.7173913043479,891.2,894.9347826086956,1100.4888888888888,1271.1020408163265
518.7142857142857,102.0,784.5714285714286,474.0,558.8571428571429,211.25,472.0,314.0,424.8333333333333,432.3333333333333,618.5,802.5714285714286
2185.230769230769,1602.5294117647059,3275.3928571428573,1711.8125,2034.857142857143,1730.6136363636363,2508.8529411764707,2471.9615384615386,1859.9375,2166.8,1564.25,2764.4285714285716
1276.642857142857,1294.9285714285713,1067.7857142857142,912.0,870.5384615384615,821.2307692307693,797.7692307692307,850.3846153846154,956.2307692307693,996.2307692307693,1149.3076923076924,1222.0714285714287
1372.2307692307693,1275.0,2129.1428571428573,1053.625,1264.142857142857,1118.4,1350.888888888889,1618.7692307692307,1449.875,1602.4,1287.1666666666667,1856.7142857142858
223.07142857142858,312.57142857142856,88.0,180.0,476.7692307692308,470.0769230769231,512.6153846153846,634.4615384615385,605.4615384615385,718.6153846153846,492.6923076923077,248.07142857142858
1416.8,1694.1,1175.4,1051.1,1107.4444444444443,979.5,1138.7777777777778,1051.0,1601.5555555555557,1153.5,1359.2,1433.8
1.3571428571428572,2.2857142857142856,1.1428571428571428,0.5714285714285714,1.7692307692307692,1.6153846153846154,0.9230769230769231,1.6153846153846154,1.8461538461538463,0.6153846153846154,2.8461538461538463,1.5714285714285714
1250.3703703703704,923.2608695652174,1891.0,860.4090909090909,1308.3333333333333,1164.9130434782608,1411.8181818181818,1551.6538461538462,965.9,1459.6521739130435,628.578947368421,1677.4642857142858
167.64285714285714,181.78571428571428,148.21428571428572,153.07142857142858,162.07692307692307,160.6153846153846,194.23076923076923,183.30769230769232,187.76923076923077,154.23076923076923,169.92307692307693,155.71428571428572
317.2142857142857,325.64285714285717,290.35714285714283,291.07142857142856,319.53846153846155,321.61538461538464,342.84615384615387,313.0769230769231,330.0,297.53846153846155,318.0,298.85714285714283
1956.357142857143,1820.857142857143,1510.857142857143,1384.2142857142858,1325.6923076923076,1218.923076923077,1334.5384615384614,1279.0,1507.8461538461538,1576.4615384615386,1795.6923076923076,1853.9285714285713
1326.857142857143,1397.2857142857142,1091.4285714285713,964.3571428571429,999.1538461538462,890.4615384615385,1148.3846153846155,1178.076923076923,1281.5384615384614,1093.3076923076924,1382.7692307692307,1270.7857142857142
1307.0714285714287,1358.5714285714287,1016.8571428571429,960.2857142857143,819.9230769230769,733.1538461538462,767.8461538461538,762.7692307692307,937.8461538461538,1020.6153846153846,1391.423076923077,1269.3214285714287
137.75,150.875,216.28571428571428,133.45454545454547,191.45454545454547,157.45454545454547,197.1818181818182,181.6153846153846,156.3846153846154,132.53846153846155,154.33333333333334,172.5
3302.6666666666665,3386.5,5024.357142857143,2984.6363636363635,4360.363636363636,3516.181818181818,4384.727272727273,4251.307692307692,3763.4615384615386,3190.153846153846,3683.4444444444443,4388.428571428572
1926.9583333333333,2053.625,2263.0,1433.2727272727273,1757.1818181818182,1335.7272727272727,1718.3636363636363,1504.5,1534.923076923077,1480.8076923076924,1846.6666666666667,2445.5714285714284
1837.3076923076924,2170.777777777778,2690.0714285714284,1589.6363636363637,1982.5833333333333,1372.6363636363637,1959.0,1765.0,1866.25,1759.6153846153845,2159.7272727272725,2129.6428571428573
3556.25,3605.625,4092.1428571428573,2106.2727272727275,2751.090909090909,1918.4545454545455,2305.090909090909,2336.6923076923076,2344.5384615384614,2399.153846153846,3362.0,4710.071428571428
1368.3333333333333,1824.7142857142858,1766.0714285714287,1079.6363636363637,1308.6363636363637,907.0909090909091,1594.8,1060.0,1265.7692307692307,1243.923076923077,1588.625,1538.0
824.9285714285714,878.0,714.2857142857143,615.0,622.1538461538462,579.3076923076923,595.6923076923077,561.3076923076923,662.5384615384615,647.3846153846154,866.4615384615385,887.3214285714286
895.2142857142857,961.0,740.0,649.1428571428571,662.6153846153846,615.9230769230769,581.7692307692307,583.3076923076923,678.8461538461538,693.8461538461538,804.6923076923077,830.3571428571429
2637.8571428571427,2525.714285714286,2190.8571428571427,2188.285714285714,2251.3076923076924,2047.6153846153845,2111.923076923077,2141.230769230769,2258.5384615384614,2103.6153846153848,2209.769230769231,2495.6428571428573
1687.857142857143,1895.5714285714287,1459.0357142857142,1273.7857142857142,1271.5,1166.923076923077,1300.8846153846155,1247.0384615384614,1425.3076923076924,1394.8461538461538,1678.6923076923076,1713.7142857142858
193.57142857142858,221.14285714285714,187.85714285714286,183.78571428571428,195.5,198.76923076923077,237.23076923076923,204.6153846153846,210.16666666666666,191.92307692307693,204.3846153846154,193.42857142857142
2533.5714285714284,2771.5714285714284,2144.714285714286,1872.2142857142858,1850.076923076923,1600.4615384615386,1810.3076923076924,1713.0,2018.1538461538462,1957.3076923076924,2317.076923076923,2304.214285714286
1486.5,1532.2142857142858,1205.3214285714287,1046.857142857143,1102.6538461538462,990.0384615384615,970.9230769230769,953.5769230769231,1087.0,1059.3461538461538,1260.8076923076924,1389.2142857142858
961.5714285714286,926.2142857142857,835.1428571428571,808.2857142857143,826.3076923076923,803.2307692307693,803.6923076923077,723.9230769230769,756.1538461538462,808.6153846153846,850.1538461538462,877.2857142857143
521.7857142857143,543.2142857142857,488.7142857142857,431.2857142857143,415.6923076923077,362.7692307692308,636.8461538461538,375.7692307692308,435.2307692307692,430.61538461538464,514.0,518.8571428571429
3245.8571428571427,3258.0,2672.714285714286,2277.285714285714,2234.923076923077,2125.3076923076924,2158.5384615384614,2052.769230769231,2381.230769230769,2456.6923076923076,3013.0,3117.214285714286
939.5714285714286,944.7857142857143,729.9285714285714,600.5714285714286,608.3076923076923,565.3846153846154,578.8461538461538,529.0,610.6153846153846,599.6923076923077,774.2307692307693,897.1428571428571
318.64285714285717,312.7142857142857,531.0121428571429,226.92857142857142,241.69230769230768,220.69230769230768,193.92307692307693,211.07692307692307,246.23076923076923,250.0,274.3076923076923,311.5
775.3809523809524,770.1666666666666,631.7380952380952,544.6904761904761,558.2820512820513,547.5641025641025,536.1025641025641,568.8205128205128,658.5128205128206,660.7948717948718,741.9230769230769,767.4047619047619
1435.3214285714287,1327.0714285714287,1161.5714285714287,1044.2142857142858,830.1538461538462,865.3846153846154,857.0833333333334,846.2307692307693,975.7692307692307,951.4615384615385,1150.7692307692307,1485.4642857142858
340.14285714285717,376.14285714285717,322.85714285714283,317.92857142857144,337.38461538461536,340.2307692307692,392.53846153846155,352.84615384615387,362.61538461538464,311.6923076923077,326.6923076923077,316.64285714285717
2533.0714285714284,2533.4285714285716,1991.857142857143,1864.642857142857,1647.5384615384614,1552.5384615384614,1584.3846153846155,1576.0,1879.5384615384614,1882.6153846153845,2165.3076923076924,2394.3571428571427
1967.142857142857,1836.4285714285713,1550.357142857143,1443.5,1220.923076923077,1227.6153846153845,1257.4615384615386,1247.7692307692307,1465.6153846153845,1533.6923076923076,1700.0,1837.0714285714287
853.4285714285714,854.2857142857143,724.5,620.2142857142857,533.0769230769231,490.0,481.3076923076923,495.0,569.7692307692307,611.1538461538462,709.0769230769231,788.2142857142857
631.5714285714286,649.2142857142857,530.5,457.2857142857143,425.9230769230769,380.15384615384613,379.6923076923077,388.53846153846155,446.61538461538464,469.3076923076923,545.3076923076923,597.5714285714286
1863.4642857142858,1828.7857142857142,1491.0714285714287,1376.2142857142858,1253.0384615384614,1281.5384615384614,1481.9615384615386,1270.076923076923,1514.5,1498.1153846153845,1664.4615384615386,1736.1785714285713
1518.857142857143,1489.2142857142858,1203.5714285714287,1108.4285714285713,1058.6923076923076,1121.0,1164.3076923076924,1093.1538461538462,1308.4615384615386,1278.076923076923,1356.8461538461538,1467.0714285714287
1880.7142857142858,1924.357142857143,1638.0714285714287,1471.5714285714287,1543.0,1339.923076923077,1275.3076923076924,1312.076923076923,1417.923076923077,1426.3846153846155,1590.5384615384614,1670.0
2227.1785714285716,2206.75,1775.9642857142858,1682.5714285714287,1500.576923076923,1452.8461538461538,1598.423076923077,1497.9615384615386,1746.0,1720.2692307692307,1893.576923076923,2103.964285714286
2013.5,2094.0714285714284,1694.4285714285713,1527.7142857142858,1460.0,1333.7692307692307,1369.3076923076924,1368.1538461538462,1645.0,1675.2307692307693,1861.7692307692307,1902.2142857142858
1413.5,1347.0714285714287,1140.7857142857142,958.9285714285714,897.3076923076923,1006.5384615384615,976.2307692307693,771.1538461538462,915.6923076923077,956.2307692307693,1082.923076923077,1291.7857142857142
1621.5714285714287,1395.0714285714287,1200.2142857142858,1156.357142857143,1131.0,1198.0,1176.3846153846155,1176.5384615384614,1283.3846153846155,1226.4615384615386,1272.3076923076924,1582.0
1018.1785714285714,1080.142857142857,881.1785714285714,849.5714285714286,789.1538461538462,856.1153846153846,886.8846153846154,834.6153846153846,952.3846153846154,847.1538461538462,968.2307692307693,1050.2142857142858
351.7142857142857,365.7142857142857,284.57142857142856,276.0,277.15384615384613,290.3076923076923,332.84615384615387,327.0,319.7692307692308,275.53846153846155,304.15384615384613,337.0
2080.285714285714,1908.0,1552.2142857142858,1423.0714285714287,1413.923076923077,1328.2307692307693,1448.4615384615386,1387.5384615384614,1622.076923076923,1743.5384615384614,1904.0,2008.7142857142858
360.14285714285717,389.7857142857143,346.85714285714283,301.5,301.46153846153845,285.38461538461536,288.0,276.38461538461536,289.53846153846155,257.61538461538464,290.9230769230769,352.35714285714283
1279.357142857143,1238.2142857142858,1025.2857142857142,831.5,800.7692307692307,834.6153846153846,814.9230769230769,894.6923076923077,1028.3076923076924,925.3846153846154,1004.3846153846154,1199.357142857143
922.4285714285714,926.4285714285714,816.6428571428571,788.2857142857143,703.6923076923077,687.8461538461538,795.3846153846154,760.6153846153846,838.2307692307693,796.3076923076923,822.6153846153846,893.2857142857143
2372.8571428571427,1955.857142857143,1983.2857142857142,1980.0714285714287,1952.923076923077,1590.6923076923076,1742.4615384615386,1988.0,1851.1538461538462,1827.076923076923,1863.7692307692307,2190.0714285714284
56.857142857142854,84.28571428571429,53.142857142857146,54.5,65.14285714285714,66.28571428571429,78.42857142857143,70.0,74.28571428571429,53.57142857142857,67.0,58.857142857142854
176.0,316.0,155.0,170.0,,,,294.0,151.0,161.0,300.0,161.0
852.5,1520.8333333333333,713.6666666666666,675.5,712.4,608.0,935.3333333333334,887.6,862.0,776.6,1151.8,806.6666666666666
541.0714285714286,538.4285714285714,463.2142857142857,418.92857142857144,408.6923076923077,367.53846153846155,352.9230769230769,357.84615384615387,421.7692307692308,385.3076923076923,483.6923076923077,522.5
668.952380952381,708.452380952381,594.5,500.14285714285717,522.2820512820513,481.9230769230769,502.4871794871795,493.1794871794872,556.0769230769231,526.1025641025641,591.8974358974359,631.1666666666666
828.0,869.7857142857143,709.8571428571429,735.3571428571429,857.0769230769231,829.0,746.3076923076923,832.1538461538462,733.0769230769231,688.7692307692307,840.75,848.7857142857143
543.5,535.1,497.6142857142857,430.12857142857143,608.921875,662.876923076923,700.8615384615384,706.9230769230769,812.203125,907.5538461538462,816.6153846153846,502.7142857142857
212.78571428571428,201.92857142857142,170.14285714285714,171.42857142857142,222.0,226.76923076923077,273.7692307692308,231.69230769230768,231.0,213.30769230769232,212.69230769230768,198.35714285714286
2153.8571428571427,1935.2857142857142,1596.2857142857142,1268.5,1693.923076923077,1188.2692307692307,1556.0384615384614,1129.1538461538462,1320.8461538461538,1519.7692307692307,1627.923076923077,1726.7857142857142
876.5,875.2857142857143,755.0714285714286,702.8571428571429,721.6153846153846,685.5384615384615,718.3076923076923,671.6153846153846,753.3076923076923,755.4615384615385,791.1538461538462,777.2857142857143
387.5,378.2857142857143,288.42857142857144,240.21428571428572,235.23076923076923,210.07692307692307,215.84615384615384,213.69230769230768,269.53846153846155,264.84615384615387,318.7692307692308,353.14285714285717
1050.0714285714287,1035.5,865.0,834.4285714285714,834.5384615384615,924.4615384615385,956.7692307692307,938.3076923076923,1072.6923076923076,1003.5384615384615,979.6153846153846,1065.857142857143
1239.857142857143,1160.2142857142858,945.5,956.2142857142857,1057.6153846153845,1135.8461538461538,1051.923076923077,1067.076923076923,1141.076923076923,1044.6923076923076,1075.0,1203.5
570.3571428571429,572.1428571428571,465.75,432.7857142857143,404.5,454.53846153846155,452.8076923076923,412.0769230769231,486.61538461538464,488.46153846153845,538.5,541.7857142857143
1054.0,1082.2142857142858,851.7857142857143,730.9285714285714,712.2307692307693,681.4615384615385,699.8461538461538,707.3846153846154,822.6923076923077,811.0769230769231,921.1538461538462,971.7142857142857
1718.2142857142858,1840.5714285714287,1402.9285714285713,1271.0714285714287,1291.8461538461538,1196.7692307692307,1120.6153846153845,1070.7692307692307,1373.7692307692307,1364.3333333333333,1466.6923076923076,1636.4285714285713
1472.4285714285713,1243.7142857142858,1182.4285714285713,1054.857142857143,1085.6666666666667,1123.3333333333333,1093.6666666666667,960.5,1113.3333333333333,1278.6666666666667,1226.1666666666667,1331.4285714285713
1287.5,1312.5714285714287,1167.5,1069.2142857142858,1017.4615384615385,950.4615384615385,1005.2307692307693,974.3076923076923,1027.3846153846155,1039.076923076923,1147.0,1169.642857142857
126.92307692307692,146.6153846153846,116.53846153846153,116.46153846153847,128.16666666666666,134.33333333333334,160.0,148.66666666666666,151.08333333333334,125.91666666666667,131.25,121.76923076923077
3331.0714285714284,3442.1428571428573,2779.0,2449.0,2400.0,2420.6923076923076,1924.0833333333333,2457.230769230769,2177.6153846153848,2614.6923076923076,2526.8333333333335,3181.214285714286
1970.142857142857,1788.357142857143,1713.0714285714287,1486.2142857142858,1590.8461538461538,1566.8461538461538,1403.923076923077,1548.4615384615386,1914.3076923076924,1763.8461538461538,1814.076923076923,1972.2857142857142
4534.285714285715,4380.0,3029.214285714286,2640.8571428571427,2394.769230769231,2297.846153846154,2526.923076923077,2377.846153846154,2770.4615384615386,2942.0,3483.846153846154,3648.9285714285716
2078.12356979405,1946.8266978922716,1635.9340909090909,1355.6995305164319,1327.5341463414634,1307.0443349753696,1352.0204081632653,1393.3504901960785,1424.171875,1456.6372795969774,1632.0077319587629,1808.2925170068027
459.2142857142857,483.2142857142857,394.35714285714283,400.7142857142857,426.38461538461536,357.3076923076923,493.9230769230769,460.3076923076923,443.84615384615387,463.3076923076923,447.38461538461536,420.7142857142857
344.8333333333333,486.8333333333333,343.1666666666667,359.3333333333333,393.8,431.4,560.4,488.0,510.8,352.0,409.8,340.1666666666667
356.85714285714283,419.2857142857143,345.85714285714283,337.42857142857144,392.5,379.15384615384613,417.0769230769231,398.6923076923077,379.1666666666667,342.84615384615387,360.0,357.64285714285717
107.7,135.8,102.9,105.3,119.88888888888889,113.1,133.8,120.9,124.11111111111111,100.3,116.0,104.0
232.57142857142858,254.71428571428572,225.28571428571428,212.92857142857142,245.5,243.3846153846154,262.53846153846155,259.0,247.33333333333334,218.23076923076923,237.07692307692307,235.21428571428572
0.0,0.625,0.0,0.0,1.7142857142857142,0.5714285714285714,0.0,0.0,0.0,1.8571428571428572,0.0,0.625
2531.4285714285716,2426.714285714286,1936.142857142857,1713.8265306122448,1660.4888888888888,1572.5054945054944,1624.1777777777777,1591.0879120879122,1791.5,1816.3296703296703,2069.5222222222224,2380.4591836734694
1958.2779922779923,1952.9725490196079,1605.1583011583011,1706.9803921568628,1351.347280334728,1272.5336134453783,1286.8691983122362,1270.2904564315352,1336.7383966244727,1371.0125523012553,1565.8632478632478,1790.4769230769232
3412.714285714286,3418.0,2694.5714285714284,2584.714285714286,2324.076923076923,2271.6923076923076,2478.5384615384614,2482.0,2825.4615384615386,2712.6923076923076,3010.3846153846152,3216.6428571428573
1781.7142857142858,1728.25,1593.7857142857142,1332.8214285714287,1480.6153846153845,1265.7307692307693,1224.3461538461538,1380.076923076923,1522.68,1411.576923076923,1487.5,1775.142857142857
3667.4285714285716,2494.4545454545455,5056.571428571428,2455.785714285714,2689.0,3386.6363636363635,2722.5384615384614,4333.153846153846,2568.5384615384614,2963.4615384615386,1846.2307692307693,4969.857142857143
114.28571428571429,164.71428571428572,109.0,115.0,130.16666666666666,136.16666666666666,179.5,166.5,170.0,116.33333333333333,128.57142857142858,111.0
399.35714285714283,423.35714285714283,331.5,324.2857142857143,294.1666666666667,270.3333333333333,295.84615384615387,275.46153846153845,298.0,318.61538461538464,376.4166666666667,513.2142857142857
2192.6428571428573,2139.4285714285716,1844.642857142857,1609.4285714285713,1439.2307692307693,1501.0,1500.6923076923076,1381.5384615384614,1684.8333333333333,1715.2307692307693,1884.1538461538462,2016.9285714285713
2058.5,2353.6428571428573,2087.785714285714,1549.5714285714287,1378.6153846153845,1248.3846153846155,1305.8461538461538,1152.5384615384614,1326.8461538461538,1297.076923076923,1629.2307692307693,1785.5714285714287
1288.5714285714287,1368.4642857142858,1088.857142857143,942.7142857142857,943.9230769230769,918.2307692307693,988.3846153846154,968.1538461538462,1040.9615384615386,1015.0384615384615,1232.2692307692307,1294.7857142857142
2.857142857142857,3.2857142857142856,2.5714285714285716,3.7142857142857144,2.5833333333333335,2.4615384615384617,3.6923076923076925,2.6153846153846154,4.333333333333333,2.3076923076923075,3.230769230769231,2.7142857142857144
994.5714285714286,970.2142857142857,813.9285714285714,634.5,606.1538461538462,671.7307692307693,614.4230769230769,571.8461538461538,649.0,718.6153846153846,800.9230769230769,919.2857142857143
103.07142857142857,110.85714285714286,97.57142857142857,92.28571428571429,107.38461538461539,115.07692307692308,121.38461538461539,114.23076923076923,118.23076923076923,99.23076923076923,101.84615384615384,98.21428571428571
2896.3333333333335,5327.75,2781.75,2731.75,1675.0,1573.3333333333333,3591.6666666666665,2550.6666666666665,2355.3333333333335,2196.6666666666665,2991.3333333333335,2300.3333333333335
9.666666666666666,20.666666666666668,5.0,9.25,8.666666666666666,7.666666666666667,18.333333333333332,13.333333333333334,10.666666666666666,11.666666666666666,9.666666666666666,13.0
0.0,0.0,0.0,0.0,0.0,0.0,0.0,0.0,0.0,0.0,0.0,0.0
319.35714285714283,276.35714285714283,263.35714285714283,236.71428571428572,222.23076923076923,177.92307692307693,167.92307692307693,197.53846153846155,195.3846153846154,201.07692307692307,265.6923076923077,261.2857142857143
2305.2,2287.4545454545455,1659.8181818181818,1840.2727272727273,2109.5555555555557,1609.2222222222222,1801.0,1800.0,2936.0,1924.4,2244.6,2359.3
2016.4285714285713,2147.3571428571427,1632.2142857142858,1441.2142857142858,1348.076923076923,1220.8461538461538,1316.3076923076924,1270.2307692307693,1489.8461538461538,1508.6923076923076,1810.7692307692307,1913.5
3.2142857142857144,3.2142857142857144,2.857142857142857,3.2857142857142856,4.538461538461538,3.3846153846153846,5.0,3.4615384615384617,2.8461538461538463,4.0,3.923076923076923,3.2142857142857144
20.071428571428573,0.0,18.428571428571427,19.142857142857142,0.0,22.307692307692307,11.23076923076923,35.38461538461539,42.07692307692308,41.53846153846154,44.0,58.785714285714285
3373.714285714286,2909.1,3660.714285714286,2491.4615384615386,3095.769230769231,2735.076923076923,3795.6666666666665,3119.0,2839.6153846153848,2707.5384615384614,2682.5454545454545,3315.1428571428573
2212.5714285714284,2221.214285714286,1901.857142857143,1640.2142857142858,1568.8461538461538,1324.8461538461538,1440.3076923076924,1506.6923076923076,1729.3076923076924,1575.1538461538462,1880.3076923076924,2041.2857142857142
1147.7142857142858,1104.9285714285713,937.2142857142857,863.8571428571429,772.0,683.3076923076923,730.8461538461538,698.6153846153846,789.3846153846154,833.9230769230769,991.3846153846154,1055.7857142857142
1553.9285714285713,1505.857142857143,1278.857142857143,1110.9285714285713,1072.0,992.6923076923077,1035.3846153846155,1050.076923076923,1193.3076923076924,1204.1538461538462,1336.923076923077,1504.7142857142858
1119.2857142857142,1250.357142857143,930.2142857142857,822.9285714285714,804.0769230769231,726.8461538461538,780.6923076923077,770.0769230769231,936.3076923076923,929.5384615384615,1123.5384615384614,1159.7857142857142
1242.2142857142858,1249.7857142857142,1034.0,981.0,1013.3076923076923,728.0769230769231,713.1538461538462,813.7692307692307,969.2307692307693,1042.5384615384614,1235.8461538461538,1198.0714285714287
3259.909090909091,3540.0,2513.3636363636365,2333.5454545454545,2445.9,2365.7272727272725,2595.2727272727275,2503.6363636363635,2817.1,2811.4545454545455,3130.909090909091,3074.3636363636365
1319.3846153846155,955.5,1841.857142857143,1074.888888888889,1109.5,1067.8,1337.6666666666667,1308.1666666666667,1223.888888888889,1258.1,1081.25,1519.142857142857
1919.7857142857142,2043.4285714285713,1800.0714285714287,1492.0714285714287,1735.1538461538462,1937.6153846153845,1945.2307692307693,1841.2307692307693,1775.0,1912.7692307692307,1999.3846153846155,1627.2857142857142
638.1428571428571,557.8571428571429,427.0,369.85714285714283,333.7142857142857,290.14285714285717,285.57142857142856,297.42857142857144,382.1666666666667,436.3333333333333,461.1666666666667,473.2857142857143
1507.642857142857,1595.2857142857142,1263.4285714285713,1106.142857142857,1117.2307692307693,1122.1538461538462,988.4166666666666,1010.6923076923077,1069.6153846153845,1199.3076923076924,1280.5,1429.7142857142858
4426.076923076923,3388.3333333333335,6322.071428571428,4221.444444444444,3988.153846153846,4533.272727272727,5412.111111111111,6187.692307692308,4500.0,5242.4,3717.5,6177.0
1729.5714285714287,1598.7857142857142,1365.2857142857142,1630.0,1338.5384615384614,1332.6153846153845,1334.0,1299.0,1412.6153846153845,1375.923076923077,1486.3846153846155,1653.4285714285713
1423.7142857142858,1443.0714285714287,1222.7857142857142,1075.142857142857,1024.7692307692307,936.9230769230769,885.0,854.0,980.6923076923077,957.2307692307693,1215.1538461538462,1384.7142857142858
1211.0,1228.7142857142858,983.2857142857143,932.7857142857143,918.8461538461538,819.7692307692307,871.2307692307693,880.2307692307693,1032.6153846153845,918.0,937.9230769230769,1181.4285714285713
1529.0,1720.0,1397.0,1288.142857142857,1278.1538461538462,1217.923076923077,1122.8461538461538,1131.3846153846155,1295.1538461538462,1235.6153846153845,1355.2307692307693,1414.9285714285713
2527.0714285714284,2521.0,2058.6428571428573,1979.5714285714287,2236.5384615384614,1997.4615384615386,2056.4615384615386,2021.5384615384614,2301.5384615384614,2124.153846153846,2258.6153846153848,2353.285714285714
3630.785714285714,3656.1428571428573,2874.714285714286,2245.0714285714284,2280.153846153846,2090.6153846153848,2236.230769230769,2314.3076923076924,2893.3076923076924,2618.076923076923,2907.153846153846,3378.6428571428573
