0.0,0.0,0.0,0.0,0.0,0.0,0.0,0.0,0.0,0.0,0.0,0.0
0.0,0.0,0.0,0.0,0.0,0.0,0.0,0.0,0.0,0.0,0.0,0.0
342.7980702427474,430.7491735167969,506.5945416363201,543.2565972377897,630.2182381225098,610.2657566942486,656.3595132063821,626.6851642924272,535.9258815356678,454.1305384808025,346.9036661363811,314.5574710497729
0.0,0.0,0.0,0.0,0.0,0.0,0.0,0.0,0.0,0.0,0.0,0.0
0.0,0.0,0.0,0.0,0.0,0.0,0.0,0.0,0.0,0.0,0.0,0.0
18.073409507085,26.0308370018053,37.23430635991322,44.03238638392978,54.61744184125797,53.3989113617686,57.29748158395277,50.98601712328107,39.7692168809161,29.21779459379081,18.82308775047825,14.77938299712701
1274.031308177339,1840.40801721379,2599.7584153593034,3077.3843312770377,3814.5068047223294,3746.724009633882,4003.621373803338,3568.23862796272,2780.946036394014,2051.8136238158245,1338.4311124471087,1053.8154927770852
0.0,0.0,0.0,0.0,0.0,0.0,0.0,0.0,0.0,0.0,0.0,0.0
0.0,0.0,0.0,0.0,0.0,0.0,0.0,0.0,0.0,0.0,0.0,0.0
18.79431832712396,26.78660784815998,37.72967253444319,44.39598194296134,54.88288486772603,53.7097830807208,57.54514482947518,51.40703808168824,40.27729326137006,29.88511969573241,19.57442687709164,15.53011840598069
6507.264326159328,9236.62615278462,12871.803573875472,15098.654927370626,18626.957414232173,18253.60378079877,19535.438943324403,17501.0288435733,13749.839881623588,10261.354346486492,6780.9307327411225,5438.692977788053
3521.5485273785994,4278.456540392662,5060.9950397498815,5246.6023509108745,6033.908620819053,5683.293804079895,6227.874890497278,6028.2127163570485,5295.324646730852,4556.524996452461,3436.6860268561795,3158.515584730325
0.0,0.0,0.0,0.0,0.0,0.0,0.0,0.0,0.0,0.0,0.0,0.0
0.0,0.0,0.0,0.0,0.0,0.0,0.0,0.0,0.0,0.0,0.0,0.0
746.3047767892315,890.8309127251803,1050.3268991358984,1071.3049134779142,1219.1917111284831,1131.407107814624,1253.7449982233347,1225.1847380206318,1094.2272112277362,953.4238519715066,720.939737134194,666.9236036439804
0.0,0.0,0.0,0.0,0.0,0.0,0.0,0.0,0.0,0.0,0.0,0.0
413.799946870325,504.0248919340288,587.4069725563434,610.12076593121,700.2914632110868,664.7390117184598,724.2028958029241,702.7422782285612,616.1748651701014,533.4207756855767,407.744790789381,376.0737431216435
964.4106546653212,1393.2499853109907,1968.2264039134,2329.922607298964,2888.063280150919,2836.774586469512,3031.264570345233,2701.566442997281,2105.4215943965,1553.323028679647,1013.193723546898,797.6857324480726
1277.545214056776,1583.773880663157,1903.0872219770167,2016.1544210242528,2332.9002450584085,2215.755223594064,2418.7110005931986,2310.113289179804,1999.4030293822864,1688.0196483529182,1262.9152690195854,1144.8759343812644
0.0,0.0,0.0,0.0,0.0,0.0,0.0,0.0,0.0,0.0,0.0,0.0
0.0,0.0,0.0,0.0,0.0,0.0,0.0,0.0,0.0,0.0,0.0,0.0
0.0,0.0,0.0,0.0,0.0,0.0,0.0,0.0,0.0,0.0,0.0,0.0
0.0,0.0,0.0,0.0,0.0,0.0,0.0,0.0,0.0,0.0,0.0,0.0
0.0,0.0,0.0,0.0,0.0,0.0,0.0,0.0,0.0,0.0,0.0,0.0
233.6712763920734,339.0383927971094,480.6203667951241,570.2208003755657,,,742.9194792008582,661.3462673321028,514.4111332274454,378.4102212299454,245.9532439012735,192.9038500965771
0.0,0.0,0.0,0.0,0.0,0.0,0.0,0.0,0.0,0.0,0.0,0.0
0.0,0.0,0.0,0.0,0.0,0.0,0.0,0.0,0.0,0.0,0.0,0.0
5852.174161365572,8423.54022951509,11854.24095855334,14007.617031364152,17345.742708845522,17036.172910080943,18202.82091469957,16241.588665273244,12677.561924492857,9379.36644185348,6142.094643652959,4853.550794301124
648.0695846952508,920.2045001713102,1312.7967053747166,1551.4264249894463,1924.420734197276,1878.783780927105,2019.856315652963,1796.544346801539,1402.141158958442,1030.9410117562063,670.0546055822846,537.5138745336556
2223.361062106013,3194.247805642083,4485.247909676574,5295.09835237856,6553.913211532128,6438.145673332947,6878.07449275989,6140.513547456391,4797.018107078944,3554.315129437712,2332.599899078933,1846.956039086073
790.457650723457,1012.032749238742,1265.1617825926205,1382.2983992258376,,,,,,,,699.6856822357915
270.5907961394971,360.527829499091,486.6489621043348,549.0475201241574,665.7660447708136,640.8657080767357,694.4694142272659,632.956897963965,514.6417636616118,398.4672711660523,270.4842342417244,227.9952221542278
0.0,0.0,0.0,0.0,0.0,0.0,0.0,0.0,0.0,0.0,0.0,0.0
463.7620354092707,506.0008017534271,976.3443821415462,1221.990152146986,1070.016874401801,1116.367979295222,1197.543934011171,1205.212749739538,858.2946596248777,583.4410217406452,436.0199652295244,351.4940965389312
0.0,0.0,0.0,0.0,0.0,0.0,0.0,0.0,0.0,0.0,0.0,0.0
0.0,0.0,0.0,0.0,0.0,0.0,0.0,0.0,0.0,0.0,0.0,0.0
13002.880035542632,14070.034021164289,27045.946223292944,33751.310193205754,29484.187090191743,30742.38096170986,32987.92383960988,33254.623989335094,23737.74057501936,16182.836139644229,12181.778848642412,9852.910116110415
2656.082647464229,3828.1737872228287,5397.842674102151,6381.980629766275,7906.07108707845,7763.041454657402,8296.606279468402,7398.922736445935,5772.33254368554,4265.453396466592,2787.570125397271,2199.184893291636
422.9697555772042,400.7603143339494,717.5372482011715,830.851798049175,700.4534251940408,712.1424941522009,777.9978468294624,812.7624423437119,598.6847707164461,441.4104936932173,372.4454375597258,317.3121805527356
193.5728434759646,246.1362500621093,301.7600821692679,327.5367828413031,385.9973109475856,372.7927079222064,401.6100900009809,378.4845198805676,318.8319569587177,263.4408281732005,194.4343922544253,173.4508204802882
31.89533275171222,46.78531250543643,70.20900867769934,83.70398043091713,104.4803969365586,101.021870971013,109.6612238761328,96.49591368889988,74.87353361692165,53.62716148391032,32.7367467739403,25.43034513328528
4654.056462079408,6659.667507879374,9367.810400272334,11053.146347021137,13677.932611295557,13426.243140442728,14355.795771723717,12814.746914529607,10014.624639938207,7419.171905803256,4862.811755517287,3864.8267875826577
8268.781035885155,11855.567227249445,16662.40030205385,19647.68097455088,24309.673684314257,23851.480493763,25505.325778309387,22777.3224128164,17811.131751650773,13201.441744116364,8652.736690976542,6859.671068028705
0.0,0.0,0.0,0.0,0.0,0.0,0.0,0.0,0.0,0.0,0.0,0.0
2466.0301785325,2663.847625768108,5117.43861600074,6385.157743665164,5573.053522123893,5811.92521911875,6235.744794359705,6288.738364594623,4492.134646204431,3062.3281149635905,2308.8591618819046,1868.928626529305
1456.943041901523,2068.206885301688,2878.991434986532,3376.962365687829,4166.919577524168,4085.06458026054,4369.333662553723,3913.71328290844,3074.504529989632,2295.795526210007,1519.450591713588,1215.691210055224
0.0,0.0,0.0,0.0,0.0,0.0,0.0,0.0,0.0,0.0,0.0,0.0
0.0,0.0,0.0,0.0,0.0,0.0,0.0,0.0,0.0,0.0,0.0,0.0
2983.5411736839,4246.84824710917,5921.707430902376,6954.306531963339,8585.158507053482,8419.15320806949,9003.388521632256,8060.4527693645405,6325.564980375431,4716.69542943576,3115.407539067269,2489.366536619642
1075.9794138624943,1398.533563834706,1777.1203684026698,1966.232922030618,2348.5272910662425,2275.3986347910427,2447.9102599214766,2273.444537223608,1880.46553280224,1513.0471986279424,1085.1102741864138,946.6743825597292
323.6626707478688,380.3261865868615,452.0555144477828,455.4103948163997,516.197622878736,470.7753833874412,528.7668925737615,517.5600397430796,468.654224206285,408.5352713575279,305.8182283241417,284.99023623477177
0.0,0.0,0.0,0.0,0.0,0.0,0.0,0.0,0.0,0.0,0.0,0.0
6223.77012809627,8830.856085032317,12305.033400785294,14420.597358854582,17785.922925170555,17410.77085705396,18644.34789806578,16704.35695176987,13136.05250930244,9811.850159791327,6480.565240307638,5185.020396387832
0.0,0.0,0.0,0.0,0.0,0.0,0.0,0.0,0.0,0.0,0.0,0.0
0.0,0.0,0.0,0.0,0.0,0.0,0.0,0.0,0.0,0.0,0.0,0.0
1851.05907743179,2667.420085058054,3760.591462491631,4445.799980490498,5507.25045316434,5407.475138748381,5779.21093236483,5154.163010045962,4021.396470716492,2971.97208446564,1942.540632386968,1532.764155046387
1077.221425925572,1510.5059161852998,2128.2361478173693,2525.5700129821234,3125.119139896892,3068.929218839556,3287.1523642639177,2929.162381525949,2280.987406403364,1683.2639123385077,1113.8878313812409,914.6243731255838
0.0,0.0,0.0,0.0,0.0,0.0,0.0,0.0,0.0,0.0,0.0,0.0
0.0,0.0,0.0,0.0,0.0,0.0,0.0,0.0,0.0,0.0,0.0,0.0
48.45741236334587,64.05535762585781,82.90639131203781,93.174405609441,112.1915808995706,109.2510150813722,117.1335257645422,107.8193891645414,87.99799447690529,69.63554945849478,49.32501288773756,42.29710264142323
4779.167623464304,7013.7080468376025,10066.899078612792,12014.47645717315,14955.975794079584,14709.21200127225,15714.716399953384,13940.50577537832,10787.416736336516,7862.65545932454,5046.714643533956,3918.830002117863
0.0,0.0,0.0,0.0,0.0,0.0,0.0,0.0,0.0,0.0,0.0,0.0
1933.324347053633,2711.3680032566763,3764.0105112374977,4394.373646978142,5364.185076914611,5233.630779934866,5637.751596284831,5050.947533239796,4012.917643831946,3019.5179147553963,1999.751739963654,1640.0527515131505
,185.4139039757613,241.092713671632,253.7892897893366,294.7013414652384,,,,,,,
,,222.9609350160855,263.8488990598078,,,,,,,,
1308.685206691003,1869.441287658723,2631.694973163147,3095.881262053856,3827.831874796472,3746.644354836426,4013.983556819485,3586.54612016279,2809.934963727563,2084.165936274275,1362.923744958449,1082.416222650926
,,,,0.0,0.0,0.0,0.0,0.0,0.0,0.0,0.0
0.0,0.0,0.0,0.0,0.0,0.0,0.0,0.0,0.0,0.0,0.0,0.0
1182.31879780292,1679.96514272685,2336.690201744685,2740.627548124304,3380.70328323254,3313.887551420504,3545.008795558443,3176.3258921697816,2495.701915293955,1864.5474297452283,1233.9161065976402,987.8258355464231
0.0,0.0,0.0,0.0,0.0,0.0,0.0,0.0,0.0,0.0,0.0,0.0
0.0,0.0,0.0,0.0,0.0,0.0,0.0,0.0,0.0,0.0,0.0,0.0
173.3796540765802,208.0656434498716,259.1648463611753,267.2438923208912,307.6671859271418,,,,,226.7194114009017,162.8531942643717,149.0218629749596
11810.655083538864,17053.11549948259,24076.678217970293,28494.129327209102,35314.943464919364,34689.01653732773,37066.05740522476,33040.38170431378,25755.06547903424,19009.09213731527,12406.353922349968,9773.977279346607
1360.4566754233497,1957.4007482043307,2760.8235008600063,3260.9140059365573,4038.3748409829054,3962.359472687721,4237.461628332025,3780.237687980627,2951.6037522333404,2182.046723045799,1425.063306313226,1125.7594977977578
6548.275554641637,9421.473443943592,13274.11138837154,15679.519288642065,19415.777849599963,19056.547463790183,20372.66752929656,18175.88418688504,14191.91915026675,10496.697534322097,6864.1946262974125,5423.526692827136
722.122546547878,993.9684447684792,1362.724461287396,1567.7676984593234,1915.6806745947467,1856.0069431639583,2003.197932398444,1810.0047042939905,1448.4371462941492,1102.6502204836183,737.6591396273761,606.4710441033168
3124.941543080343,4300.05516437982,5799.26886629981,6685.034198663373,8149.484036668876,7961.814721606367,8538.234836704622,7730.970073139728,6180.063909211703,4731.460880467075,3223.8490704058136,2671.418452458722
20291.58432059085,21950.1441432387,42187.85035629038,52642.540005904506,45982.26368131711,47944.16605165342,51446.274294217495,51865.83207493167,37026.1342091455,25244.078260491915,19007.655158073656,15376.146020958664
192.1906873676326,318.0414395207026,548.8121815726973,706.8635393010702,913.7949892253068,891.2030571229516,968.923994924853,815.1607001082228,592.9605364685926,380.5661172012116,207.5206227450519,146.6350344921221
1294.844403479137,1869.1335623682617,2638.8263499028694,3122.4706588283934,3869.688568904409,3800.5340975843296,4061.318803825008,3620.3613601803336,2822.4747939924086,2083.4637896687905,1359.8659484777002,1071.3715374606654
10812.449915232177,15302.784835554112,21217.941388295123,24826.578624379574,30590.0496037514,29960.955840144503,32066.198597948856,28767.180444455087,22650.14807933756,16970.10178549983,11261.58762247162,9046.79736964914
45.4751637740808,60.94767517229493,81.32866134537376,92.30990218005648,112.0100925872634,108.7009649424159,116.9722654747946,106.6718837940131,86.24757440013651,66.96712571415976,46.14058735843602,38.80948771132435
3600.5733331665983,5001.314865514338,6927.694660321109,8016.479751319896,9834.473544159711,9557.234412361946,10290.907254314125,9264.05878554668,7368.93484223411,5557.752647947087,3686.1379679753663,2999.73317146239
0.0,0.0,0.0,0.0,0.0,0.0,0.0,0.0,0.0,0.0,0.0,0.0
0.0,0.0,0.0,0.0,0.0,0.0,0.0,0.0,0.0,0.0,0.0,0.0
0.0,0.0,0.0,0.0,0.0,0.0,0.0,0.0,0.0,0.0,0.0,0.0
0.0,0.0,0.0,0.0,0.0,0.0,0.0,0.0,0.0,0.0,0.0,0.0
0.0,0.0,0.0,0.0,0.0,0.0,0.0,0.0,0.0,0.0,0.0,0.0
,,0.0,0.0,,,,,,,,
0.0,0.0,0.0,0.0,0.0,0.0,0.0,0.0,0.0,0.0,0.0,0.0
0.0,0.0,0.0,0.0,0.0,0.0,0.0,0.0,0.0,0.0,0.0,0.0
0.0,0.0,0.0,0.0,0.0,0.0,0.0,0.0,0.0,0.0,0.0,0.0
0.0,0.0,0.0,0.0,0.0,0.0,0.0,0.0,0.0,0.0,0.0,0.0
0.0,0.0,0.0,0.0,0.0,0.0,0.0,0.0,0.0,0.0,0.0,0.0
0.0,0.0,0.0,0.0,0.0,0.0,0.0,0.0,0.0,0.0,0.0,0.0
0.0,0.0,0.0,0.0,,,,,,,,0.0
0.0,0.0,0.0,0.0,0.0,0.0,0.0,0.0,0.0,0.0,0.0,0.0
0.0,0.0,0.0,0.0,0.0,0.0,0.0,0.0,0.0,0.0,0.0,0.0
0.0,0.0,0.0,0.0,0.0,0.0,0.0,0.0,0.0,0.0,0.0,0.0
0.0,0.0,0.0,0.0,0.0,0.0,0.0,0.0,0.0,0.0,0.0,0.0
0.0,0.0,0.0,0.0,0.0,0.0,0.0,0.0,0.0,0.0,0.0,0.0
0.0,0.0,0.0,0.0,0.0,0.0,0.0,0.0,0.0,0.0,0.0,0.0
0.0,0.0,0.0,0.0,0.0,0.0,0.0,0.0,0.0,0.0,0.0,0.0
0.0,0.0,0.0,0.0,0.0,0.0,0.0,0.0,0.0,0.0,0.0,0.0
0.0,0.0,0.0,0.0,0.0,0.0,0.0,0.0,0.0,0.0,0.0,0.0
0.0,0.0,0.0,0.0,0.0,0.0,0.0,0.0,0.0,0.0,0.0,0.0
0.0,0.0,0.0,0.0,0.0,0.0,0.0,0.0,0.0,0.0,0.0,0.0
0.0,0.0,0.0,0.0,0.0,0.0,0.0,0.0,0.0,0.0,0.0,0.0
0.0,0.0,0.0,0.0,0.0,0.0,0.0,0.0,0.0,0.0,0.0,0.0
0.0,0.0,0.0,0.0,0.0,0.0,0.0,0.0,0.0,0.0,0.0,0.0
0.0,0.0,0.0,0.0,0.0,0.0,0.0,0.0,0.0,0.0,0.0,0.0
0.0,0.0,0.0,0.0,0.0,0.0,0.0,0.0,0.0,0.0,0.0,0.0
0.0,0.0,0.0,0.0,0.0,0.0,0.0,0.0,0.0,0.0,0.0,0.0
0.0,0.0,0.0,0.0,0.0,0.0,0.0,0.0,0.0,0.0,0.0,0.0
0.0,0.0,0.0,0.0,0.0,0.0,0.0,0.0,0.0,0.0,0.0,0.0
3030.0044860049984,4383.486789824082,6185.163814540275,7330.83042439845,9089.546265965098,8942.794116891031,9545.475774526938,8506.418905547667,6622.499672701325,4884.71360467554,3190.631842622521,2512.373439600757
1339.6884314764827,1949.170911349044,2785.58652692014,3312.8205029581623,4117.390227958216,4044.979886261079,4324.924514992168,3842.869933080879,2982.871601396707,2182.7548049229563,1408.294317049737,1102.1972736444638
1221.829057727303,1763.5079162347286,2490.462494644765,2946.7753999508923,3651.9743806136,3586.2354944102244,3832.7543279566,3416.505798867149,2663.655115417036,1966.061875732129,1282.8680649317237,1010.6704218742348
851.1894175634445,1000.2844164496,1106.697775454312,1107.943856740829,1231.199673263809,1146.997692861591,1266.235426784574,1267.690765039744,1155.856615364431,1046.952780563086,832.5727429657417,788.3479632577303
2390.283703845033,2555.136430588871,4881.653866574716,6053.357922246407,5275.720225975276,5489.275829078265,5899.094710046749,5962.559558235773,4265.357706277782,2927.883404809733,2226.0819726547365,1809.0974524562328
633.541049189931,808.2922951168634,1103.216335568743,1196.237900013731,1407.688823147184,1283.140319350092,1456.826310452991,1342.54486540238,1150.868502211711,908.373496525149,595.591832480213,522.2619666765377
148.2888820514389,179.9220995205117,222.9084860086535,232.0595730653845,269.0332340726929,249.2115428145581,277.1973458714176,264.7324492195368,232.2229867453528,194.9989860400267,141.2562644977072,128.4592914323246
,,,,163.6616562835383,154.8774178755604,,163.7180038235427,143.4710828177704,123.6234135651337,93.63795088652464,86.15311507713079
203.8683097242862,293.0086902056019,411.0277193976019,485.3682987948231,600.7643736490646,590.4692450601149,630.5385336592685,562.940996793438,439.6894575246347,325.8711739224429,214.1035058497903,169.517440597488
388.8222878232179,559.3174751176714,784.0882690921385,926.4408946956424,1146.873571208704,1128.053966517125,1203.962292570936,1074.80428598486,839.1008020841401,621.8343625353781,408.8598549626705,323.6213886117534
181.24477711748315,240.86964382194927,324.7058686008296,365.7022181691685,442.7342792019121,425.4907563420569,461.6108748921787,421.2324590021857,343.1696410231248,266.2427726851061,180.80165340904165,152.70532800079502
3396.381378294011,4677.270790064194,6392.309893269425,7373.725202776432,9018.59318317064,8778.881818466445,9440.989064549667,8528.732441390392,6803.821692822651,5174.431494557784,3482.75105667719,2870.578938178607
2030.000083505353,2536.08006154598,3183.772656945498,3403.4050125803697,3990.9291302516,3764.4296017648057,4134.470876599895,3897.2686261794506,3337.925484337968,2747.834863542512,1976.762601235153,1767.4709768106172
1290.8443264925077,1630.6259220597326,2094.964552363802,2264.222919554599,2670.077188180431,2506.61200173426,2766.8323324540315,2587.720159291975,2198.140306998692,1784.7100284530982,1254.7220118109165,1113.1901719542236
2265.633165133295,3268.361096267278,4611.808365610064,5455.193327258944,6759.509024566098,6638.084637863261,7093.893126784168,6324.797340560235,4932.342956026379,3642.521348571524,2378.734698723716,1875.155117553041
1232.8949514223857,1302.223529248167,2478.617099073435,3077.214687604799,2660.491576797321,2776.19926841934,2975.9622225652392,3017.2401689962308,2173.7982293274345,1486.986964803211,1144.2508104222302,935.7292534851408
0.0,0.0,0.0,0.0,0.0,0.0,0.0,0.0,0.0,0.0,0.0,0.0
450.2447315109457,661.2263668351516,949.0717307510764,1132.813430446309,1410.192500752184,1387.042053202992,1481.704160671745,1314.463390922736,1017.014054694221,741.2721800425054,475.6232666758266,368.8309681349025
1639.727409478123,2367.818698037895,3343.802295079706,3957.37425566122,4904.826071486857,4817.416996105492,5147.854618942783,4588.490316846839,3576.67531249876,2639.561400959456,1722.339366192228,1356.51920904749
0.0,0.0,0.0,0.0,0.0,0.0,0.0,0.0,0.0,0.0,0.0,0.0
3270.3132870750173,4818.281976277699,6897.541219801663,8256.5890948984,10285.35218209456,10151.300514242876,10816.882201671297,9593.36571191812,7404.897529570788,5393.759770193048,3474.204399120459,2692.166031304847
1173.2220092109746,1250.9217697452086,2388.837249549088,2966.446365267079,2579.4526816666303,2687.180001340311,2885.108159738435,2917.670223415663,2091.31045806208,1432.395683241116,1092.2466614830412,888.6930095004111
0.0,0.0,0.0,0.0,0.0,0.0,0.0,0.0,0.0,0.0,0.0,0.0
0.0,0.0,0.0,0.0,0.0,0.0,0.0,0.0,0.0,0.0,0.0,0.0
8199.412768933076,11778.418974476604,16585.637454664964,19574.167566257587,24230.787551244008,23771.28591717721,25421.40006793691,22688.16569788539,17727.575206347392,13121.857498510662,8585.20681913454,6791.060443103855
203.9642114175201,213.9950535006711,405.2805491976326,498.2276655961001,432.7694928947845,448.9057297887297,483.632810644391,490.6443227291554,351.9394378368535,243.8997638789137,188.2685193783814,154.0265787242918
0.0,0.0,0.0,0.0,0.0,0.0,0.0,0.0,0.0,0.0,0.0,0.0
983.3891569771656,1225.1032216442647,1510.551913773693,1605.815677443663,1875.685757479012,1772.7527930268402,1942.8205209801213,1842.9165430396235,1584.508768408485,1320.4766591791413,963.4582452039132,869.5242159421296
0.0,0.0,0.0,0.0,0.0,0.0,0.0,0.0,0.0,0.0,0.0,0.0
1264.824116700996,1544.51605885577,1817.5734279514145,1895.1240187893004,2179.5461764472084,2061.388001697323,2253.012378833096,2179.3724550474185,1906.4746774236764,1642.8282432771468,1246.4673881021852,1142.030762042522
6080.933593407724,8764.094608781352,12360.541387831285,14613.915109344083,18104.147753511574,17775.721646908187,18998.86898752706,16943.11624421312,13218.427170194664,9766.670226533706,6380.750595934345,5034.158560461896
54.79379442169349,79.05464983802202,111.5612339498795,131.9718264486563,163.5311331744809,160.5965146155859,171.6224774955997,153.0104302364422,119.3170693629948,88.10765195160516,57.5323437595945,45.34760671710202
1360.716192594025,1947.528769067987,2737.7183949600053,3225.3521952790043,3989.488486524355,3911.924838274773,4185.451614598641,3738.97112693968,2925.820463248397,2169.563678335696,1421.4151352303236,1128.026925974678
7879.12762753439,11178.537405476693,15681.684870832809,18438.99463951575,22761.700760934466,22319.30882654912,23901.241477602,21357.067173694035,16753.9694635329,12458.714223498277,8184.14043182937,6571.796970600253
1134.30919415574,1619.169968235615,2259.166025784582,2658.165161967246,3284.372843734133,3225.157542661618,3445.711998725538,3082.214056213617,2414.921295990839,1797.989720443234,1187.558024107921,946.0770739235984
2103.368608108788,3012.478815941896,4236.666337929571,4991.773428675484,6174.819987135097,6052.603623841654,6476.731446683561,5784.78870904116,4526.332922766178,3355.554919328719,2197.623505170183,1742.550901301123
0.0,0.0,0.0,0.0,0.0,0.0,0.0,0.0,0.0,0.0,0.0,0.0
0.0,0.0,0.0,0.0,0.0,0.0,0.0,0.0,0.0,0.0,0.0,0.0
1752.0836579435588,2453.5146053579447,3381.867052535569,3936.857500134367,4838.93564961375,4732.235684866751,5069.562690988607,4559.881177890446,3605.764690574347,2716.9531830279666,1814.480498440257,1470.403207588481
959.357609616552,1158.4081949661052,1443.9288546355283,1496.9976332563344,1730.483539554377,1587.9417508121678,1779.245110732679,1700.6235199668215,1500.5769199944853,1259.3709923175074,905.9338444683516,825.4008975046136
1671.6589846537854,2410.2310083908906,3388.3750286180675,4008.363665469965,4965.370535929929,4883.684773156313,5213.00714465085,4650.372058222399,3626.682246710716,2682.338945502748,1758.5376321148278,1388.7878627606085
90.59442944604749,140.329913629423,206.2798543506169,253.4850926677626,319.2089361018333,318.7873541888295,,295.7792113299482,223.2026073678168,158.0839617002066,99.43971903007755,73.75849769945354
640.8601010390885,922.9712091007864,1304.252330415472,1541.142308462931,1909.152152197229,1872.549644501695,2003.190762632914,1786.357567840828,1394.239422159693,1029.620938026927,671.085505170871,529.4494820748386
0.0,0.0,0.0,0.0,0.0,0.0,0.0,0.0,0.0,0.0,0.0,0.0
1309.576798821324,1894.840631661084,2670.932502491273,3165.267037968629,3924.373694002323,3861.479693503214,4120.891907054061,3672.547156927995,2859.717455687874,2110.310715348686,1379.907173384338,1086.167804067538
0.0,0.0,0.0,0.0,0.0,0.0,0.0,0.0,0.0,0.0,0.0,0.0
0.0,0.0,0.0,0.0,0.0,0.0,0.0,0.0,0.0,0.0,0.0,0.0
1146.556160575738,1646.8112697132703,2317.068647690201,2734.532628132826,3384.741266470212,3321.390482193382,3551.1891696655584,3169.820103841535,2476.8340744959555,1834.005590205032,1200.9718202264264,950.3188335035202
0.0,0.0,0.0,0.0,0.0,0.0,0.0,0.0,0.0,0.0,0.0,0.0
192.6241130751997,273.3781845421707,379.0687087232636,444.7027826876291,548.5826681190435,538.6897622623509,575.4307838573407,515.6885743640258,405.0970767530868,302.9688110358063,201.3573513197797,161.3533128822091
470.8769222446211,461.9585295667127,847.3654893153966,976.64576158686,851.2347186423316,860.8542026961456,946.6171542412088,973.0992647264602,698.878530372193,517.2696045453375,416.5515103471243,349.10109448370406
0.0,0.0,0.0,0.0,0.0,0.0,0.0,0.0,0.0,0.0,0.0,0.0
0.0,0.0,0.0,0.0,0.0,0.0,0.0,0.0,0.0,0.0,0.0,0.0
0.0,0.0,0.0,0.0,0.0,0.0,0.0,0.0,0.0,0.0,0.0,0.0
692.7096972951683,979.1081700726132,1367.7648895763646,1600.049498729773,1973.15616531536,1928.364944441125,2067.928714921487,1852.8805172959087,1458.8678514807607,1089.3957095113974,717.7282663852284,575.6339082057859
2704.06821319662,3910.119644139043,5527.933862590624,6546.978344109966,8117.260403640505,7974.177703403182,8520.347763434447,7591.704765186522,5913.979182946376,4360.406065612467,2841.996125061973,2235.6708076910186
692.6279427978087,1000.025026746669,1412.049525600141,1671.021656013895,2071.007766531444,2034.055727691361,2173.598781506007,1937.495973828947,1510.359227001824,1114.749586232613,727.4752886816814,573.0381529945057
13960.27258614654,20184.27369220104,28533.67703118733,33791.526881498045,41895.16851384402,41155.54771016558,43975.18908204296,39183.44543564304,30525.793012408925,22508.358836826825,14671.238696438184,11542.383941557977
2677.727608740117,2882.562235283688,5529.761394895905,6888.534941393125,6009.633444167557,6263.356609886703,6723.836170231634,6785.457989554018,4848.140775036016,3311.0428939404164,2502.508664236814,2028.5014931117607
0.0,0.0,0.0,0.0,0.0,0.0,0.0,0.0,0.0,0.0,0.0,0.0
2468.5785040301475,3587.781747076334,5092.997338164409,6047.774697271359,7507.948278523318,7380.937646269934,7883.778354483793,7014.953067312774,5452.265040405555,4006.188866669165,2600.2270840290225,2036.3575950881475
376.9242468993159,538.6811230033449,752.0799825335256,885.4860895930594,1094.406416051374,1074.991565443062,1148.286387792554,1026.840752970501,804.0817938765948,598.2571485108747,394.9088478056152,314.303887829092
,,222.011600326764,263.2895064375218,,,,,,,,
1806.978658048757,2607.570268866125,3681.18649657432,4355.184872154546,5397.077007815338,5300.257657515553,5664.390339162295,5049.754647258423,3937.374680941877,2906.751793373164,1897.1776241542416,1495.1318310186734
2986.6187378555787,4142.599483750396,5672.716498323986,6564.017054590063,8046.51822638131,7852.403877872823,8423.251678314973,7598.38068534636,6039.937884313204,4580.268058650979,3076.571067758662,2512.710048698144
2495.008172481187,3603.378278802953,5089.232541077722,6023.537346253498,7465.930830600976,7333.03086233275,7835.9439292728575,6984.221940298497,5443.766769079047,4017.073019556562,2620.8700980995973,2063.9499795148504
0.0,0.0,0.0,0.0,0.0,0.0,0.0,0.0,0.0,0.0,0.0,0.0
1728.1356764740365,2189.555159138662,2747.668989418591,2971.7786084443,3505.31769043913,3345.275636577541,3640.156684822537,3417.798115780496,2890.1066225467807,2368.4044875962863,1710.0174333869168,1516.165521523052
0.0,0.0,0.0,0.0,0.0,0.0,0.0,0.0,0.0,0.0,0.0,0.0
1137.2746114326974,1619.381607195618,2263.424870421704,2659.414433867578,3284.539071613519,3219.88940755768,3444.659021654876,3082.2529201492,2417.6716263409207,1800.31225459069,1186.509029091886,946.6808768775136
137.44986780800232,193.33231221897404,267.8628169269681,312.6060133695517,384.8490507328545,376.4661934431847,,362.1057307652247,285.6961599025656,214.4358804835812,142.50832893553235,114.92244471625742
1712.9493437029057,2154.866235528507,2687.431872212001,2887.209772595284,3393.1769467145373,3220.699106697224,3518.1647138216845,3316.972916021576,2825.0725133756464,2330.576868516416,1686.9413781167657,1500.109832485659
346.7968965954687,499.8908672963988,707.3653977128711,836.1792088862177,1036.12387691614,1016.137783043394,1087.205363042395,969.2236740321138,756.1957876969053,557.960553211186,363.1222278979476,286.2223725193696
0.0,0.0,0.0,0.0,0.0,0.0,0.0,0.0,0.0,0.0,0.0,0.0
666.4377876622568,909.1775832440884,1223.209854119112,1400.7740006914405,1702.1678715731648,1655.7951469387922,1782.24020740986,1617.7616427126354,1301.0871590316033,1001.1169854006135,682.5615515476807,570.6684563783544
869.1289071505054,909.5594047614264,1720.2474382138662,2111.4654882604545,1831.657922376032,1907.3828043137664,2045.0690630023064,2067.937268895719,1496.7663513462217,1033.2556052584791,796.971829821151,653.1990557609234
1198.141174666498,1705.0484392839126,2379.2067537115327,2794.4666285765097,3450.5220859895408,3383.360594951552,3618.59050133724,3238.7753714971286,2541.31554889016,1894.11901405198,1250.618385739413,998.3427550216604
822.9986131557079,1130.925283187879,1510.9252328957632,1737.8285800917668,2116.47048041413,2070.0370443755146,2216.4367599637058,2011.835299081583,1610.0475245358025,1238.8485833101315,851.469325320592,706.5027592979837
3442.348606565692,3732.880277492319,7182.383063211581,8968.933865837293,7840.678579028646,8175.925574339926,8773.064936594044,8840.035745318688,6305.643316939678,4296.237342785785,3227.799127466032,2608.379230597085
166.7196486860788,154.2254628092677,271.3660522281423,305.0642055894189,256.0076116332444,256.9822903907938,283.3875122409025,299.2146263758009,221.3838991784409,168.1030143944461,145.1132716086964,124.5055509272627
0.0,0.0,0.0,0.0,0.0,0.0,0.0,0.0,0.0,0.0,0.0,0.0
141.7292962430584,197.883621609995,270.395948772708,314.4217508081063,386.1003186740055,378.5798915227999,,364.5105441787896,,218.3689780017077,147.2056059579614,119.818742878429
115.8138904164984,154.8970640348819,203.9386565274746,230.7190838781162,279.3412812509908,271.8881769066259,291.8225521046572,267.0112296172913,216.4931728192551,169.2609756334523,117.8901985500871,99.98570713321136
0.0,0.0,0.0,0.0,0.0,0.0,0.0,0.0,0.0,0.0,0.0,0.0
1420.85933802149,1681.851449726512,2041.809629510051,2076.620750271293,2370.199295624411,2156.762837701918,2429.419948933559,2354.884991286565,2117.027446088776,1816.271475964584,1333.796818851381,1234.20570229039
124.2891971568604,180.5440475563157,258.3164895457135,306.4622243775682,380.6329488998907,373.0614487585392,399.5585451324515,355.2447238335027,276.259590729884,202.3915819615578,130.1568963729521,101.8036761358886
1084.990479066069,1523.2901581446183,2122.1363547313363,2470.793407199176,3038.325666831118,2958.878503346259,3181.2427066043765,2856.091268023719,2260.522591323861,1695.074748368092,1117.9002185544548,901.6506845662776
8996.693794017545,12965.47482857699,18280.19152196081,21611.87626141329,26772.33104235009,26287.59608144638,28094.57900935192,25055.48267881728,19548.16381439725,14446.09385726633,9441.650312738137,7449.42606857685
889.5278119331995,837.49172961377,1503.68398468599,1806.678587338028,1464.2780521442924,1531.0633892929418,1631.8133608556025,1711.608574515996,1312.994000782276,917.040256153361,790.2423603499783,681.1664077082377
2482.8582471927216,3558.836321770577,5010.464544314055,5905.043669979212,7305.287205458855,7160.700455708643,7663.716201380514,6843.887910890666,5354.448675373461,3966.796193050716,2593.8943202207365,2057.0682742661115
516.3137555266226,743.1373493348799,1043.8226588408215,1233.9290210306572,1527.888996309375,1502.6013813110435,1604.1316461456645,1431.8820475223883,1117.3466356221825,827.0703076060847,542.648579602806,429.535759221939
1151.9856564473546,1559.0258635947348,2085.1238069471515,2376.48197060244,2889.987271193626,2811.998704294283,3020.622121400937,2749.5049345014804,2214.5597075609594,1712.325256016974,1175.225973480747,983.9675606659238
0.0,0.0,0.0,0.0,0.0,0.0,0.0,0.0,0.0,0.0,0.0,0.0
1045.5016081940312,1483.9878085404428,2081.035209948821,2439.980175210452,3012.387468383194,2945.27460401648,3157.7317197254083,2826.0375477766534,2220.483580102664,1653.0805729998751,1085.0830243680152,866.6841465976224
2379.427391089194,3430.6749400239623,4838.033250265843,5721.3264628705865,7088.291153337241,6961.100237762829,7438.914554615187,6633.511979987202,5174.266605463598,3822.736618656593,2497.871309698073,1970.1994992260904
2071.463846040374,2193.707368901231,4173.9787700117,5158.020679099068,4485.947524340596,4662.578767902813,5015.357082308451,5078.365283218221,3638.86915237037,2507.1133638862266,1920.98369439611,1566.4174605774897
3279.261995752623,4618.9380498267965,6334.513788627437,7396.55937816962,9089.334222148997,8918.312330757495,9531.743848094517,8572.696622562944,6766.581248073194,5100.461119855445,3422.548703036771,2771.967572377039
0.0,0.0,0.0,0.0,0.0,0.0,0.0,0.0,0.0,0.0,0.0,0.0
6136.533569788495,8829.353331948967,12443.948743614092,14698.710516756924,18200.78086196161,17863.09228715675,19099.5135394318,17040.573835727286,13306.199688601768,9839.940685252974,6431.046196124416,5083.552344958566
4989.607928438911,7169.125010851543,10086.391961343134,11906.589872717896,14738.896600383569,14466.644702172563,15464.94141325398,13803.300380425186,10783.442715874658,7983.732901491134,5228.56865080329,4136.913683112028
2687.238310117613,3875.865447595466,5468.238360993355,6467.637597001451,8013.657423298132,7869.500143689622,8409.967805691187,7498.552988510831,5848.160578618691,4319.376412606064,2821.164379949349,2224.273782930809
2066.169526959392,2979.844939858725,4203.823853209613,4971.925255897271,6160.284827576098,6049.397713682813,6464.89840785195,5764.402369160146,4495.850101523228,3320.75796497369,2169.066612656906,1710.264952674299
16470.163557138356,23647.26051226108,33195.336984203204,39169.47383543205,48463.04553622271,47580.545302677056,50851.51745882783,45410.28238086124,35492.700914027635,26310.97817696166,17268.637046433065,13684.673243680108
5608.32519680962,8090.947899085835,11417.24444961974,13505.59243882963,16734.98126971922,16434.50346020589,17562.91827116519,15658.55405297717,12210.87187540356,9017.330901006631,5888.448079739122,4641.617977948762
0.0,0.0,0.0,0.0,0.0,0.0,0.0,0.0,0.0,0.0,0.0,0.0
822.774542124349,1195.852160356347,1697.606795964375,2015.893312620529,2502.633749193571,2460.310300357301,2627.917063667881,2338.286468802631,1817.367751898149,1335.32335166029,866.6691842304002,678.7036803199327
280.32798018292635,399.7260903580514,561.6485879790267,660.4038751101807,815.8716275944988,799.0181341647112,855.8398314873597,765.2282232202381,600.1879089383498,445.6609972627019,291.7170932544371,232.45263822331623
6691.649186457012,7163.823455905973,13702.919610329003,17019.74225797351,14835.4493351407,15444.94220883134,16593.65177185658,16764.474580664144,11987.608879365538,8214.255924825442,6236.82765330164,5065.486149255298
0.0,0.0,0.0,0.0,0.0,0.0,0.0,0.0,0.0,0.0,0.0,0.0
964.7483355763692,1393.568549908635,1968.481396840357,2330.074197424366,2888.160806348862,2836.820368820893,3031.338799391672,2701.722363631766,2105.660358109416,1553.628037866031,1013.494337037719,798.0080410508614
1139.3850226997674,1504.9937190669214,2020.055705349712,2267.9325875918585,2728.896964124012,2612.0709434402875,2846.801067870171,2599.991833738517,2133.772634323914,1665.0274347721197,1130.2566499888712,965.8792399874249
3500.4793666173573,5044.498435756452,7114.057179044948,8410.471037956439,10418.996670253182,10230.608920692115,10934.633772057645,9751.89024905434,7608.468476284445,5621.869925435769,3672.772402114144,2898.2075560947824
9825.335870212308,14240.802082334803,20170.817422817978,23918.229990582528,29672.545714520475,29159.24399085661,31151.50445554703,27738.815549382627,21586.023298827444,15890.311901890542,10337.03860002552,8114.954596724881
1183.4420624768188,1646.8552227109485,2242.849698586096,2601.5115224300644,3189.7089636742226,3123.880468933932,3341.8648378826565,3014.7224891013257,2392.2006812879454,1815.7816956960207,1227.0140482992012,1002.3695324092796
1086.7696166864127,1355.7850521424432,1694.9347403348083,1810.50781694674,2118.30023953982,1995.1832375402048,2194.3090004287906,2071.226343404479,1777.9215539981078,1468.5350822353455,1059.2545979802987,951.1908065630874
1626.808592413184,1596.940489787439,2925.342853239345,3460.5231766587067,2955.171571087919,3033.2739144226234,3290.8444772738976,3394.7474636354664,2478.370030544321,1782.4852493947512,1455.0233101839904,1223.3745640960378
379.3322773183103,470.5419268229809,576.8292851822274,611.9793434528078,714.8819493975946,678.5738398532849,740.1166440431828,703.9825897883552,604.7621256338566,506.2630172075234,372.4791721016729,335.8175907894968
0.0,0.0,0.0,0.0,0.0,0.0,0.0,0.0,0.0,0.0,0.0,0.0
0.0,0.0,0.0,0.0,0.0,0.0,0.0,0.0,0.0,0.0,0.0,0.0
35.35299631038617,41.18855402050271,46.32054559714725,45.8211260994677,51.00581866881388,47.00562399143623,52.22932888860747,52.37323961477813,48.10474898534807,43.51041624698974,34.08725155541309,32.21545687334959
2644.807308505799,3742.597408746755,5220.207436391714,6107.513583421046,7528.879570960741,7359.994550459492,7889.920780538459,7070.80790658531,5568.756980029135,4160.73291145678,2744.30915959528,2199.602759644903
,,1856.3353859914969,,2118.7825855455567,,2185.118078831216,2163.977946605932,1945.58668593284,1737.414661189899,,1287.1930920061748
2325.1005341449,3326.327572502414,4688.944624689068,5518.603436937823,6822.575426130286,6674.756340551926,7154.946808873796,6390.736906087081,5008.35672498424,3711.753709890864,2421.70932171829,1921.3772228581488
500.2836602934184,727.4049790893514,1032.923017891857,1226.825780039298,1523.188525913609,1497.508541876083,1599.484977397658,1423.058203017064,1105.846303227209,812.3213405548023,527.0593091484233,412.6126530463733
33.61729818555166,40.13561338807357,45.95187842410114,46.76399745494493,,,,,,42.38720705355323,32.80984814741227,30.60252767354951
129.82251875163288,176.4821369577825,238.901852724309,273.29087893782525,333.18830631522974,323.633839913749,348.2275357831306,315.97599402010803,253.67922422640547,194.7097521015829,132.1584000870517,109.83011238667804
2091.4243380460293,3012.671107854288,4246.320471254758,5019.246983949933,6217.193147331414,6104.754705182128,6524.450334294357,5819.402396590085,4541.049706586611,3356.639339499161,2194.404485162325,1732.4070764161152
4595.429270382304,6661.691656221024,9436.489049561833,11190.747327596937,13883.656014348597,13644.398228029371,14576.139906962602,12978.829348314475,10099.137801157956,7433.5939337279615,4835.2483417508165,3795.5170076600175
0.0,0.0,0.0,0.0,0.0,0.0,0.0,0.0,0.0,0.0,0.0,0.0
0.0,0.0,0.0,0.0,0.0,0.0,0.0,0.0,0.0,0.0,0.0,0.0
2134.831996053948,2671.339202034096,3472.97293527089,3722.748068534071,4386.605348143354,4083.258446989229,4533.408564980348,4241.519019555823,3628.189909040212,2937.616571036987,2045.063582404213,1813.6157652033207
15638.431029925652,22557.32257890384,31817.04080281376,37637.356128111634,46631.62753997507,45804.68611919475,48944.30987437556,43640.79335392237,34033.700343114455,25137.71811151066,16422.495436025398,12952.25597447956
0.0,0.0,0.0,0.0,0.0,0.0,0.0,0.0,0.0,0.0,0.0,0.0
1071.191452579152,1537.03267534929,2169.74607327158,2558.570083030017,3167.173252968429,3103.242671584524,3322.613439002494,2965.2919226653644,2318.409478913878,1714.9382390929252,1118.360925914095,885.0546812011175
863.6878757794265,946.3107942885948,1829.448361642646,2293.1455837927,2010.303108506051,2098.051070704985,2250.250278512825,2262.780630196468,1609.573496678689,1092.526472247529,813.4734809646873,654.6891086036969
0.0,0.0,0.0,0.0,0.0,0.0,0.0,0.0,0.0,0.0,0.0,0.0
493.81569596200336,646.2469080914066,874.4038466368168,971.236467502666,1166.2458518359974,1101.531692006668,1211.8956088270306,1110.4898432890873,920.0775274052118,718.3916134006092,482.06074072830927,412.26950840777977
3638.3684798282256,5244.95242558313,7406.592418256526,8758.159762793537,10851.794261749752,10653.168127981866,11389.118137577758,10154.971301072625,7921.408030035014,5848.9237463905865,3815.551819330201,3009.562095519942
285.98394106260423,410.59296738871694,592.4737078766865,712.2721883114718,887.4491998838367,867.7806698083161,935.085335304578,823.1209221058189,635.2501787066994,460.49558478447136,299.6131022531827,241.91467886959504
3028.414311474183,3684.897497022699,4358.173538112713,4517.829727100498,5200.302201909984,4909.464413070031,5370.731593677629,5197.34643184762,4559.158832029335,3921.875194326032,2957.743757166378,2719.874556871505
11340.587474646303,16168.225402077598,22553.005076444537,26506.59584235764,32729.22488090788,32104.686258383,34328.39468656624,30723.88480584282,24097.18969449665,17956.939145863846,11855.707591110708,9462.406597529063
338.0727425279574,428.2099375801868,546.1354853919952,590.7896484693988,697.3824134994063,659.5720139115293,723.3606676566089,676.8374136600889,573.6697971385152,466.5370242862361,330.6243502614201,293.3872206519843
7796.490608107819,11275.657684554868,15966.205969126,18939.824108466302,23498.04986539816,23109.32708086192,24679.543608633696,21978.19828154403,17096.475501392546,12583.392847702346,8196.140171658666,6452.178659790472
1910.891576197068,2481.3109408760142,3164.507075993174,3493.9295420397752,4162.086354459114,4009.728626910068,4336.420878530161,4025.89347309036,3345.193711942048,2689.020809760458,1919.0259735624056,1668.8535776560366
0.0,0.0,0.0,0.0,0.0,0.0,0.0,0.0,0.0,0.0,0.0,0.0
0.0,21179.0001959023,29882.143809318222,35345.591255507534,43793.09234440111,0.0,45961.98024360772,40980.26346306651,31961.834296982,0.0,0.0,0.0
934.4716645498704,1231.1627654736033,1614.9064451961622,1801.9942966545773,2163.718593054765,2080.4890314527984,2255.138822272631,2074.781437950673,1707.6330765873856,1347.6951866518336,936.6386055757883,803.6997541150167
643.564729544577,908.744954302364,1257.970637631987,1471.474544904669,1812.987682781991,1777.164612427889,1900.697508865052,1705.414273134026,1343.011951230865,1006.979731234821,670.1611194155473,539.0392533083758
1280.1257143500095,1766.8096219272586,2416.323649378681,2788.7481859035943,3414.640430389738,3327.875768250228,3573.8700281198035,3227.269837112199,2571.898829982114,1954.084887582288,1313.3878981488192,1078.845992572938
701.3855361090962,1016.0104458123784,1443.9971439242763,1711.2634507138114,2123.226430048694,2083.448666235497,2228.666527638096,1983.9864673425968,1544.5208060607497,1135.665414688316,735.8162523189344,577.4568831555769
4646.158055108956,6699.783529067782,9450.673462758654,11176.63417201657,13847.5090945066,13597.97360257743,14532.08506722745,12957.97298928859,10106.99662279555,7466.015960365967,4877.240133355354,3846.080377288399
702.103101213588,991.6191283694508,1372.07248683646,1605.199522498648,1977.795122737255,1939.315484786585,2073.626754983465,1860.594209767477,1465.035548490978,1098.573029624801,731.4896832832022,588.3872158351495
1360.0456141885104,1760.212849389065,2210.274914474357,2436.814040221652,2900.702903798071,2813.695863051734,3023.1461838336863,2818.5285619829906,2339.791450261829,1896.3464686456712,1374.125815131223,1206.449653992844
451.6873012725862,384.2082421528488,640.166361086234,697.2325997024602,544.2270097448076,547.4786186434056,599.0229966270243,660.6982636685015,522.6040841307855,404.7101852230168,382.216404112291,340.6157539511642
5438.207628348073,7858.351966260459,11099.050301796824,13142.773956980138,16292.685359496774,16011.601992695869,17104.583554000546,15244.18435704355,11877.488075245035,8761.615103008946,5715.86219428795,4502.117945166172
961.5095472089351,1381.009456137405,1943.8371193064672,2294.0464793158853,2839.599135029948,2786.342606730385,2979.4590008511896,2659.469308273389,2078.060329213366,1538.409936507819,1006.830848790574,796.6965246975701
814.8628165518828,1187.928620794144,1692.236433883594,2012.475423599767,2500.435147987823,2458.21180951455,2626.025999634947,2334.498269718753,1812.054655179212,1328.167674433776,858.8665628311701,670.6293624108189
419.4168731051526,614.1965446463255,877.1184483957002,1046.31636659404,1301.59877098386,1281.7852068803738,1367.721526696296,1214.4359426208662,940.1811900714368,687.0093405739772,443.6298182800675,345.1273506594224
0.0,0.0,0.0,0.0,0.0,0.0,0.0,0.0,0.0,0.0,0.0,0.0
6190.572035426741,8416.314552202655,11433.431432389953,13079.704664519006,15931.881990829526,15449.581789942176,16661.682985767573,15105.61343375622,12144.243396934606,9306.248978573452,6283.450172890663,5241.459272943916
656.7458767074393,883.0859257227407,1170.2267066288528,1342.6422939598428,1633.0544386879178,1595.920710004661,1712.1538693668776,1556.0602899324654,1248.111199152744,965.2664757879504,674.1882458260584,577.7014922300016
455.0403631746606,629.9736408861165,856.5845226480525,991.24860941551,1213.9255093990062,1187.8066400730788,1271.4109433115746,1148.5783635169253,912.9669789407902,694.6209793777405,470.1411827837731,385.5873925062881
0.0,0.0,0.0,0.0,0.0,0.0,0.0,0.0,0.0,0.0,0.0,0.0
0.0,0.0,0.0,0.0,0.0,0.0,0.0,0.0,0.0,0.0,0.0,0.0
232.7925571075613,338.2118540251563,479.9608814618792,569.8293386718643,707.3431378671148,695.3408640892893,742.7306468360854,660.9438763137812,513.7935666515889,377.6173637508153,245.168793985106,192.0646895331734
2830.394537765378,4075.009352999963,5739.970462464444,6782.892882590787,8400.393954323812,8248.183067250504,8815.107929857235,7863.842747616579,6137.899545367187,4539.09012290301,2969.444575081295,2345.1833006707548
89.6484574691047,130.0800902497946,184.8410453813533,219.2667022661624,272.1329970649391,267.233901205263,285.6878789375896,254.2587248282869,197.7796560489154,145.3508307751005,94.21408759543752,73.84778754990738
1508.883582414934,2133.693955080904,2956.411611257177,3457.575947297718,4259.517298730145,4173.094179495671,4465.704803933446,4007.578081325393,3156.594971130183,2366.072918152704,1570.9045648577548,1263.198104991588
0.0,0.0,0.0,0.0,0.0,0.0,0.0,0.0,0.0,0.0,0.0,0.0
1082.3615609610624,1324.780240619648,1598.021518590116,1672.9270401712909,1928.953193218956,1812.415531970052,1994.211441280799,1914.599404183407,1672.857491490795,1423.552515793878,1057.4792743110477,964.4773781106412
2795.054908523502,3901.099043007829,5404.119137431328,6271.795822331293,7702.245666036604,7499.553201808847,8062.263445350092,7251.880789997233,5753.2919762159045,4332.284442490587,2873.149835667445,2330.207643290973
1858.113867461864,2692.533250501143,3813.022519771046,4520.881927090619,5608.203949236551,5511.009030194205,5887.630903921407,5242.956369403044,4080.42720094391,3004.227437058838,1954.695249166783,1534.810369075285
0.0,0.0,0.0,0.0,0.0,0.0,0.0,0.0,0.0,0.0,0.0,0.0
0.0,0.0,0.0,0.0,0.0,0.0,0.0,0.0,0.0,0.0,0.0,0.0
2815.4931689705863,4027.343684553577,5680.748412514534,6687.653734413308,8271.354132429593,8093.612924667725,8674.018106806183,7744.823693857531,6066.506652813943,4493.428544013288,2932.4595352283004,2327.388064474734
40.16535368956054,56.03451228732251,77.3595367294694,89.9976854925109,110.5940182336577,108.0338584047776,115.8202961012078,104.1572219979924,82.42327430989738,62.12816031362429,41.51518192627976,33.60542470128267
3669.3046800423726,5211.428273160144,7262.548457230232,8520.71269801633,10514.174517160827,10305.014639701796,11025.043010121144,9875.141426389027,7756.2543868257,5788.171847090891,3825.1436279185855,3061.3049260183
0.0,0.0,0.0,0.0,0.0,0.0,0.0,0.0,0.0,0.0,0.0,0.0
0.0,0.0,0.0,0.0,0.0,0.0,0.0,0.0,0.0,0.0,0.0,0.0
0.0,0.0,0.0,0.0,0.0,0.0,0.0,0.0,0.0,0.0,0.0,0.0
2448.051359032602,3550.882207546528,5029.821135050146,5967.070255353021,7404.003604483511,7279.138779657238,7774.352602687275,6921.812623954928,5384.371118100539,3962.298112125969,2577.305880568949,2022.470585306036
48.50480421230594,72.7519621664564,106.9699931197085,128.9810950454633,161.4607311016314,158.8939285228512,169.8541749691605,149.7510802170875,114.8381029099219,82.28235346496072,51.49026086903238,39.15184322137316
153.2006318306854,189.0858281216019,245.6079111900353,259.5090043808121,302.4754288324037,276.6916165801219,311.8220742998899,293.2188287170008,255.5850555784382,208.5664031310685,143.9508096344325,129.1969557646916
0.0,0.0,0.0,0.0,0.0,0.0,0.0,0.0,0.0,0.0,0.0,0.0
1373.0632106556657,1338.3303621302775,2444.1940257282217,2926.9353431774894,2457.308417895648,2543.0781601341937,2739.875400657902,2839.511550511976,2101.8610295772514,1488.4578431944506,1229.696911030088,1041.156130438541
203.4080830451199,254.5472287561159,312.5010755651543,333.7661352544864,,,,384.7149065458925,328.245318876317,273.3366986453246,200.9694397038574,180.6200286056501
818.1888928979114,1000.098518310575,1166.424840042128,1216.52824666879,1398.385745516174,1330.999329926863,1447.108220606096,1401.591125000238,1225.094942123575,1057.79147161753,808.7321110983643,744.7744168808092
876.1911549097492,1233.632860065344,1716.9141372903025,2004.337712433855,2468.7502358907727,2411.596808360793,2586.7931977339385,2320.560073735189,1830.592355954917,1370.9489378326375,906.6002854460004,730.0403510451888
7029.911045906411,10145.640087622269,14316.71133872645,16940.802725143083,20994.103467094206,20625.07897392601,22036.90367816268,19646.348639598204,15316.723360576938,11308.279394963398,7383.941527139328,5820.520703601502
336.6418096737753,415.4249861442731,491.0172431857795,517.2152894965762,598.6619062402874,572.2577101235516,620.4874261264397,596.5162031799642,516.3325140161344,440.7668579809426,333.9139478276485,305.2476626417872
4366.204638724536,6262.582663941281,8822.042176652258,10402.982150110452,12873.906485974445,12621.654308547058,13505.737852283775,12055.644009289612,9427.488288617713,6980.234894355606,4563.56045759631,3614.2998113422136
1737.770135834623,2505.856152280489,3534.725808246325,4180.251883767383,5179.195576039539,5085.860153765043,5435.23537608342,4846.500993560086,3780.199359623135,2792.43790856914,1824.194631050488,1438.527023498627
4043.212686567013,5203.130429377506,6719.01492920372,7392.613921711501,8809.14627490518,8415.330534234181,9168.701339769164,8498.082340262441,7083.810318522377,5675.386311298063,4006.858845217191,3507.714052319794
1381.75021000605,1987.272992779732,2793.872968148561,3301.1195024161434,4087.150374010018,4017.412500725075,4290.702811373727,3829.697563091551,2989.7421569563885,2212.812683944181,1450.3687723394405,1148.2088088564522
2674.349834339259,3854.532144806098,5435.036819602565,6425.979038873958,7960.59101705691,7816.583180922013,8353.823915602408,7449.935227964879,5812.11219695806,4294.828450579029,2806.753885889716,2214.302202905558
18.43794231156459,26.50138376028136,37.37851084424587,44.19596590426499,54.73520182250744,53.73364868649374,57.43194334899618,51.21353377470265,39.9633370503543,29.54893339262761,19.346976558011,15.25373816225895
5897.884742331303,5130.701140656836,8676.112925570817,9517.643149446289,7627.437268702443,7640.720933667431,8402.491324148565,9136.304781768516,7048.956676802824,5457.260758420161,5025.742688706215,4429.934596334437
456.1830945522485,658.3846438113126,929.3559351219192,1099.5767602420724,1362.641989673763,1338.253342735617,1430.1002861144952,1274.8939788869748,994.0088956945384,733.8426518112565,479.0523778497036,377.4836580510451
34.37376452389732,29.2304215004879,48.39445985476572,51.86546685624548,41.14604611455013,40.81515387985367,45.10015331447251,49.69839522025235,38.82115229432973,30.82839379876761,29.03891203029446,25.82207988851134
0.0,0.0,0.0,0.0,0.0,0.0,0.0,0.0,0.0,0.0,0.0,0.0
0.0,0.0,0.0,0.0,0.0,0.0,0.0,0.0,0.0,0.0,0.0,0.0
355.62935406593067,525.211127825287,759.1074932424622,910.0611094551172,1135.1148596840526,1118.382815763825,1193.7659744625596,1056.978324293901,814.731278415333,590.234300684984,376.7439380716919,290.9883295868126
38.89702809310395,54.80225072654218,76.449880591958,89.40969914002439,110.1887862437992,107.6811724561926,115.4513785345619,103.4860612622693,81.51340526942404,60.96589293954257,40.31661830183551,32.32072712828622
6013.832386305268,8664.819590020945,12214.44483246733,14438.9152943724,17885.59266185659,17561.18858976688,18768.61582619235,16739.36590523556,13061.29496560319,9653.767569017393,6310.640123591276,4980.055547605508
0.0,0.0,0.0,0.0,0.0,0.0,0.0,0.0,0.0,0.0,0.0,0.0
1009.4320305769896,1232.4883460913438,1487.8946941851923,1550.475695286269,1793.7613928986766,1684.6530571021026,1850.9376395541703,1779.3122176757456,1554.6987008161984,1321.4576492908343,980.1981089972572,893.5764047210812
1520.8556828498167,2190.9922806006234,3092.484314295354,3655.2455198443913,4528.118249806449,4444.393469296612,4752.011125866364,4237.925108084825,3306.9923485117497,2442.9133046503075,1594.2869088667055,1258.1188489880865
0.0,0.0,0.0,0.0,0.0,0.0,0.0,0.0,0.0,0.0,0.0,0.0
18.45752707048138,26.51968947541154,37.39304841313996,44.20448998349909,54.74050159064426,53.73593242715492,57.43586152447191,51.22225948359534,39.97692566041511,29.56650863306922,19.36437771675097,15.27247099042104
4394.225062446354,5711.775561987537,7385.290745042144,8160.620294926815,9738.850982805308,9323.260466014854,10135.106091199945,9384.073077627618,7797.671934573975,6227.835414797002,4381.321296480675,3798.3927503585146
,988.4289645223276,1388.0464088122749,1635.492116027075,,,2122.225847976355,1896.0239369250576,,1100.5321129327644,721.9502729336149,573.1759206800743
0.0,0.0,0.0,0.0,0.0,0.0,0.0,0.0,0.0,0.0,0.0,0.0
820.5266564969016,1184.529492600175,1672.393725982477,1978.976361809483,2452.593226800135,2408.786586444827,2574.060781235127,2294.541241914676,1788.798141281307,1320.375934072407,861.7587838403775,678.8937184457685
0.0,0.0,0.0,0.0,0.0,0.0,0.0,0.0,0.0,0.0,0.0,0.0
342.9224649350634,508.1372701359811,722.1436374634784,867.5519538847955,1081.2212355117122,1072.5266117498436,1138.2848717710317,1009.6903165734972,777.0011384102274,566.6592765504702,367.9817852703513,284.390459937777
880.5010744046629,1229.7970254106822,1688.109561918583,1971.2085278869813,2380.360368793223,2293.482538699636,2500.9476511108733,2240.744462193894,1800.200015728219,1363.9773352218726,919.6486260753286,762.8166352212113
2029.157585385292,2911.6326515399114,4080.139088723786,4813.838419754753,5955.915448309004,5851.8920220911805,6250.277050969957,5582.587944548997,4363.622629274663,3237.295085574908,2129.102266441192,1688.0629335782114
8271.043111439854,11966.988810081037,16912.208074522212,20039.09762714384,24848.6648721641,24426.08201385555,26089.009370268435,23244.54698118302,18101.121156849666,13343.87594407952,8699.993721679799,6843.442220004944
1054.165003376333,1574.824817474242,2311.532615147842,2797.259174691457,3505.76203717836,3459.2084363462127,3691.802363777989,3249.5834980183085,2483.8434776683234,1777.6765659219052,1120.6839513034374,858.8315641011837
389.5367182518737,452.34278399820346,509.4684195804938,501.2891146124766,556.6448035046809,510.3383037435154,569.2991113182131,572.3563458703209,528.3095343467345,478.6402195195034,373.9004910446549,354.1692410019493
1378.017601229318,1491.912122278547,2868.484492514993,3580.245174116018,3128.148634098399,3261.711458935801,3499.926228021296,3527.825963120017,2517.81014684742,1716.218143041193,1291.288671869764,1044.192886413914
3907.615921191319,5605.636802119327,7896.166081097986,9311.353272555743,11523.228872870375,11296.673270724688,12087.94736799258,10791.164323402065,8437.403286483725,6247.377846710254,4084.881333322246,3234.1004945711466
7217.301374641456,7399.290406416524,13873.469076886242,16864.264711586704,14544.900715153824,15070.288419553415,16232.015974040632,16543.843364773576,11989.22105508844,8372.375828446899,6583.078636812415,5445.029849009916
2020.8044208364377,2586.15917888844,3209.5482872387392,3499.2188455874475,4137.154066580839,3987.9923874117903,4305.638652266895,4039.7237036427873,3390.893170583235,2779.73758692298,2028.27916031226,1797.2946366513995
474.979156989188,685.2333911273762,966.9379418351344,1143.799141637832,1417.296717775154,1391.848008506538,1487.414667137437,1326.134724177648,1034.150348738739,763.6890192000176,498.702139097726,393.1078847324502
1056.4195537414098,1097.9182763064669,2073.2471578209984,2553.821369539369,2200.112165503795,2289.9412208494577,2459.479351134728,2502.300362795981,1808.6171231101268,1247.5318964045684,972.889075580769,800.7303558557405
10039.399237337348,14376.693597579691,20176.17796577264,23766.825728220418,29390.39652441564,28824.086031762155,30829.25833571791,27546.10553021465,21560.16211355268,16000.89067687407,10500.402629247226,8333.836010312249
1140.8603140933456,1417.309106293053,1732.5511155679978,1839.1978915351349,2143.27108807816,2028.508310808595,2219.768835865529,2111.4695190293737,1818.619481595387,1523.1198409164454,1119.240693287207,1013.0361218474468
1115.009081861141,1492.7573838919384,2011.9295344147588,2275.5594476902747,2760.032865401705,2659.849718508715,2879.03982361242,2624.1473911705752,2129.4034828916124,1647.984477708059,1119.6669401347906,940.0367537969548
1047.3261315569434,1279.6600641607815,1570.261664843831,1641.8097651420233,1890.9651882026176,1752.115928024492,1951.8487280126749,1867.5941944208344,1639.105448113056,1384.8218530026268,1009.9488916752636,922.5096587722472
2643.0014556000065,3510.834593358383,4704.783099879376,5346.909605085005,6486.267032285321,6277.567836531876,6783.59723672367,6174.71360098556,4991.319417764861,3866.02331860272,2656.9301989209075,2271.48185378592
567.816223162798,809.6086142161067,1130.734089282229,1329.440877884401,1642.307431164381,1611.088472626822,1722.542548511966,1540.992614090657,1208.089311088137,899.5044116135047,593.4291200095684,472.9267020704734
1564.9568103827646,2245.8383023957767,3144.325355741457,3710.541216108415,4590.841181115057,4513.331142037951,4818.637884225338,4304.450857308569,3364.062357401978,2496.29027360786,1643.1985209257027,1303.446547632324
4282.518488422453,5819.104055257239,7933.073973980563,9064.545125900264,11053.584985940464,10701.795087121322,11548.44831083592,10467.514614582302,8414.811176092242,6440.895512725041,4336.324568041529,3596.486487566392
632.032313745116,564.3951557068053,982.923478056913,1146.9935272440516,905.6391177334152,941.5425342554892,1006.6032050982748,1078.714888019494,844.9529289758059,607.6787570835595,548.6842645702374,484.4393000191817
1983.9797866791764,2866.0366149156616,4048.4510138624814,4792.479675335825,5940.522886244623,5835.528303759178,6235.388227054389,5557.335906354606,4331.001960408636,3195.360147303592,2084.374217270048,1641.3147473083768
840.5232618362545,1213.23187949674,1710.434003090396,2024.110456643219,2508.303501572272,2465.0839900071487,2632.9909434404094,2347.529099663719,1830.089536666179,1351.6209632780117,883.4916177290916,696.4912497720663
6934.588743023823,9981.35045225544,14054.64040593874,16606.296264433367,20564.70636188793,20193.014180859853,21580.155000753373,19253.470334813217,15029.444255803566,11116.961346733482,7274.962363605538,5748.463845766624
0.0,0.0,0.0,0.0,0.0,0.0,0.0,0.0,0.0,0.0,0.0,0.0
133.1729393267653,121.1397253809493,213.7040793074997,253.8380995989497,200.413827250151,209.9920260007317,222.966402754664,237.2828859270089,186.388937287781,131.1090773681144,117.2099317464128,102.5794529210236
0.0,0.0,0.0,0.0,0.0,0.0,0.0,0.0,0.0,0.0,0.0,0.0
182.1467198966998,263.0222796679634,371.6224783363031,439.9447178856207,545.319345698133,535.6206418596693,572.3489822353952,510.0733368582472,397.5151739006858,293.29067454449483,191.3605615733227,150.62586189176292
528.6710504878678,781.758011108252,1123.1005348697909,1346.0071496743112,1678.0142387732808,1655.4058428649232,1764.5795878245467,1563.4619962076335,1205.5329107170612,876.112818116734,562.0114319061711,433.6204892046472
447.3098656809296,639.9825716557147,900.8257634447992,1060.689380815948,1311.862332914535,1284.940168036925,1375.849524804232,1228.9960781608,962.1411876692345,713.2772196568618,466.6057983209258,370.1736950604533
0.0,0.0,0.0,0.0,0.0,0.0,0.0,0.0,0.0,0.0,0.0,0.0
,,,,11455.8467003136,11253.047492164294,12023.46836974978,10725.378113838362,8368.80462572647,6187.561739472522,4048.083329173587,3197.024375621512
0.0,0.0,0.0,0.0,0.0,0.0,0.0,0.0,0.0,0.0,0.0,0.0
1529.520613026027,2199.7202810190684,3095.5488477048902,3657.490663050168,4529.038301372937,4449.015647839468,4753.621539142388,4241.868990584038,3311.3423796211787,2449.83800714892,1604.5392501975405,1269.4011453245448
7993.525003856408,11606.026638146754,16444.698440952274,19540.6883801014,24259.94391179516,23882.002794111933,25483.676494567422,22675.875937855148,17612.40560144505,12947.782308640097,8429.024601492418,6612.695026354506
4331.012623858016,6256.583519305663,8840.18620198959,10464.68426279128,12971.727031531316,12741.205733444564,13615.480827913536,12134.600329120343,9456.923897990891,6976.420458012229,4549.299453372776,3581.9174898771025
883.2658000861283,1135.136831246621,1427.797421002072,1565.2791394327037,1857.8341566330644,1788.7634670559542,1933.586620692816,1805.9139635792053,1509.0171218053156,1225.7370535414325,884.65643361945,778.1976145529025
767.5728382306739,,,,2289.559931669895,2248.404429918094,2402.806277601828,2142.350553038161,1670.757762991079,1233.919576760178,805.8610373782509,635.306317440806
1119.016639956244,1547.2347592226513,2126.611832482084,2484.8295389276386,3049.0402892333595,2998.545949112209,3206.514278205761,2874.827960396964,2269.5370072720093,1713.723665007733,1151.9056438396651,953.3409316202432
9619.22898832683,13853.255550703234,19523.272141279784,23073.4778925062,28578.27417056094,28057.81736080484,29988.6201697418,26749.405480698584,20876.009120636823,15433.641552613904,10091.316465173632,7966.862174265194
927.9005347384968,1003.182460601492,1927.565431605609,2404.639541695354,2100.154633516946,2189.586126264593,2349.627198607526,2369.032449623161,1691.450146314706,1153.521115786732,868.9740558576228,703.0889081227833
3387.674949338548,4909.185790684111,6957.917686312411,8249.299205778,10234.143779924954,10053.954240184388,10743.86056173394,9566.263597389405,7445.285684607017,5479.674408567824,3561.897192254132,2796.442658231308
148.9988805034074,176.5914465350342,188.7357373906952,190.1267482577963,207.811411662136,194.3241271230287,214.5995080100465,215.5655868702195,197.4970973975473,181.2469112851114,149.0590541143892,141.4885054427141
979.6929955289252,1405.802747607062,1982.929298892211,2338.441604799572,2894.325596371465,2836.294536833007,3036.084135544661,2709.874154120086,2118.63467158008,1567.709841526037,1023.44859366699,809.8727233804773
2785.24743819628,3919.441681051534,5409.226763768746,6311.304151874535,7764.123625796817,7602.301148584754,8138.335392470688,7313.947454110388,5773.063972158789,4341.342396234442,2894.09652062551,2339.226144464854
4409.564582709085,6346.487931418535,8944.878590817958,10567.60157109318,13086.844750692471,12844.558542268618,13731.904374095258,12249.903890217698,9563.504439397184,7071.56256535938,4622.673350266507,3651.268353365116
0.0,0.0,0.0,0.0,0.0,0.0,0.0,0.0,0.0,0.0,0.0,0.0
6488.821706319422,9345.668756192128,13200.543419297504,15615.321113509042,19350.728561894863,19011.9949367518,20318.463860348667,18118.3219306002,14128.820050997678,10427.222281175273,6804.126320987104,5382.948615701409
188.2657423664965,259.8976150440402,352.3604016214896,407.0226025172655,,,,,,,194.3463721524026,159.7941627799758
0.0,0.0,0.0,0.0,0.0,0.0,0.0,0.0,0.0,0.0,0.0,0.0
18.63829044641751,26.65949882052506,37.58396742180639,44.31446544553022,54.82512821988882,53.71811132260633,57.50103332813778,51.32756311350174,40.14609127324709,29.73997789243947,19.46911738925729,15.40439630024739
2274.103928471546,3086.184491263839,4233.102139678106,4856.594525060356,5926.8795695954,5746.726527948853,6204.220413076442,5604.975950817145,4495.162752103241,3425.43745486092,2294.352741866704,1913.077709190556
2273.981632254787,3293.784287356267,4665.280226828479,5530.177326276571,6859.869947477384,6739.544878282554,7201.344133369036,6413.039351050404,4991.944744363892,3675.517917807629,2391.0759421834746,1878.156874829011
28.05936013746859,35.36853424477843,44.29020717488168,47.77364307961818,56.37894272650402,53.87380946640312,58.50568549602852,55.01707855939259,46.53208107260966,38.2305753278685,27.71953332495823,24.63070234450775
187.0591390250858,267.9263001972195,375.057121457887,442.0657069939059,546.7024631738665,536.9335132334039,573.6359129342339,512.5937269905295,401.005377004258,297.8169079158307,196.0636019193722,155.6822340153692
91.07234860776784,112.3915184702183,130.9358253936331,138.1539466317658,159.1633535282112,152.6526063762027,165.215249795882,159.2482168109216,138.1006628857599,118.5735050832111,90.9404560519755,83.44100628795856
330.800382274229,406.7794576496567,498.718820551844,524.390141665706,610.5783276828874,575.8523049477943,631.1103211338653,602.1728564418585,521.3374113267014,438.0462177858888,321.5064450369056,291.2745811736344
946.3527991811604,1348.354012707439,1883.278146505371,2212.411632311109,2732.0486583016614,2678.4507111196726,2865.1064874364897,2564.1114957840587,2011.5587003471608,1498.5171174950672,987.9833801215392,788.3723781043387
0.0,0.0,0.0,0.0,0.0,0.0,0.0,0.0,0.0,0.0,0.0,0.0
421.797241065907,377.0803914036357,652.346987775884,734.3470169664967,595.4076235223886,603.6904072853928,659.011413033156,706.1562131904051,539.5675711606868,406.0060162967598,363.7909076585781,317.95097012003265
1733.744303408025,2229.897055775541,2836.819892707613,3103.786643539903,3686.4287196809314,3525.8911399518743,3831.128470525961,3574.700151261572,2991.526708318881,2425.642779577094,1731.4644610857697,1510.2226831745
22.25511706945123,22.62460627884406,42.02594042859254,50.71120500560651,43.87512690142577,45.20042698002594,48.91611792033489,49.94195247276006,36.08801394397715,25.54810431942333,20.24894451792724,16.80518549238285
1727.3927587990224,2334.4516217260025,3171.917398757656,3606.1131859814873,4382.655649951268,4223.187472592404,4574.136283869731,4155.089892095339,3360.864591915495,2584.172758879445,1740.548706425025,1449.069074212147
838.0783560216188,1208.653573401826,1708.7158445453024,2021.0967576601272,2504.4269808090075,2458.268708125218,2628.8518739867536,2343.650053562796,1827.854257031316,1348.7356510679954,878.569896149209,693.7630902273587
4486.352415517873,5773.731833738364,7590.289403269693,8345.668268645128,9975.659919519268,9481.593512926662,10360.380632029532,9583.271600415805,7980.321547547268,6347.076894697961,4396.500784265068,3815.5755046128015
1455.2960871664227,2111.844188897236,2994.1324756058752,3552.609140089099,4408.644404644658,4333.120727540258,4628.799865545249,4120.379601410212,3204.704711995564,2357.1886035916905,1531.885890361741,1201.315349176377
356.4894053399128,509.4991733350501,714.1624866619118,840.6643724373794,1039.2759342738143,1019.2792639711196,1090.1905026940326,974.4703258188812,763.134182157025,566.8790188582349,372.54552206974654,296.2110505667744
1520.4136660180293,2160.323477914806,3025.3800396948754,3549.2917085905538,4382.093369503178,4287.652253548831,4593.80502583674,4111.260773391447,3228.7969018225804,2404.360927494364,1580.7554472442669,1261.689460120581
545.7970893063374,684.7016746438585,873.9269063363889,939.6786420843364,1109.515723900384,1047.343484604467,1148.7426968917416,1077.5846538752617,915.305356457648,746.5493610156245,530.3174240268756,470.2369858643674
0.0,0.0,0.0,0.0,0.0,0.0,0.0,0.0,0.0,0.0,0.0,0.0
0.0,0.0,0.0,0.0,,,,,,,,
29.97914182870509,36.94818907931101,42.41210360683958,44.71717124162327,51.17542194833989,49.17403674828409,53.16955546404264,51.41544307706923,44.74040374634546,38.71465146810811,30.14521568864348,27.71038651434765
801.0858745192587,1042.1587663324876,1416.9892341008845,1564.8828507468197,1864.991090381,1734.4230578678444,1935.4810039357567,1775.8791958848792,1487.3951908177771,1164.9094563030117,774.2311613805039,671.3410896509705
500.7900273201492,727.8824515913615,1033.30387515275,1227.052408371608,1523.333894412495,1497.576281337789,1599.595327700937,1423.291346236737,1106.203237996122,812.7790732785677,527.5116293567087,413.0960460543267
79.50243930553339,84.3043651132489,160.4724768830957,198.2470808614374,172.6121525083301,179.3248354532408,192.9746233969219,195.3260335262848,139.8100866118374,96.38980796736315,73.74974527159507,60.08691820804104
438.8231220623401,624.1189650385433,868.7439786809189,1020.407376049924,1259.651209230184,1236.6696682503682,1321.5415838979034,1183.4148513280702,928.6066732621092,692.8313929478711,458.5037062226503,366.9898768746847
630.0921474887372,697.349800597303,1353.902755908183,1699.45868340079,1497.019578736349,1561.174538112678,1675.961134162013,1681.579969354071,1190.560515393877,807.728170362509,595.5359111986116,477.1276143644372
0.0,0.0,0.0,0.0,0.0,0.0,0.0,0.0,0.0,0.0,0.0,0.0
2803.907223654433,4040.584431208693,5696.609885171209,6734.652088816558,8342.620443528258,8191.502241619314,8754.612393364741,7807.71518804861,6091.699144003705,4501.941811579934,2942.507773951108,2321.745096516994
97.3427379087618,137.3212728898233,190.7235997454719,222.9256232019683,274.656233925517,268.7416133457971,287.8373095858719,258.2229185070736,203.4589565972167,152.406485968544,101.0549267214567,81.24048373322168
671.8578810970296,955.6945509954812,1338.0719681201826,1573.592015136835,1938.15527875602,1899.504749410254,2036.741181857544,1819.766448183851,1429.8013064203133,1064.9040418302725,699.904564666806,563.0515144745664
0.0,0.0,0.0,0.0,0.0,0.0,0.0,0.0,0.0,0.0,0.0,0.0
455.8644049748895,433.9147648755167,781.4808351933412,921.848109629386,767.4120147067354,792.0282674023576,853.2894507128999,889.760395548373,667.4621091852017,477.9898728935905,403.5849686161413,344.7108034844041
89.03089264039968,129.6054552107902,,,271.9097338354393,267.3708291813897,285.5551814553599,253.9764226875558,197.2568571770628,144.7810772609879,93.84480796938276,73.38928175691083
0.0,0.0,0.0,0.0,0.0,0.0,0.0,0.0,0.0,0.0,0.0,0.0
402.154502195066,530.878580607456,671.6262476569872,754.1081562324708,903.8742642510804,887.5000937116142,946.5687592624788,874.2919142115757,714.3978909084141,572.1812319273625,413.0767868311498,358.8118451840602
617.7943836990619,902.3402428672867,1285.145720162411,1530.065824509631,1901.756293816116,1871.4182670621,1997.785363077369,1775.415815475601,1376.835558950443,1008.555971859983,652.4530137154678,508.8332909163586
0.0,0.0,0.0,0.0,0.0,0.0,0.0,0.0,0.0,0.0,0.0,0.0
0.0,0.0,0.0,0.0,0.0,0.0,0.0,0.0,0.0,0.0,0.0,0.0
476.2495640110697,663.7375214139734,918.457502814053,1064.4003772065855,1306.2921015955378,1271.1166863665433,1367.2995711300537,1230.5733050353424,977.6951422332204,737.0528136685218,488.9929582027623,397.0298985447659
1195.360427322329,1571.6703794780728,2045.4830748023653,2284.490245549845,2748.4466065983443,2659.90292846412,2865.862123750862,2639.9412062374327,2164.402281655031,1713.8496906142032,1204.1925854965768,1035.557093304424
565.563512408241,816.2994895450286,1152.323700254634,1363.4293202378572,1689.6470136020575,1659.4209935877248,1773.3025167628198,1580.8214844020997,1232.4984210347625,909.8716474146752,593.932765008661,467.9808228807102
0.0,0.0,0.0,0.0,0.0,0.0,0.0,0.0,0.0,0.0,0.0,0.0
2023.770625133035,2886.161614387679,4032.39350258135,4741.596953670398,5857.9199789929335,5746.870296220417,6144.6055984807135,5496.643128508298,4308.739614576366,3207.303007328353,2114.94628777876,1685.3026152693135
8702.2805115346,12471.448497323609,17511.78610998908,20641.81473930952,25531.95681589169,25050.21777197393,26786.79864381458,23927.21806490024,18717.94808036378,13882.542783734738,9106.739573890283,7225.966391453236
1337.2477770580592,1909.5288349416537,2667.9739844341943,3141.217626493644,3882.466970972042,3813.4242075101247,4074.051168998906,3643.265061971652,2852.828671389664,2121.7758163812737,1399.8442993262158,1115.222616010322
1019.4283366331592,1456.288323331319,2031.14106837752,2391.016483167847,2954.632733802102,2903.0221796572496,3100.284890478383,2773.079736695397,2171.887755158675,1616.80293654218,1068.27438839378,851.139092862982
3435.1775144623084,4915.296742387123,6902.40383672045,8129.622801047293,10053.73888871434,9857.131800407944,10545.186553763462,9421.423139184706,7374.420047437257,5471.959343699442,3589.757356315372,2849.42120914701
338.5141077280117,482.0547672142409,668.046584925866,785.4461514638823,967.744074569168,951.6570117606022,1016.59886659639,910.7633320038628,715.0805084237993,534.1970432050533,355.1009827725408,285.8166323041363
1856.504214077901,2553.6064441380163,3475.957895664553,4000.3565498902544,4889.939537871434,4760.010469204624,5115.264646222526,4627.1792665620615,3697.089647830839,2820.0557679132976,1902.973550393981,1566.054755039332
2306.241168780649,3286.8558732574543,4616.24465786777,5427.147929932254,6706.664999963383,6568.739959198695,7035.261350301576,6289.467888036133,4932.03657845745,3662.6782855534025,2401.266071201077,1916.3573488789696
23.65693480590224,31.1988034978322,37.61774769965385,42.01557873038828,49.29521203624731,48.7075205063087,51.72359135478933,48.35768015759086,40.13726586957983,32.97825879348414,24.90900160732388,21.78968079706017
0.0,0.0,0.0,0.0,0.0,0.0,0.0,0.0,0.0,0.0,0.0,0.0
126.1608367464149,153.7255678710545,177.3172361910111,184.6922986346878,211.3023662005548,201.2368696016261,218.8297080874926,212.6521776162336,186.5263519016934,162.0131884727332,124.9867544293514,115.5662132257754
0.0,0.0,0.0,0.0,0.0,0.0,0.0,0.0,0.0,0.0,0.0,0.0
2045.2382983376824,2454.873265648016,2951.706122169743,3033.768587986913,3483.3903949129226,3230.952337795612,3584.6366558376376,3466.709052805246,3073.3028871060087,2635.6689282220423,1957.3953809561283,1801.2775680918678
71.22471411231983,103.6843641686322,,,,213.8966633451116,228.4441451642877,203.1811381500448,157.8054857416504,115.8248618087904,75.07584637550622,58.71142540552869
941.422409250354,1020.397679271267,1962.936378010453,2451.008922624916,2142.200800957075,2233.864260273186,2396.905884577351,2415.454255158714,1723.354989056098,1174.21640898573,882.6064855283557,713.3858385076476
2435.606086967784,2636.680932302897,5069.316889668807,6326.97398753491,5527.896379264973,5763.882368220872,6184.860736746649,6234.273851574073,4449.512295099905,3033.020853916514,2282.229241634108,1845.576038072575
0.0,0.0,0.0,0.0,0.0,0.0,0.0,0.0,0.0,0.0,0.0,0.0
259.6609166823508,363.8772873843917,493.1030041897369,575.3814049618869,706.2598700154883,696.8333333125369,741.5635211884284,668.2933447651965,527.4903581744744,400.11426840249305,272.0752789620747,222.1323274422457
289.84058995629687,398.0853518195384,545.814129495894,627.8633883201483,767.8331839235689,745.4284909681971,803.0388792071202,725.4156808898915,580.1119347188775,441.06809532917407,295.5456152304861,243.29304167732545
0.0,0.0,0.0,0.0,0.0,0.0,0.0,0.0,0.0,0.0,0.0,0.0
0.0,0.0,0.0,0.0,0.0,0.0,0.0,0.0,0.0,0.0,0.0,0.0
2283.185086373962,3294.046850515725,4648.466615978833,5498.87407829617,6813.827012853139,6691.534240499816,7150.958568716973,6375.483696312902,4971.621072163382,3671.25114841764,2397.279002299143,1889.589154828662
501.0650026858062,463.2170880757421,814.7145603170549,915.6899079523564,768.1369731816017,771.0548945477984,850.2582100249347,897.9765146385782,664.6465907760956,504.7758994747202,436.0036829110688,374.1983003212803
0.0,0.0,0.0,0.0,0.0,0.0,0.0,0.0,0.0,0.0,0.0,0.0
21.29389485016091,29.1683792625501,39.55486247130954,45.53916724762266,55.65308982380341,54.28359619322615,58.22706732961081,52.69120037028061,42.07983461596105,32.16887897983028,21.86566081666826,18.02343268787778
0.0,0.0,0.0,0.0,0.0,0.0,0.0,0.0,0.0,0.0,0.0,0.0
3439.972982183199,4900.823164482143,6861.543298382792,8062.592442634368,9960.105859978676,9758.4551005077,10444.569570161875,9342.557573217786,7327.515758004067,5451.868850869608,3586.5588109419564,2858.154602947867
5859.484317012852,7331.415653038543,9026.463335494313,9672.493705443489,11277.465716698976,10669.277701153433,11699.815886783084,11068.213071660282,9488.314084725956,7886.714859615377,5774.496378126774,5187.516222873173
2928.123667318578,3769.697523433937,4566.079141991181,5006.609345913167,5892.39302083852,5752.810897857268,6153.496636844466,5788.954876584153,4847.791753907288,4004.38636207708,2993.398682591509,2659.871566957389
727.2196906829328,1011.6676091160372,1394.6534124792247,1617.481811627116,1985.704956920982,1936.576271346108,2078.8523043453747,1872.009899138421,1484.89396542435,1121.2875542704414,748.5067699712196,608.6907598413834
2033.880562258077,2931.09958091945,4132.592659974202,4885.782648373801,6052.401981687972,5942.817577900622,6351.32124484313,5664.276203066966,4419.241967848779,3265.821833621139,2134.471004697856,1684.090708153479
1867.948174829981,2710.966730523849,3843.893280840789,4561.129997180087,5660.335389965418,5563.45659379011,5943.04598578048,5290.1154418309,4114.286910700534,3025.9968085230003,1966.354786586728,1541.8732723438245
3251.5989549228943,4727.884029160363,6713.801316710795,7974.239116963974,9900.629639871391,9733.746088677231,10396.57133961982,9249.742816881317,7187.809739574647,5279.856508304603,3425.6621205333354,2681.751744346462
895.1678478395987,1263.93801871184,1755.8732616677207,2051.9330640326907,2525.512229954862,2468.7840147241614,2648.1984046100724,2375.55905512613,1873.9930066278223,1404.2736990961766,929.3345773723588,749.7561127113865
550.8115650889629,794.3031348657837,1116.9094851264197,1321.372506882985,1636.937262748334,1609.9880160998746,1718.5954653987071,1532.9836653605626,1195.4475545647,884.0420349066399,579.4495451737689,457.5133095386407
0.0,0.0,0.0,0.0,0.0,0.0,0.0,0.0,0.0,0.0,0.0,0.0
1063.429571552757,918.0362269128228,1544.8803244693686,1692.6404098934618,1344.253222530441,1349.9662901725187,1480.6540167110318,1617.5898030302133,1258.726620113291,973.72665055448,904.238128733979,800.2030075782357
638.9351518725832,922.2103094666556,1301.115294928126,1539.562325836546,1907.872355986609,1874.21839306724,2002.451966495352,1785.205700877465,1391.8079490598072,1027.685051146438,671.2366253823429,528.9870509273165
3906.6674438403593,5620.857394740835,7908.435791451477,9342.644729787058,11568.298684025358,11361.143498671909,12139.945616642784,10832.71904454474,8457.46177024268,6258.564214480784,4099.005754718266,3240.363068063462
427.95258660539247,605.1121881377809,837.0678253912589,979.928451069353,1207.6066859236144,1184.887790862175,1266.3304706080362,1136.09724615069,894.0881102890833,670.2439257881153,446.3742208856153,359.0604352842745
3953.971616759508,5741.360049232827,8152.163629468299,9680.154673456896,12017.138130003264,11815.644291679531,12621.310046297456,11231.014867766016,8729.81479861963,6412.98772637374,4162.35806274285,3264.050920137918
0.0,0.0,0.0,0.0,0.0,0.0,0.0,0.0,0.0,0.0,0.0,0.0
2833.885328030938,3076.051264294362,5921.300491254318,7397.421095654665,6468.038860612037,6745.552992998404,7237.484552850909,7291.370749346198,5200.068750828526,3541.283728615122,2658.486235091198,2147.533001317002
424.7682034277443,610.0190359056139,859.7252603538293,1014.4307075499564,1255.73123723157,1231.413479094004,,1175.760109412343,,679.9230080216681,444.3640672777782,351.50572479053403
0.0,0.0,0.0,0.0,0.0,0.0,0.0,0.0,0.0,0.0,0.0,0.0
3215.129404283558,3477.953869988512,6684.460583958296,8340.575662288347,7285.636751861722,7596.21898292179,8151.262086894174,8217.633404627071,5866.311836945182,3999.849849962809,3011.691678209506,2436.207011401639
4033.255477910024,5792.52938912172,8146.312783707255,9613.687971133018,11898.81001818106,11678.279008458456,12484.599495642027,11145.008911353903,8708.846145977552,6450.085672986191,4225.495744961264,3345.400427777129
1440.1656604218504,2088.585149793823,2959.3545084263105,3510.3589344198526,4355.566844197566,4281.064813457176,4573.112347373046,4071.5531093127374,3167.5178008033376,2330.8438112319573,1515.664194277115,1189.4111403521822
0.0,0.0,0.0,0.0,0.0,0.0,0.0,0.0,0.0,0.0,0.0,0.0
0.0,0.0,0.0,0.0,0.0,0.0,0.0,0.0,0.0,0.0,0.0,0.0
348.0112002645216,501.5979463746806,707.2840284212552,836.2486103999614,1035.961800170013,1017.224234950813,1087.137405338422,969.5029795364344,756.3564866805328,558.8975377060004,365.2442069648669,288.1428756126044
0.0,0.0,0.0,0.0,0.0,0.0,0.0,0.0,0.0,0.0,0.0,0.0
2579.3719702286603,3709.4005516808975,5224.868856768643,6170.509853859562,7640.329497973102,7499.057623391536,8017.148664622249,7153.633801986356,5586.360234156852,4132.707939730453,2703.190859482765,2136.815618493587
0.0,0.0,0.0,0.0,0.0,0.0,0.0,0.0,0.0,0.0,0.0,0.0
1340.834235665888,1460.430301626221,2815.720225001837,3521.977751651144,3082.47455574929,3215.578248824625,3449.624595855347,3472.910841760097,2474.430270897493,1683.059505199228,1259.697046214012,1016.191950434992
1171.565015824168,1654.042487717707,2278.9089314100866,2665.100811590685,3280.1697490290803,3219.1439575482605,3439.7039234545755,3089.448267171656,2434.3702941551187,1829.442558849681,1222.7725607021357,986.7760336134296
1741.7847540434118,2475.8464774369386,3475.080193907272,4077.5162395910784,5036.058864393744,4925.176670814709,5279.581907200124,4723.062796562227,3708.6434929186585,2758.558635332723,1809.0680174839872,1442.914993716496
18.39097568055601,26.45743480656359,37.34359143555855,44.17546739814679,54.72242310274965,53.72809968954996,57.42247183587314,51.19254689510792,39.93070344739259,29.50676447358622,19.30524047787814,15.20882258425524
1169.504041505533,1687.9470720625268,2379.4482553098032,2815.9929564794834,3489.521885922384,3429.867686485715,3663.232409524762,3266.3773119511347,2546.2940318563765,1880.5755205316768,1229.31196840559,969.5720689055828
1186.417759338677,1561.8405697698454,2014.311038925658,2248.084108141885,2693.953128387405,2603.4715467238866,2810.181917519255,2594.462410242292,2134.876468895294,1698.2450917173032,1199.569335386566,1033.7178639971564
990.3887996115262,1426.811281405512,2011.141755416232,2377.271120713279,2944.661113460325,2891.205831742781,3090.015136725217,2756.006823425189,2150.547239353928,1589.614412596348,1039.218641558881,820.1806701460024
486.6809549769927,687.089680012135,952.9863935519896,1114.474069404187,1373.224975376225,1344.856108276719,1439.387546432569,1291.269802303731,1017.013438113488,762.0232716041887,506.0671629816017,406.8186869282814
0.0,0.0,0.0,0.0,0.0,0.0,0.0,0.0,0.0,0.0,0.0,0.0
1162.4608439096414,1680.4320625065675,2375.144539258641,2812.5548046683534,3486.8776979766017,3425.268248383998,3659.946891354231,3261.307378825645,2540.915812761332,1873.808479023383,1221.596643440632,961.2269911488634
5176.862504913885,7464.94122967585,10529.86352938831,12452.80968909132,15428.58779618182,15150.52540926055,16191.30721401428,14437.53209241117,11261.10967045136,8318.648191045424,5434.301014630325,4285.427122311009
8618.425152945365,12389.02952700674,17432.325287813346,20581.61295367115,25479.1020477272,25009.57936327677,26733.684939001298,23859.29915760686,18636.72143899935,13796.229881176356,9034.137475006975,7145.66066983947
6671.231878262276,9634.420339372544,13643.574947361094,16163.772611547602,20046.057558125845,19691.121651080142,21046.71749105665,18746.9663122356,14599.698900548748,10753.732050045335,7001.689615290114,5518.155475362103
,,342.2213827357457,,,,,,,,,
255.0902810701057,368.3475367170314,520.1630632862921,615.6009673463924,762.9788142841583,749.3785248059828,800.7817352563743,713.7748007253534,556.3867035086469,410.6178113817338,267.9386273058071,211.034732934226
10463.900208318992,11329.969277628476,21791.61204187809,27220.82531212384,23768.369558385974,24797.15596597754,26597.817848008304,26813.176710506592,19144.139513951635,13034.579550583832,9807.226181657534,7933.082173328952
,1101.2604342741015,,,,,2244.670145788319,2023.8544121828115,1602.894976614409,,819.5492776245926,668.8144187863481
4190.406555434773,5989.447183329973,8380.908184483189,9867.159643103603,12197.37743781463,11971.282396068227,12796.22476548776,11439.6297688394,8957.880348202661,6658.524745902461,4384.54293425005,3487.349255982828
0.0,0.0,0.0,0.0,0.0,0.0,0.0,0.0,0.0,0.0,0.0,0.0
0.0,0.0,0.0,0.0,0.0,0.0,0.0,0.0,0.0,0.0,0.0,0.0
0.0,0.0,0.0,0.0,0.0,0.0,0.0,0.0,0.0,0.0,0.0,0.0
2999.392747124665,4335.011779231434,6124.650009612804,7252.028010035449,8990.161994045659,8832.024957786472,9436.433406399185,8409.278745309155,6552.232919516265,4833.079980329148,3152.234084620958,2480.994669234636
695.0282113669613,841.2346687952016,952.6219736015936,987.0554672252836,1119.797838355543,1065.086462801418,1159.381651387518,1134.095166760522,1002.714888724605,881.3656991284315,690.300127258533,642.8624658669705
0.0,0.0,0.0,0.0,0.0,0.0,0.0,0.0,0.0,0.0,0.0,0.0
713.5746765953534,950.536995123908,1286.444189062243,1473.2091970492022,1791.5265162819155,1729.6965401064317,1875.5193615163585,1699.5422085281298,1368.871625368843,1049.621702185827,717.8280345143063,616.5871268005138
911.81402096329,1191.6273476064616,1553.684658312449,1727.7545435858433,2075.283742389104,1999.852403391508,2161.595306662824,1994.025494511821,1641.145788117628,1301.5757195277724,912.1716015783444,786.3450927615118
1405.292168622207,2028.0469764219229,2862.5871560809005,3386.7878326086093,4196.982224395248,4121.825924779185,4404.734326674704,3926.7640322289935,3061.7050618976527,2260.4504101900507,1475.6946171387656,1162.889822367304
3372.060802762483,4869.202565968887,6874.27443305549,8135.9034036899375,10083.6474366389,9905.524066646787,10583.87791058486,9434.218260780071,7353.759379597532,5427.554033638567,3542.510591548229,2790.639310919393
1155.081490766901,1703.1104600466658,2456.404786340457,2938.7331715493187,3661.8139972310832,3601.1724539766687,,3409.073698728158,2633.5407637948774,1912.8154840798104,1221.4791647095212,944.7016615918468
863.2518354778445,1239.682770519978,1746.757376522988,2065.4326712364573,2558.027754615081,2515.3435959492863,,2397.67917724,1870.2831707557484,1382.2986609094764,904.6467814512364,717.3601930599245
1447.575433648087,2086.13412364158,2941.243351284395,3477.285538927444,4307.575758101193,4229.577268732035,4520.317348538688,4031.348900341754,3145.253128697092,2324.358445529491,1519.162420704786,1198.624228770844
1239.59059555472,1789.659843745882,2526.937737837349,2990.31520182703,3706.054961621364,3639.90698584137,3889.628232641115,3467.165540730336,2702.853050912942,1994.950728485909,1301.932168462916,1025.581241303457
275.20304741172936,397.3113110960062,557.5488270277144,660.2409612619307,817.9474473806196,805.6162677617731,859.0102845666696,766.3885426297522,597.1900463718674,441.7723773175709,290.2384267996817,229.17856066041708
928.8538359725716,1323.4018588953788,1847.8988155433567,2172.408773138591,2683.4011927187703,2632.955217663606,2814.975519380454,2518.75784158843,1974.8453715558585,1470.6241699990303,970.3646443446132,774.1771769049362
493.30927295100753,716.7142546038406,1009.7709973801744,1201.991786261373,1490.4554846670085,1470.986959867869,1567.9545853563336,1396.2228457112026,1083.8645445664688,797.8495459793663,522.5612349895473,413.0549156253852
2290.073036550368,3300.477058920615,4653.573865833984,5501.863285351406,6815.678894493597,6692.324383806718,7152.323276283195,6378.541944278049,4976.393371462334,3677.428759743704,2403.388383547694,1896.17986360623
,,,,11874.38659468163,11688.040668403126,,11112.719173779467,8648.900494520376,6378.316072947467,4170.074209110483,3283.709100838453
3028.936612829729,3467.142921607712,3951.619508755462,3844.7575886755,4248.0569367027165,3817.286321594128,4324.150911281568,4354.037559744742,4070.468983560579,3689.6883033128192,2856.727231021784,2716.6391676803187
1760.1540748855775,2506.246081695213,3496.5763013396577,4105.720448339842,5068.41336482506,4968.096267095073,5315.418071057396,4758.773850048005,3735.3618811077504,2784.9193632343745,1837.1978816431945,1466.9919979603171
1717.1446079037744,2388.467244319864,3250.7752718893125,3773.501525282973,4626.321250412579,4535.136486446931,4847.952402248949,4375.116410257292,3469.097331481974,2633.1315072773336,1781.1261842465394,1457.0354131739027
2740.6878978999403,3971.378877109156,5627.324387128889,6672.028987762396,8277.113212073176,8132.594168539546,8689.764453063282,7737.887916612628,6022.063893066892,4432.583017702234,2881.9909904392066,2262.828027936554
0.0,0.0,0.0,0.0,0.0,0.0,0.0,0.0,0.0,0.0,0.0,0.0
2212.4691258712605,2742.561800229372,3450.6280116269945,3666.4313607032727,4295.522160137384,4029.8083821045343,4442.601524402072,4195.119822176825,3609.813621397144,2979.1243442365526,2136.0344744752856,1914.0980978971493
74.80922707127142,106.0782200451578,150.701287469546,176.3860331975845,,211.9384736079285,228.3915736448616,203.974180161419,160.5581934523215,118.9303578363951,76.84109162666827,61.31929162100051
73.4291132049807,96.42839661631032,125.435604357723,139.9667457756197,168.3202292256992,162.8112375577938,175.4831758595342,161.7207470023409,132.6936454209042,105.1501061847885,73.90493090634321,63.60810478741273
23.60819828919439,31.22043019032657,41.34392484718997,46.47981067020026,56.1502708838778,54.23716235484549,58.54799487638098,53.64776854505853,43.7423920294211,34.26426097691442,23.74380905994771,20.18376517168284
0.0,0.0,0.0,0.0,0.0,0.0,0.0,0.0,0.0,0.0,0.0,0.0
795.7139022654294,1141.1975488669746,1609.6553039946298,1897.7355223908407,2348.6350847601057,2301.179133282545,2463.6361768816178,2199.1456808109,1719.7300179505903,1272.748358399089,830.8457142638035,657.7308248003887
0.0,0.0,0.0,0.0,0.0,0.0,0.0,0.0,0.0,0.0,0.0,0.0
0.0,0.0,0.0,0.0,0.0,0.0,0.0,0.0,0.0,0.0,0.0,0.0
723.0595458427086,1047.015238294783,1481.87838640506,1756.328071144892,2178.35143682296,2140.381179327679,2286.764670780667,2036.762089931293,1585.654484282225,1168.006633595455,760.4077918326935,597.4398971838065
0.0,0.0,0.0,0.0,0.0,0.0,0.0,0.0,0.0,0.0,0.0,0.0
0.0,0.0,0.0,0.0,0.0,0.0,0.0,0.0,0.0,0.0,0.0,0.0
103.8759243743373,122.2192238583008,138.8524639632191,138.7982303595001,155.7608188981917,144.3917943485363,,158.9741910588719,,129.2532384695197,100.3260917166473,94.36248906794988
1542.3675120788364,2174.480706087837,3009.6698176066257,3518.145010840697,4333.014772040137,4246.971589727238,4543.316993275954,4078.3257440324014,3213.710076329476,2410.7170272707854,1603.7712371087212,1292.9620837788427
1864.2310066316,2536.9119532898976,3380.150478014163,3858.094748178232,4690.979735096055,4569.495784475234,4905.267490852563,4466.288976034066,3595.048325374145,2782.244351893148,1912.0866066751828,1595.49918562874
0.0,0.0,0.0,0.0,0.0,0.0,0.0,0.0,0.0,0.0,0.0,0.0
44137.146132458096,63681.22459625815,89914.21300013621,106363.7654310824,131804.4450122883,129426.67931727487,138333.61767982488,123328.02044079755,96170.98312256846,70997.98494068591,46326.48941076695,36518.49865162398
4590.991814245059,5805.17050727156,7216.601179679104,7775.663216245254,9162.820172777523,8752.6434463608,9511.742588334995,8961.818320512977,7592.654547740285,6258.512471960767,4547.159645934084,4048.555728337079
114.7729889536702,163.1458899882622,226.9835672071208,266.4656071423102,328.8867885776587,322.7098026201408,344.9407426123817,308.9066814462283,242.5037894277255,181.0296902777908,119.8954671476428,95.86348981577136
17470.114790562406,25337.510956214464,35894.50131103936,42587.242666717735,52844.18027708425,51955.50914078125,55488.58964959949,49401.655434534536,38425.14948827898,28273.61641563284,18392.561462092723,14435.651420019538
1944.684844599832,2828.997281331727,4018.878260282743,4774.580856836802,5928.735019076857,5829.202993201256,6225.942928949561,5538.448592021513,4302.892027574589,3159.67561360026,2049.222312000142,1603.523699214603
17409.67141784241,24698.79401161148,34494.83071484766,40430.77617918431,49879.5779031896,48816.1140801584,52292.68567575464,46829.6419271259,36821.15870788665,27465.4335776305,18102.022709996367,14487.924217366002
101.2239316602113,141.0566349513292,193.5210494640221,224.7071292301262,275.8811428033079,269.7656661517007,288.9625686547615,260.2675350002931,206.2657061798502,155.9621991272651,104.6680875720041,85.16500784826516
1295.4263767254988,1740.314946048874,2260.29835752578,2567.30805144939,3103.967469608808,3042.367620362749,3247.869783352851,2977.240013268435,2407.158006398692,1890.3015438847103,1334.6446507097194,1134.6548894504515
153.8675823952394,,,,,,,,324.1170247808368,242.1204317981698,160.0565366367423,128.1928944599633
822.4934838229753,1186.367593308254,1673.853723659569,1979.832372078773,2453.125271925499,2409.01560288218,2574.453999021141,2295.417395861018,1790.16278163869,1322.141029141343,863.5059626615636,680.7752894172438
806.6947518319504,1049.106480387335,1368.7198728467454,1515.1711786331837,1815.1596334923247,1738.5685587701798,1889.8612439083831,1746.5346436892992,1446.254208083884,1149.1062684071912,801.5105695449398,691.6328232428324
897.5136773463472,1285.731647351887,1799.2929693078531,2121.3717105068927,2623.609268617088,2577.838354267916,2753.244597970886,2460.4494396883147,1924.3991006177785,1429.1187528326195,941.135055075627,747.7111661074214
2435.708263532369,3509.594503578999,4953.638094107671,5855.835087694536,7254.452913025218,7120.593574107547,7612.94513609594,6789.018536715174,5297.132380730401,3912.842514492148,2553.858701977468,2014.9104056950584
18.47139378560326,26.53264241806691,37.40333633196813,44.21051750780494,54.744243747217,53.73753864144756,57.43862454417864,51.22842846080665,39.98654077835082,29.57894849201863,19.37669276239691,15.28573572170924
0.0,0.0,0.0,0.0,0.0,0.0,0.0,0.0,0.0,0.0,0.0,0.0
0.0,0.0,0.0,0.0,0.0,0.0,0.0,0.0,0.0,0.0,0.0,0.0
0.0,0.0,0.0,0.0,0.0,0.0,0.0,0.0,0.0,0.0,0.0,0.0
34.98929547713583,51.31388597266089,73.20224893181629,87.51312430363006,108.9043277629464,107.4538401007943,114.4908285981659,101.5996959916303,78.54238196265248,57.39020787147507,37.16908012971642,28.82488868836483
0.0,0.0,0.0,0.0,0.0,0.0,0.0,0.0,0.0,0.0,0.0,0.0
,,,,,,,,129.0958333288877,,,
10188.30776500714,14710.291950063436,20771.500500378,24581.30366014796,30465.399137440007,29921.90752604061,31974.606011680924,28501.268450938995,22217.719351619555,16397.986241049002,10700.988752274006,8429.111449000986
1654.007719099833,1766.098667456185,3376.009278406365,4200.178341707482,3649.277643893826,3805.932713624895,4082.559103930114,4127.894725144845,2961.031890032625,2023.075294807556,1541.585455063655,1253.995352526973
0.0,0.0,0.0,0.0,0.0,0.0,0.0,0.0,0.0,0.0,0.0,0.0
0.0,0.0,0.0,0.0,0.0,0.0,0.0,0.0,0.0,0.0,0.0,0.0
0.0,0.0,0.0,0.0,0.0,0.0,0.0,0.0,0.0,0.0,0.0,0.0
1480.280760270155,2135.267921680474,3012.782760773836,3563.608102175272,4415.569544863517,4336.204120128597,4633.975917256282,4131.659041334358,3222.149142211927,2379.667695074367,1554.126600189962,1225.196982857336
6028.684519339136,8352.700732230916,11385.377653011492,13151.72850568152,16103.21277484204,15715.31014327514,16856.985859331224,15227.686989719325,12124.479747294548,9222.393047436475,6213.833530329887,5091.661392998929
0.0,0.0,0.0,0.0,1143.5660253883354,1123.654255583323,0.0,1069.294926801566,832.5058704840035,613.0212516930771,0.0,0.0
0.0,0.0,0.0,0.0,0.0,0.0,0.0,0.0,0.0,0.0,0.0,0.0
1273.489408165951,1792.3602650673424,2508.9818750206264,2931.2642922155555,3611.16635047613,3523.88790686174,3786.274195487228,3393.3474447080325,2676.681549370104,1998.0616366002675,1313.9092233614497,1062.9894984876605
27078.53037972672,39017.73644904869,55082.97889951042,65129.0630577804,80685.67376001546,79194.94428755369,84673.12811047243,75499.12175614292,58905.01024091584,43501.0429344839,28393.605589970488,22408.62702348068
480.0929352427091,690.9819228237501,969.8766021186976,1146.3470362588075,1419.363478930455,1395.92482638323,1490.0601996640194,1330.0866301868257,1038.0608526465182,768.6898679408517,504.7085142439072,399.3569210295175
4315.561186929831,6223.743075558643,8779.945313641485,10384.0060899546,12865.827592219017,12634.182457657676,13501.98508596588,12039.09465578764,9389.822510271044,6935.724611077227,4530.417975064303,3572.239968460871
2646.489060100631,3472.621849915992,4533.618819222932,5047.699663312582,6065.968219833379,5848.819788230724,6320.295274312993,5826.075482319888,4790.540954367019,3794.1139960507394,2653.7002651517496,2279.8946693370467
72.4420953571554,104.8291688562429,148.2895099392438,175.6927889928231,217.8729429059858,214.0549864483056,228.704741368232,203.7377194845148,158.6605473377122,116.9231830394399,76.16202766526972,59.87411306866588
0.0,0.0,0.0,0.0,0.0,0.0,0.0,0.0,0.0,0.0,0.0,0.0
4630.513170795223,6675.766359757653,9416.08040954676,11134.56823049556,13794.780326557306,13545.766212388598,14476.808237333324,12909.383136160206,10069.989744577108,7439.361201217358,4860.051398319972,3833.345773268491
0.0,0.0,0.0,0.0,0.0,0.0,0.0,0.0,0.0,0.0,0.0,0.0
0.0,0.0,0.0,0.0,0.0,0.0,0.0,0.0,0.0,0.0,0.0,0.0
2048.920772888548,2953.740175174878,4168.498917932893,4929.25655902052,6107.310809085842,5996.662527528489,6409.755455711096,5715.515857066953,4458.412750091624,3292.8293825524524,2149.5889860979137,1695.8179777079297
22490.132232082604,32175.23709733188,45153.85494862349,53172.84111256104,65749.20146060218,64472.17868091171,68964.04761972248,61622.22979814556,48243.47864848575,35810.395816480624,23506.13225874865,18668.53572161514
0.0,0.0,0.0,0.0,0.0,0.0,0.0,0.0,0.0,0.0,0.0,0.0
1173.569711874935,1690.826202396903,2383.409241825324,2817.40945491892,3489.908845839362,3426.589051826332,3662.196193966928,3266.279219514815,2548.641509413779,1883.786460580819,1231.467621583695,971.8511902922996
0.0,0.0,0.0,0.0,0.0,0.0,0.0,0.0,0.0,0.0,0.0,0.0
140.0056960977288,205.3203241476515,292.5558480265522,349.1327049334301,434.3152973467339,428.1516374670016,456.4926030813831,405.3708877355735,313.756429223166,229.4441188893173,148.4102175991823,115.418880639062
1850.7800180327813,2530.946936370475,3183.965549603578,3646.5022076673154,4350.974277162737,4322.929437146137,4578.316031721305,4206.658458567446,3409.935174604408,2709.948459514412,1977.396533672316,1680.663752692956
2912.880577513886,3150.828413044727,6055.592101093743,7555.755590080591,6599.982306859753,6881.306831320502,7384.127796448852,7444.33377331087,5314.357912697638,3623.5780644758,2728.504661304235,2207.180028785306
2629.174724945482,3775.479213078259,5307.743078990813,6263.588742698725,7752.191583760675,7608.739799055868,8133.516598064405,7260.921897444239,5673.98854126958,4203.116549209466,2754.9237257036457,2180.8138682359154
2003.189715481644,2535.288422466158,3168.111447168925,3423.159731265093,4042.985737209084,3872.164230476507,4197.741609713183,3946.718064981285,3332.147533364294,2736.031201153145,1985.133772332225,1764.508415367814
385.0858044457941,554.8100384766921,782.0622610716937,924.4660426661056,1145.12853998387,1124.350461275344,1201.659741667655,1071.751514307112,836.2786966316953,618.1248147346049,404.0826193674578,318.8965607293393
2951.7122548856987,3192.3392611943523,6134.94689137669,7654.353599351045,6685.8203552256255,6970.721253115908,7480.118754757113,7541.340296518012,5383.8407402434605,3671.153713972156,2764.685862325772,2236.5954855485847
0.0,0.0,0.0,0.0,0.0,0.0,0.0,0.0,0.0,0.0,0.0,0.0
0.0,0.0,0.0,0.0,0.0,0.0,0.0,0.0,0.0,0.0,0.0,0.0
0.0,0.0,0.0,0.0,0.0,0.0,0.0,0.0,0.0,0.0,0.0,0.0
2456.58878531594,3539.632900747248,4989.838921587261,5898.703246897526,7306.84370913438,7174.356232844185,7667.61095113286,6838.518738343827,5335.821929960985,3943.664872947774,2577.877619560308,2034.265224948096
0.0,0.0,0.0,0.0,0.0,0.0,0.0,0.0,0.0,0.0,0.0,0.0
7751.848394072029,11130.551111941608,15668.00173057994,18487.41714847308,22882.67651604988,22450.42939352079,24009.457324306262,21432.133158226967,16749.22106125371,12400.477141376528,8114.318543762346,6422.427011043097
0.0,0.0,0.0,0.0,0.0,0.0,0.0,0.0,0.0,0.0,0.0,0.0
0.0,0.0,0.0,0.0,0.0,0.0,0.0,0.0,0.0,0.0,0.0,0.0
0.0,0.0,0.0,0.0,0.0,0.0,0.0,0.0,0.0,0.0,0.0,0.0
0.0,0.0,0.0,0.0,0.0,0.0,0.0,0.0,0.0,0.0,0.0,0.0
0.0,0.0,0.0,0.0,0.0,0.0,0.0,0.0,0.0,0.0,0.0,0.0
0.0,0.0,0.0,0.0,0.0,0.0,0.0,0.0,0.0,0.0,0.0,0.0
0.0,0.0,0.0,0.0,0.0,0.0,0.0,0.0,0.0,0.0,0.0,0.0
0.0,0.0,0.0,0.0,0.0,0.0,0.0,0.0,0.0,0.0,0.0,0.0
0.0,0.0,0.0,0.0,0.0,0.0,0.0,0.0,0.0,0.0,0.0,0.0
0.0,0.0,0.0,0.0,0.0,0.0,0.0,0.0,0.0,0.0,0.0,0.0
20.91121235056811,28.83514535730584,39.24215679598589,45.36217347325758,55.54167642818643,54.27536447586909,58.14530211627215,52.51284445222272,41.79311098470638,31.8212349512346,21.56494831700452,17.67668458217961
0.0,0.0,0.0,0.0,0.0,0.0,0.0,0.0,0.0,0.0,0.0,0.0
0.0,0.0,0.0,0.0,0.0,0.0,0.0,0.0,0.0,0.0,0.0,0.0
0.0,0.0,0.0,0.0,0.0,0.0,0.0,0.0,0.0,0.0,0.0,0.0
0.0,0.0,0.0,0.0,0.0,0.0,0.0,0.0,0.0,0.0,0.0,0.0
0.0,0.0,0.0,0.0,0.0,0.0,0.0,0.0,0.0,0.0,0.0,0.0
0.0,0.0,0.0,0.0,0.0,0.0,0.0,0.0,0.0,0.0,0.0,0.0
0.0,0.0,0.0,0.0,0.0,0.0,0.0,0.0,0.0,0.0,0.0,0.0
0.0,0.0,0.0,0.0,0.0,0.0,0.0,0.0,0.0,0.0,0.0,0.0
0.0,0.0,0.0,0.0,0.0,0.0,0.0,0.0,0.0,0.0,0.0,0.0
1540.0613877584858,1798.7882398858385,2079.0399691680195,2070.702011243044,2324.732211606615,2129.4409651952456,2379.78738646646,2360.709903766105,2155.2897080584903,1915.9790854524124,1467.6109951158091,1379.0621263750506
0.0,0.0,0.0,0.0,0.0,0.0,0.0,0.0,0.0,0.0,0.0,0.0
0.0,0.0,0.0,0.0,0.0,0.0,0.0,0.0,0.0,0.0,0.0,0.0
0.0,0.0,0.0,0.0,0.0,0.0,0.0,0.0,0.0,0.0,0.0,0.0
0.0,0.0,0.0,0.0,0.0,0.0,0.0,0.0,0.0,0.0,0.0,0.0
0.0,0.0,0.0,0.0,0.0,0.0,0.0,0.0,0.0,0.0,0.0,0.0
0.0,0.0,0.0,0.0,0.0,0.0,0.0,0.0,0.0,0.0,0.0,0.0
0.0,0.0,0.0,0.0,0.0,0.0,0.0,0.0,0.0,0.0,0.0,0.0
0.0,0.0,0.0,0.0,0.0,0.0,0.0,0.0,0.0,0.0,0.0,0.0
0.0,0.0,0.0,0.0,0.0,0.0,0.0,0.0,0.0,0.0,0.0,0.0
0.0,0.0,0.0,0.0,0.0,0.0,0.0,0.0,0.0,0.0,0.0,0.0
0.0,0.0,0.0,0.0,0.0,0.0,0.0,0.0,0.0,0.0,0.0,0.0
0.0,0.0,0.0,0.0,0.0,0.0,0.0,0.0,0.0,0.0,0.0,0.0
0.0,0.0,0.0,0.0,0.0,0.0,0.0,0.0,0.0,0.0,0.0,0.0
0.0,0.0,0.0,0.0,0.0,0.0,0.0,0.0,0.0,0.0,0.0,0.0
0.0,0.0,0.0,0.0,0.0,0.0,0.0,0.0,0.0,0.0,0.0,0.0
0.0,0.0,0.0,0.0,0.0,0.0,0.0,0.0,0.0,0.0,0.0,0.0
0.0,0.0,0.0,0.0,0.0,0.0,0.0,0.0,0.0,0.0,0.0,0.0
0.0,0.0,0.0,0.0,0.0,0.0,0.0,0.0,0.0,0.0,0.0,0.0
0.0,0.0,0.0,0.0,0.0,0.0,0.0,0.0,0.0,0.0,0.0,0.0
1367.6364678565458,1931.2971552795889,2701.189375176807,3157.8744801603907,3893.974633365338,3802.189313876862,4080.201857542404,3656.260655399835,2880.010237316336,2150.280364498337,1414.7245471939884,1134.4714664135586
0.0,0.0,0.0,0.0,0.0,0.0,0.0,0.0,0.0,0.0,0.0,0.0
0.0,0.0,0.0,0.0,0.0,0.0,0.0,0.0,0.0,0.0,0.0,0.0
0.0,0.0,0.0,0.0,0.0,0.0,0.0,0.0,0.0,0.0,0.0,0.0
0.0,0.0,0.0,0.0,0.0,0.0,0.0,0.0,0.0,0.0,0.0,0.0
0.0,0.0,0.0,0.0,0.0,0.0,0.0,0.0,0.0,0.0,0.0,0.0
0.0,0.0,0.0,0.0,0.0,0.0,0.0,0.0,0.0,0.0,0.0,0.0
492.37452054289525,592.4648044068624,695.520994141019,714.9812585824995,814.3173018563177,762.7189320200317,839.602742791852,817.4734732149197,726.4959275958624,631.4192516039072,479.5100065674095,442.4634239431645
0.0,0.0,0.0,0.0,0.0,0.0,0.0,0.0,0.0,0.0,0.0,0.0
0.0,0.0,0.0,0.0,0.0,0.0,0.0,0.0,0.0,0.0,0.0,0.0
0.0,0.0,0.0,0.0,0.0,0.0,0.0,0.0,0.0,0.0,0.0,0.0
0.0,0.0,0.0,0.0,0.0,0.0,0.0,0.0,0.0,0.0,0.0,0.0
0.0,0.0,0.0,0.0,0.0,0.0,0.0,0.0,0.0,0.0,0.0,0.0
0.0,0.0,0.0,0.0,0.0,0.0,0.0,0.0,0.0,0.0,0.0,0.0
36.3879703528381,52.5455102133848,74.39301715321673,88.17742347061719,109.3355366097996,107.4074396698397,114.763193080109,102.207150062856,79.58626059215626,58.65906222038411,38.25977865279553,30.04112000405312
0.0,0.0,0.0,0.0,0.0,0.0,0.0,0.0,0.0,0.0,0.0,0.0
0.0,0.0,0.0,0.0,0.0,0.0,0.0,0.0,0.0,0.0,0.0,0.0
0.0,0.0,0.0,0.0,0.0,0.0,0.0,0.0,0.0,0.0,0.0,0.0
0.0,0.0,0.0,0.0,0.0,0.0,0.0,0.0,0.0,0.0,0.0,0.0
0.0,0.0,0.0,0.0,0.0,0.0,0.0,0.0,0.0,0.0,0.0,0.0
0.0,0.0,0.0,0.0,0.0,0.0,0.0,0.0,0.0,0.0,0.0,0.0
0.0,0.0,0.0,0.0,0.0,0.0,0.0,0.0,0.0,0.0,0.0,0.0
0.0,0.0,0.0,0.0,0.0,0.0,0.0,0.0,0.0,0.0,0.0,0.0
0.0,0.0,0.0,0.0,0.0,0.0,0.0,0.0,0.0,0.0,0.0,0.0
0.0,0.0,0.0,0.0,0.0,0.0,0.0,0.0,0.0,0.0,0.0,0.0
0.0,0.0,0.0,0.0,0.0,0.0,0.0,0.0,0.0,0.0,0.0,0.0
0.0,0.0,0.0,0.0,0.0,0.0,0.0,0.0,0.0,0.0,0.0,0.0
0.0,0.0,0.0,0.0,0.0,0.0,0.0,0.0,0.0,0.0,0.0,0.0
0.0,0.0,0.0,0.0,0.0,0.0,0.0,0.0,0.0,0.0,0.0,0.0
1484.9350980195825,2138.46772801282,3017.834198502489,3566.4091568172225,4417.847339817377,4335.852380709057,0.0,4134.742858170297,0.0,2384.260517666959,1556.337714008148,1228.622883402972
151.397249702139,185.9238358007577,227.1854202096851,238.4800887992218,277.3672647290369,261.5788089966605,286.6452087730763,273.8997360161382,237.4792415188519,200.0091722847643,147.1803610044622,133.5509154805833
18.25012121580558,26.32542627608611,37.23851190352242,44.1135621909813,54.68351642110841,53.71084851806515,57.39343290442497,51.12908776483734,39.83243863938548,29.38009729417158,19.17992311653288,15.07418807705813
0.0,0.0,0.0,0.0,0.0,0.0,0.0,0.0,0.0,0.0,0.0,0.0
0.0,0.0,0.0,0.0,0.0,0.0,0.0,0.0,0.0,0.0,0.0,0.0
0.0,0.0,0.0,0.0,0.0,0.0,0.0,0.0,0.0,0.0,0.0,0.0
0.0,0.0,0.0,0.0,0.0,0.0,0.0,0.0,0.0,0.0,0.0,0.0
0.0,0.0,0.0,0.0,0.0,0.0,0.0,0.0,0.0,0.0,0.0,0.0
0.0,0.0,0.0,0.0,0.0,0.0,0.0,0.0,0.0,0.0,0.0,0.0
,,,,0.0,0.0,,0.0,0.0,0.0,0.0,0.0
17.18655096264312,25.274329854447,36.47520708817328,43.63126516285623,54.363187844395,53.46285184697589,57.12683355384025,50.60849939777856,39.09156757785375,28.40929569888246,18.16738877603291,14.02196098660579
18.06457465293787,26.15100686931005,37.09937141378023,44.03103730814977,54.63094160435973,53.68673950453487,57.35374289136497,51.04428246236043,39.70215706777669,29.21273775175602,19.01437422886156,14.8969946417438
0.0,0.0,0.0,0.0,0.0,0.0,0.0,0.0,0.0,0.0,0.0,0.0
0.0,0.0,0.0,0.0,0.0,0.0,0.0,0.0,0.0,0.0,0.0,0.0
0.0,0.0,0.0,0.0,0.0,0.0,0.0,0.0,0.0,0.0,0.0,0.0
0.0,0.0,0.0,0.0,0.0,0.0,0.0,0.0,0.0,0.0,0.0,0.0
,,,,0.0,0.0,,0.0,0.0,0.0,0.0,0.0
,,,,0.0,0.0,,0.0,0.0,0.0,0.0,0.0
0.0,0.0,0.0,0.0,0.0,0.0,0.0,0.0,0.0,0.0,0.0,0.0
0.0,0.0,0.0,0.0,0.0,0.0,0.0,0.0,0.0,0.0,0.0,0.0
0.0,0.0,0.0,0.0,0.0,0.0,0.0,0.0,0.0,0.0,0.0,0.0
0.0,0.0,0.0,0.0,0.0,0.0,0.0,0.0,0.0,1266.677797409167,0.0,651.7972156809598
0.0,0.0,0.0,0.0,0.0,0.0,0.0,0.0,0.0,0.0,0.0,0.0
0.0,0.0,0.0,0.0,0.0,0.0,0.0,0.0,0.0,0.0,0.0,0.0
0.0,0.0,0.0,0.0,0.0,0.0,0.0,0.0,0.0,0.0,0.0,0.0
0.0,0.0,0.0,0.0,0.0,0.0,0.0,0.0,0.0,0.0,0.0,0.0
,,,,0.0,0.0,,0.0,0.0,0.0,0.0,0.0
0.0,0.0,0.0,0.0,0.0,0.0,0.0,0.0,0.0,0.0,0.0,0.0
650.2995967380901,898.0868129683229,1246.4633117871942,1441.5882812500254,1766.0883221291754,1713.6665126250527,1849.1211997239525,1665.3798423386738,1326.9181093097134,1000.1839809160764,662.3315437518288,544.5016241546568
36.41292772227195,52.5689330658692,74.41170364454011,88.18848924345639,109.3425618120117,107.4106338518918,114.7684812047792,102.2185161138348,79.60375098160637,58.68155088232617,38.28202549111765,30.06495948633338
530.4350431358404,725.6073815479906,987.7049357924608,1134.0710696895728,1385.4300478992864,1346.8573992406689,1448.5970583262624,1311.5265447363263,1049.4692605224068,801.6740028017462,541.3104110861061,447.11510130440695
0.0,0.0,0.0,0.0,0.0,0.0,0.0,0.0,0.0,0.0,0.0,0.0
0.0,0.0,0.0,0.0,0.0,0.0,0.0,0.0,0.0,0.0,0.0,0.0
0.0,0.0,0.0,0.0,0.0,0.0,0.0,0.0,0.0,0.0,0.0,0.0
0.0,0.0,0.0,0.0,0.0,0.0,0.0,0.0,0.0,0.0,0.0,0.0
0.0,0.0,0.0,0.0,0.0,0.0,0.0,0.0,0.0,0.0,0.0,0.0
0.0,0.0,0.0,0.0,0.0,0.0,0.0,0.0,0.0,0.0,0.0,0.0
0.0,0.0,0.0,0.0,0.0,0.0,0.0,0.0,0.0,0.0,0.0,0.0
,,,,0.0,0.0,,0.0,0.0,0.0,0.0,0.0
0.0,0.0,0.0,0.0,0.0,0.0,0.0,0.0,0.0,0.0,0.0,0.0
0.0,0.0,0.0,0.0,0.0,0.0,0.0,0.0,0.0,0.0,0.0,0.0
0.0,0.0,0.0,0.0,0.0,0.0,0.0,0.0,0.0,0.0,0.0,0.0
0.0,0.0,0.0,0.0,0.0,0.0,0.0,0.0,0.0,0.0,0.0,0.0
0.0,0.0,0.0,0.0,0.0,0.0,0.0,0.0,0.0,0.0,0.0,0.0
0.0,0.0,0.0,0.0,0.0,0.0,0.0,0.0,0.0,0.0,0.0,0.0
0.0,0.0,0.0,0.0,0.0,0.0,0.0,0.0,0.0,0.0,0.0,0.0
841.7277896452941,1112.2312842229226,1452.9875934184345,1626.164583277311,1954.442300822412,1886.3882085749688,2038.758602783274,1875.101784487847,1538.4556182172485,1214.0836696148758,848.3675970799313,725.7940053424118
466.3935385600282,677.1829310196997,960.5275746676698,1140.017593881699,1414.914441163758,1390.785775160584,1485.6332183597754,1322.2564701740712,1028.154105468577,755.9632827769619,491.0589362946831,384.9016192967679
0.0,0.0,0.0,0.0,0.0,0.0,0.0,0.0,0.0,0.0,0.0,0.0
0.0,0.0,0.0,0.0,0.0,0.0,0.0,0.0,0.0,0.0,0.0,0.0
941.1163004429544,1309.9619975854505,1834.5070201927945,2126.8641854406283,2612.637313012233,2531.413208819354,2733.408068880619,2455.321498594421,1950.4454346296093,1462.5364960414122,958.7288491950668,778.2271543740942
0.0,0.0,0.0,0.0,0.0,0.0,0.0,0.0,0.0,0.0,0.0,0.0
0.0,0.0,0.0,0.0,0.0,0.0,0.0,0.0,0.0,0.0,0.0,0.0
0.0,0.0,0.0,0.0,0.0,0.0,0.0,0.0,0.0,0.0,0.0,0.0
0.0,0.0,0.0,0.0,0.0,0.0,0.0,0.0,0.0,0.0,0.0,0.0
0.0,0.0,0.0,0.0,0.0,0.0,0.0,0.0,0.0,0.0,0.0,0.0
0.0,0.0,0.0,0.0,0.0,0.0,0.0,0.0,0.0,0.0,0.0,0.0
0.0,0.0,0.0,0.0,0.0,0.0,0.0,0.0,0.0,0.0,0.0,0.0
0.0,0.0,0.0,0.0,0.0,0.0,0.0,0.0,0.0,0.0,0.0,0.0
0.0,0.0,0.0,0.0,0.0,0.0,0.0,0.0,0.0,0.0,0.0,0.0
0.0,0.0,0.0,0.0,0.0,0.0,0.0,0.0,0.0,0.0,0.0,0.0
,,,,,,,,,,,
0.0,0.0,0.0,0.0,0.0,0.0,0.0,0.0,0.0,0.0,0.0,0.0
0.0,0.0,0.0,0.0,0.0,0.0,0.0,0.0,0.0,0.0,0.0,0.0
0.0,0.0,0.0,0.0,0.0,0.0,0.0,0.0,0.0,0.0,0.0,0.0
0.0,0.0,0.0,0.0,0.0,0.0,0.0,0.0,0.0,0.0,0.0,0.0
0.0,0.0,0.0,0.0,0.0,0.0,0.0,0.0,0.0,0.0,0.0,0.0
0.0,0.0,0.0,0.0,0.0,0.0,0.0,0.0,0.0,0.0,0.0,0.0
0.0,0.0,0.0,0.0,0.0,0.0,0.0,0.0,0.0,0.0,0.0,0.0
433.0707599729047,398.4800211528196,701.2939829448745,784.5551342335739,658.4682805664547,662.1658174554822,730.1265206025357,768.3312524419207,571.90283884723,433.9120241007246,373.4135755609702,322.2302129207896
0.0,0.0,0.0,0.0,0.0,0.0,0.0,0.0,0.0,0.0,0.0,0.0
0.0,0.0,0.0,0.0,0.0,0.0,0.0,0.0,0.0,0.0,0.0,0.0
0.0,0.0,0.0,0.0,0.0,0.0,0.0,0.0,0.0,0.0,0.0,0.0
0.0,0.0,0.0,0.0,0.0,0.0,0.0,0.0,0.0,0.0,0.0,0.0
122.0094306316301,169.617913103038,232.8066261992852,269.9331103890975,331.2252729242574,323.4638686367755,346.8200734535862,312.532036586475,247.9784420929899,187.6401926875881,125.8369802789947,102.5262433527172
0.0,0.0,0.0,0.0,0.0,0.0,0.0,0.0,0.0,0.0,0.0,0.0
0.0,0.0,0.0,0.0,0.0,0.0,0.0,0.0,0.0,0.0,0.0,0.0
0.0,0.0,0.0,0.0,0.0,0.0,0.0,0.0,0.0,0.0,0.0,0.0
0.0,0.0,0.0,0.0,0.0,0.0,0.0,0.0,0.0,0.0,0.0,0.0
0.0,0.0,0.0,0.0,0.0,0.0,0.0,0.0,0.0,0.0,0.0,0.0
0.0,0.0,0.0,0.0,0.0,0.0,0.0,0.0,0.0,0.0,0.0,0.0
0.0,0.0,0.0,0.0,0.0,0.0,0.0,0.0,0.0,0.0,0.0,0.0
0.0,0.0,0.0,0.0,0.0,0.0,0.0,0.0,0.0,0.0,0.0,0.0
0.0,0.0,0.0,0.0,0.0,0.0,0.0,0.0,0.0,0.0,0.0,0.0
0.0,0.0,0.0,0.0,0.0,0.0,0.0,0.0,0.0,0.0,0.0,0.0
0.0,0.0,0.0,0.0,0.0,0.0,0.0,0.0,0.0,0.0,0.0,0.0
0.0,0.0,0.0,0.0,0.0,0.0,0.0,0.0,0.0,0.0,0.0,0.0
0.0,0.0,0.0,0.0,0.0,0.0,0.0,0.0,0.0,0.0,0.0,0.0
0.0,0.0,0.0,0.0,0.0,0.0,0.0,0.0,0.0,0.0,0.0,0.0
0.0,0.0,0.0,0.0,0.0,0.0,0.0,0.0,0.0,0.0,0.0,0.0
0.0,0.0,0.0,0.0,0.0,0.0,0.0,0.0,0.0,0.0,0.0,0.0
0.0,0.0,0.0,0.0,0.0,0.0,0.0,0.0,0.0,0.0,0.0,0.0
0.0,0.0,0.0,0.0,0.0,0.0,0.0,0.0,0.0,0.0,0.0,0.0
0.0,0.0,0.0,0.0,0.0,0.0,0.0,0.0,0.0,0.0,0.0,0.0
0.0,0.0,0.0,0.0,0.0,0.0,0.0,0.0,0.0,0.0,0.0,0.0
0.0,0.0,0.0,0.0,0.0,0.0,0.0,0.0,0.0,0.0,0.0,0.0
0.0,0.0,0.0,0.0,0.0,0.0,0.0,0.0,0.0,0.0,0.0,0.0
0.0,0.0,0.0,0.0,0.0,0.0,0.0,0.0,0.0,0.0,0.0,0.0
0.0,0.0,0.0,0.0,0.0,0.0,0.0,0.0,0.0,0.0,0.0,0.0
1129.3238975568472,1612.5283269328206,2256.4246505581555,2655.090973073928,3281.316780718377,3219.1873046564733,3442.1169229090497,3077.9762194073155,2411.3145772822177,1793.015885900841,1180.413171021359,940.110820096186
0.0,0.0,0.0,0.0,0.0,0.0,0.0,0.0,0.0,0.0,0.0,0.0
0.0,0.0,0.0,0.0,0.0,0.0,0.0,0.0,0.0,0.0,0.0,0.0
0.0,0.0,0.0,0.0,0.0,0.0,0.0,0.0,0.0,0.0,0.0,0.0
0.0,0.0,0.0,0.0,0.0,0.0,0.0,0.0,0.0,0.0,0.0,0.0
0.0,0.0,0.0,0.0,0.0,0.0,0.0,0.0,0.0,0.0,0.0,0.0
0.0,0.0,0.0,0.0,0.0,0.0,0.0,0.0,0.0,0.0,0.0,0.0
0.0,0.0,0.0,0.0,0.0,0.0,0.0,0.0,0.0,0.0,0.0,0.0
0.0,0.0,0.0,0.0,0.0,0.0,0.0,0.0,0.0,0.0,0.0,0.0
18308.24848575141,26380.810971735988,37198.95184031839,43975.317042611416,,,,,,,19209.41714573675,15158.905662035137
0.0,0.0,0.0,0.0,0.0,0.0,0.0,0.0,0.0,0.0,0.0,0.0
0.0,0.0,0.0,0.0,0.0,0.0,0.0,0.0,0.0,0.0,0.0,0.0
0.0,0.0,0.0,0.0,0.0,0.0,0.0,0.0,0.0,0.0,0.0,0.0
0.0,0.0,0.0,0.0,0.0,0.0,0.0,0.0,0.0,0.0,0.0,0.0
0.0,0.0,0.0,0.0,0.0,0.0,0.0,0.0,0.0,0.0,0.0,0.0
0.0,0.0,0.0,0.0,0.0,0.0,0.0,0.0,0.0,0.0,0.0,0.0
0.0,0.0,0.0,0.0,0.0,0.0,0.0,0.0,0.0,0.0,0.0,0.0
0.0,0.0,0.0,0.0,0.0,0.0,0.0,0.0,0.0,0.0,0.0,0.0
0.0,0.0,0.0,0.0,0.0,0.0,0.0,0.0,0.0,0.0,0.0,0.0
0.0,0.0,0.0,0.0,0.0,0.0,0.0,0.0,0.0,0.0,0.0,0.0
0.0,0.0,0.0,0.0,0.0,0.0,0.0,0.0,0.0,0.0,0.0,0.0
0.0,0.0,0.0,0.0,0.0,0.0,0.0,0.0,0.0,0.0,0.0,0.0
19.89423336675194,27.85911915924201,38.5172223883526,44.90676406951714,55.2365882028007,54.01938502834075,57.86571062589479,51.98776431871048,41.0644631174823,30.89227374821074,20.61853280860618,16.64163122794236
0.0,0.0,0.0,0.0,0.0,0.0,0.0,0.0,0.0,0.0,0.0,0.0
0.0,0.0,0.0,0.0,0.0,0.0,0.0,0.0,0.0,0.0,0.0,0.0
0.0,0.0,0.0,0.0,0.0,0.0,0.0,0.0,0.0,0.0,0.0,0.0
0.0,0.0,0.0,0.0,0.0,0.0,0.0,0.0,0.0,0.0,0.0,0.0
0.0,0.0,0.0,0.0,0.0,0.0,0.0,0.0,0.0,0.0,0.0,0.0
131.1643048640361,188.2280764499641,262.0750488917913,309.4245414472974,382.6946284525749,377.1288539360198,401.8486216518787,359.2586780245985,280.6892972067658,208.7224630650924,138.2211699103207,109.8382027316698
77.70555234120374,109.7325275180236,152.4105435729218,178.2508786329333,219.6659035734415,215.0319966909732,230.2330323901867,206.499201549326,162.62382044382,121.7712376053667,80.74820435291534,64.87093177794183
0.0,0.0,0.0,0.0,0.0,0.0,0.0,0.0,0.0,0.0,0.0,0.0
0.0,0.0,0.0,0.0,0.0,0.0,0.0,0.0,0.0,0.0,0.0,0.0
0.0,0.0,0.0,0.0,0.0,0.0,0.0,0.0,0.0,0.0,0.0,0.0
407.3450896050285,549.1864261621006,750.3756576853804,852.2200081101122,1036.6715756983342,997.8961920185304,1082.2079264922413,982.31736131477,794.2933621448883,609.5837508603238,408.5428370764772,341.9714458475635
0.0,0.0,0.0,0.0,0.0,0.0,0.0,0.0,0.0,0.0,0.0,0.0
0.0,0.0,0.0,0.0,0.0,0.0,0.0,0.0,0.0,0.0,0.0,0.0
0.0,0.0,0.0,0.0,0.0,0.0,0.0,0.0,0.0,0.0,0.0,0.0
418.8577072833759,605.1035086828156,854.3165031227546,1011.3817580384188,1253.6379131705812,1231.7721618424855,1315.9351450657146,1172.893390772909,914.0389984145328,674.4857978224627,440.21571718970097,346.6898544403948
0.0,0.0,0.0,0.0,0.0,0.0,0.0,0.0,0.0,0.0,0.0,0.0
0.0,0.0,0.0,0.0,0.0,0.0,0.0,0.0,0.0,0.0,0.0,0.0
0.0,0.0,0.0,0.0,0.0,0.0,0.0,0.0,0.0,0.0,0.0,0.0
0.0,0.0,0.0,0.0,0.0,0.0,0.0,0.0,0.0,0.0,0.0,0.0
0.0,0.0,0.0,0.0,0.0,0.0,0.0,0.0,0.0,0.0,0.0,0.0
0.0,0.0,0.0,0.0,0.0,0.0,0.0,0.0,0.0,0.0,0.0,0.0
0.0,0.0,0.0,0.0,0.0,0.0,0.0,0.0,0.0,0.0,0.0,0.0
0.0,0.0,0.0,0.0,0.0,0.0,0.0,0.0,0.0,0.0,0.0,0.0
0.0,0.0,0.0,0.0,0.0,0.0,0.0,0.0,0.0,0.0,0.0,0.0
0.0,0.0,0.0,0.0,0.0,0.0,0.0,0.0,0.0,0.0,0.0,0.0
0.0,0.0,0.0,0.0,0.0,0.0,0.0,0.0,0.0,0.0,0.0,0.0
0.0,0.0,0.0,0.0,0.0,0.0,0.0,0.0,0.0,0.0,0.0,0.0
0.0,0.0,0.0,0.0,0.0,0.0,0.0,0.0,0.0,0.0,0.0,0.0
0.0,0.0,0.0,0.0,0.0,0.0,0.0,0.0,0.0,0.0,0.0,0.0
0.0,0.0,0.0,0.0,0.0,0.0,0.0,0.0,0.0,0.0,0.0,0.0
0.0,0.0,0.0,0.0,0.0,0.0,0.0,0.0,0.0,0.0,0.0,0.0
0.0,0.0,0.0,0.0,0.0,0.0,0.0,0.0,0.0,0.0,0.0,0.0
0.0,0.0,0.0,0.0,0.0,0.0,0.0,0.0,0.0,0.0,0.0,0.0
0.0,0.0,0.0,0.0,0.0,0.0,0.0,0.0,0.0,0.0,0.0,0.0
0.0,0.0,0.0,0.0,0.0,0.0,0.0,0.0,0.0,0.0,0.0,0.0
0.0,0.0,0.0,0.0,0.0,0.0,0.0,0.0,0.0,0.0,0.0,0.0
0.0,0.0,0.0,0.0,0.0,0.0,0.0,0.0,0.0,0.0,0.0,0.0
0.0,0.0,0.0,0.0,0.0,0.0,0.0,0.0,0.0,0.0,0.0,0.0
0.0,0.0,0.0,0.0,0.0,0.0,0.0,0.0,0.0,0.0,0.0,0.0
0.0,0.0,0.0,0.0,,,,0.0,0.0,0.0,0.0,0.0
0.0,0.0,0.0,0.0,0.0,0.0,0.0,0.0,0.0,0.0,0.0,0.0
18.91028914122094,26.92231021066441,37.78178185284113,44.43997186739487,54.91054888456762,53.78303968205434,57.57487996938791,51.46601940860321,40.33993151151224,29.98792234268873,19.72259565630729,15.67351170302186
0.0,0.0,0.0,0.0,0.0,0.0,0.0,0.0,0.0,0.0,0.0,0.0
290.0849587592591,428.4109164571458,616.9638713234447,738.6078923171457,920.6532004511054,906.6833807237464,967.7986990421624,857.4210787718032,661.7217451233468,480.7100079975368,307.4632960196739,237.3048424694076
21.33207552921292,28.8831651771967,39.71130741977211,45.34806531597426,55.32287491275716,53.37553089168754,57.78436896397109,52.28164294840668,42.07645118468973,32.11235901741542,21.46321418042821,17.76858177177905
,,,,,,1461.5753700998089,1334.8484341854298,1085.9775342825997,848.2775256154489,587.6599027060922,499.3873345330485
874.5966165440727,1262.7527321827458,1783.5492684561275,2110.6299097847327,2615.8986443165204,2568.960542399628,2745.4413569747885,2447.1465293385377,1907.655291627353,1407.814230382322,918.4264829428066,723.4117603422953
605.0887364525917,871.8013335118189,1228.92084546631,1452.71241250321,1799.475401044972,1766.831244473499,1888.313414921837,1684.160562439701,1314.120350943881,971.2977068764046,634.9461126430705,501.0790466746787
495.1210543766606,684.3825725952539,936.4736406069352,1082.3875216460588,1326.098103377782,1293.5824103910109,1388.1181118569646,1253.0156475004644,996.9153827976684,756.8306124636714,508.832267508511,416.9769369373291
0.0,0.0,0.0,0.0,0.0,0.0,0.0,0.0,0.0,0.0,0.0,0.0
0.0,0.0,0.0,0.0,0.0,0.0,0.0,0.0,0.0,0.0,0.0,0.0
0.0,0.0,0.0,0.0,0.0,0.0,0.0,0.0,0.0,0.0,0.0,0.0
0.0,0.0,0.0,0.0,0.0,0.0,0.0,0.0,0.0,0.0,0.0,0.0
0.0,0.0,0.0,0.0,0.0,0.0,0.0,0.0,0.0,0.0,0.0,0.0
0.0,0.0,0.0,0.0,0.0,0.0,0.0,0.0,0.0,0.0,0.0,0.0
76.16549077434301,107.542488111988,151.7509133132066,177.2611271288598,218.7609201707911,212.8717190144295,229.1547969993358,205.0546768081355,161.6472933022668,120.2533073405453,78.29714286577007,62.68766453697052
0.0,0.0,0.0,0.0,0.0,0.0,0.0,0.0,0.0,0.0,0.0,0.0
0.0,0.0,0.0,0.0,0.0,0.0,0.0,0.0,0.0,0.0,0.0,0.0
0.0,0.0,0.0,0.0,0.0,0.0,0.0,0.0,0.0,0.0,0.0,0.0
0.0,0.0,0.0,0.0,0.0,0.0,0.0,0.0,0.0,0.0,0.0,0.0
0.0,0.0,0.0,0.0,0.0,0.0,0.0,0.0,0.0,0.0,0.0,0.0
0.0,0.0,0.0,0.0,0.0,0.0,0.0,0.0,0.0,0.0,0.0,0.0
0.0,0.0,0.0,0.0,0.0,0.0,0.0,0.0,0.0,0.0,0.0,0.0
0.0,0.0,0.0,0.0,0.0,0.0,0.0,0.0,0.0,0.0,0.0,0.0
0.0,0.0,0.0,0.0,0.0,0.0,0.0,0.0,0.0,0.0,0.0,0.0
0.0,0.0,0.0,0.0,0.0,0.0,0.0,0.0,0.0,0.0,0.0,0.0
0.0,0.0,0.0,0.0,0.0,0.0,0.0,0.0,0.0,0.0,0.0,0.0
261.4345997902391,340.70690380165706,443.3741989356096,491.44140357849926,588.7310211310232,563.9568865405184,612.5989433445341,565.8500617937341,468.4339788966012,372.7037547758589,260.6703408226935,224.17386698296332
0.0,0.0,0.0,0.0,0.0,0.0,0.0,0.0,0.0,0.0,0.0,0.0
0.0,0.0,0.0,0.0,0.0,0.0,0.0,0.0,0.0,0.0,0.0,0.0
0.0,0.0,0.0,0.0,0.0,0.0,0.0,0.0,0.0,0.0,0.0,0.0
250.3047629328794,305.4744516578954,387.1838534149693,405.5595301462702,471.6357025356394,433.8742161227026,485.7056808066,460.6280965708406,402.809552482473,334.0231767229325,236.9293590977131,214.1766372585912
0.0,0.0,0.0,0.0,0.0,0.0,0.0,0.0,0.0,0.0,0.0,0.0
0.0,0.0,0.0,0.0,0.0,0.0,0.0,0.0,0.0,0.0,0.0,0.0
0.0,0.0,0.0,0.0,0.0,0.0,0.0,0.0,0.0,0.0,0.0,0.0
0.0,0.0,0.0,0.0,0.0,0.0,0.0,0.0,0.0,0.0,0.0,0.0
0.0,0.0,0.0,0.0,0.0,0.0,0.0,0.0,0.0,0.0,0.0,0.0
32.56148967057988,39.30850823279076,45.26225411723982,46.68475814084434,53.2307345380137,50.37142355539408,54.98039766900336,53.68829458220786,47.45055377665392,41.49401849412604,32.04987532471883,29.71550015074403
0.0,0.0,0.0,0.0,0.0,0.0,0.0,0.0,0.0,0.0,0.0,0.0
0.0,0.0,0.0,0.0,0.0,0.0,0.0,0.0,0.0,0.0,0.0,0.0
0.0,0.0,0.0,0.0,0.0,0.0,0.0,0.0,0.0,0.0,0.0,0.0
0.0,0.0,0.0,0.0,0.0,0.0,0.0,0.0,0.0,0.0,0.0,0.0
0.0,0.0,0.0,0.0,0.0,0.0,0.0,0.0,0.0,0.0,0.0,0.0
0.0,0.0,0.0,0.0,0.0,0.0,0.0,0.0,0.0,0.0,0.0,0.0
0.0,0.0,0.0,0.0,0.0,0.0,0.0,0.0,0.0,0.0,0.0,0.0
0.0,0.0,0.0,0.0,0.0,0.0,0.0,0.0,0.0,0.0,0.0,0.0
0.0,0.0,0.0,0.0,0.0,0.0,0.0,0.0,0.0,0.0,0.0,0.0
0.0,0.0,0.0,0.0,0.0,0.0,0.0,0.0,0.0,0.0,0.0,0.0
0.0,0.0,0.0,0.0,0.0,0.0,0.0,0.0,0.0,0.0,0.0,0.0
0.0,0.0,0.0,0.0,0.0,0.0,0.0,0.0,0.0,0.0,0.0,0.0
0.0,0.0,0.0,0.0,0.0,0.0,0.0,0.0,0.0,0.0,0.0,0.0
140.4471292780518,205.6343669216284,293.0301800332341,349.3601238834722,434.4561477880063,427.9288252317241,456.5277077451194,405.5136266893433,314.1155105874382,229.8391083268868,148.6289095050813,115.7084978053288
0.0,0.0,0.0,0.0,0.0,0.0,0.0,0.0,0.0,0.0,0.0,0.0
879.1500578233452,1266.8150412499117,1787.5588216229075,2113.1007251269707,2617.7378751860924,2569.510385702157,2746.981846468231,2449.7183087639587,1911.4126620033328,1412.10205924889,921.9963138980632,727.3920426266626
0.0,0.0,0.0,0.0,0.0,0.0,0.0,0.0,0.0,0.0,0.0,0.0
0.0,0.0,0.0,0.0,0.0,0.0,0.0,0.0,0.0,0.0,0.0,0.0
0.0,0.0,0.0,0.0,0.0,0.0,0.0,0.0,0.0,0.0,0.0,0.0
0.0,0.0,0.0,0.0,0.0,0.0,0.0,0.0,0.0,0.0,0.0,0.0
0.0,0.0,0.0,0.0,0.0,0.0,0.0,0.0,0.0,0.0,0.0,0.0
0.0,0.0,0.0,0.0,0.0,0.0,0.0,0.0,0.0,0.0,0.0,0.0
366.4042012852073,528.3522265562876,744.2877508936112,880.5106634277018,1090.9404534729963,1072.3741636544669,1145.2912526221478,1021.4342310634756,796.5099618750863,588.5698907255864,385.0355690231708,303.9957919237429
0.0,0.0,0.0,0.0,0.0,0.0,0.0,0.0,0.0,0.0,0.0,0.0
0.0,0.0,0.0,0.0,0.0,0.0,0.0,0.0,0.0,0.0,0.0,0.0
0.0,0.0,0.0,0.0,0.0,0.0,0.0,0.0,0.0,0.0,0.0,0.0
0.0,0.0,0.0,0.0,0.0,0.0,0.0,0.0,0.0,0.0,0.0,0.0
310.4380734110127,449.9907290495973,628.5286999764221,746.7421525332546,925.502586710194,915.3855133943192,972.9660458854208,868.1234523799043,674.5785664395407,499.20479697216217,329.8346691735486,260.05819811594785
0.0,0.0,0.0,0.0,0.0,0.0,0.0,0.0,0.0,0.0,0.0,0.0
0.0,0.0,0.0,0.0,0.0,0.0,0.0,0.0,0.0,0.0,0.0,0.0
0.0,0.0,0.0,0.0,0.0,0.0,0.0,0.0,0.0,0.0,0.0,0.0
0.0,0.0,0.0,0.0,0.0,0.0,0.0,0.0,0.0,0.0,0.0,0.0
53.4439380122399,77.78726623393175,110.5514479824599,131.37477941835,163.1532049445384,160.4259711731598,171.33872289917,152.3976139324659,118.3720686312603,86.89163245243259,56.32958358793346,44.05780976435427
0.0,0.0,0.0,0.0,0.0,0.0,0.0,0.0,0.0,0.0,0.0,0.0
0.0,0.0,0.0,0.0,0.0,0.0,0.0,0.0,0.0,0.0,0.0,0.0
0.0,0.0,0.0,0.0,0.0,0.0,0.0,0.0,0.0,0.0,0.0,0.0
0.0,0.0,0.0,0.0,0.0,0.0,0.0,0.0,0.0,0.0,0.0,0.0
0.0,0.0,0.0,0.0,0.0,0.0,0.0,0.0,0.0,0.0,0.0,0.0
0.0,0.0,0.0,0.0,0.0,0.0,0.0,0.0,0.0,0.0,0.0,0.0
0.0,0.0,0.0,0.0,0.0,0.0,0.0,0.0,0.0,0.0,0.0,0.0
0.0,0.0,0.0,0.0,0.0,0.0,0.0,0.0,0.0,0.0,0.0,0.0
0.0,0.0,0.0,0.0,0.0,0.0,0.0,0.0,0.0,0.0,0.0,0.0
0.0,0.0,0.0,0.0,0.0,0.0,0.0,0.0,0.0,0.0,0.0,0.0
0.0,0.0,0.0,0.0,0.0,0.0,0.0,0.0,0.0,0.0,0.0,0.0
32.22264667387341,38.13478222700759,45.66612331831624,46.41538657908873,52.94534704637641,48.54795525424364,54.31525044331469,52.83090361878212,47.43433711112189,41.00408172662357,30.52247060415461,28.27010711420291
24.02064625381704,31.5019341448508,41.67619546890167,46.55535118368245,56.11408569768003,53.9771991487367,58.4540574409084,53.66688295327178,44.01441183454956,34.60067305858003,23.97421513025879,20.4888764324975
0.0,0.0,0.0,0.0,0.0,0.0,0.0,0.0,0.0,0.0,0.0,0.0
0.0,0.0,0.0,0.0,0.0,0.0,0.0,0.0,0.0,0.0,0.0,0.0
0.0,0.0,0.0,0.0,0.0,0.0,0.0,0.0,0.0,0.0,0.0,0.0
0.0,0.0,0.0,0.0,0.0,0.0,0.0,0.0,0.0,0.0,0.0,0.0
0.0,0.0,0.0,0.0,0.0,0.0,0.0,0.0,0.0,0.0,0.0,0.0
0.0,0.0,0.0,0.0,0.0,0.0,0.0,0.0,0.0,0.0,0.0,0.0
0.0,0.0,0.0,0.0,0.0,0.0,0.0,0.0,0.0,0.0,0.0,0.0
0.0,0.0,0.0,0.0,0.0,0.0,0.0,0.0,0.0,0.0,0.0,0.0
0.0,0.0,0.0,0.0,0.0,0.0,0.0,0.0,0.0,0.0,0.0,0.0
1526.1453054877636,2153.933514493926,2976.5606365127487,3478.3914326919585,4280.797473128523,4191.324182625971,4487.521062371932,4030.1401937057135,3177.792489067775,2387.054714955056,1589.3039451775294,1280.481146399948
0.0,0.0,0.0,0.0,0.0,0.0,0.0,0.0,0.0,0.0,0.0,0.0
0.0,0.0,0.0,0.0,0.0,0.0,0.0,0.0,0.0,0.0,0.0,0.0
0.0,0.0,0.0,0.0,0.0,0.0,0.0,0.0,0.0,0.0,0.0,0.0
276.3103008319826,340.0242975551181,405.0822432828092,425.4729825172212,492.78539464472897,468.7065345120645,510.106568987956,490.187136966562,425.0474028680756,362.1934099713732,272.3384061905136,248.6257010675563
0.0,0.0,0.0,0.0,0.0,0.0,0.0,0.0,0.0,0.0,0.0,0.0
0.0,0.0,0.0,0.0,0.0,0.0,0.0,0.0,0.0,0.0,0.0,0.0
0.0,0.0,0.0,0.0,0.0,0.0,0.0,0.0,0.0,0.0,0.0,0.0
18.46828952999366,26.56106194322367,37.37443647933679,44.21593322163496,54.76046001955383,53.83225144237839,57.47847778942437,51.26302984919772,39.98610111077559,29.58485529418214,19.42037757274647,15.31819203739326
149.7481229184282,203.0664079293021,277.9273594154603,317.2262330695435,387.0315472440863,374.0289102180258,404.2922249077274,366.1855108801475,294.6379135918625,225.2008484111764,151.0244873433211,125.2815167806981
0.0,0.0,0.0,0.0,0.0,0.0,0.0,0.0,0.0,0.0,0.0,0.0
0.0,0.0,0.0,0.0,0.0,0.0,0.0,0.0,0.0,0.0,0.0,0.0
0.0,0.0,0.0,0.0,0.0,0.0,0.0,0.0,0.0,0.0,0.0,0.0
0.0,0.0,0.0,0.0,0.0,0.0,0.0,0.0,0.0,0.0,0.0,0.0
0.0,0.0,0.0,0.0,0.0,0.0,0.0,0.0,0.0,0.0,0.0,0.0
0.0,0.0,0.0,0.0,0.0,0.0,0.0,0.0,0.0,0.0,0.0,0.0
1312.6703627583909,1425.6235404686158,2744.872987198496,3428.897564385067,2999.378251555212,3127.555590990717,3356.2771499804094,3380.8364443665832,2409.98778534662,1641.5596777206804,1231.5416323640616,994.5470774159304
0.0,0.0,0.0,0.0,0.0,0.0,0.0,0.0,0.0,0.0,0.0,0.0
0.0,0.0,0.0,0.0,0.0,0.0,0.0,0.0,0.0,0.0,0.0,0.0
0.0,0.0,0.0,0.0,0.0,0.0,0.0,0.0,0.0,0.0,0.0,0.0
0.0,0.0,0.0,0.0,0.0,0.0,0.0,0.0,0.0,0.0,0.0,0.0
0.0,0.0,0.0,0.0,0.0,0.0,0.0,0.0,0.0,0.0,0.0,0.0
0.0,0.0,0.0,0.0,0.0,0.0,0.0,0.0,0.0,0.0,0.0,0.0
0.0,0.0,0.0,0.0,0.0,0.0,0.0,0.0,0.0,0.0,0.0,0.0
0.0,0.0,0.0,0.0,0.0,0.0,0.0,0.0,0.0,0.0,0.0,0.0
0.0,0.0,0.0,0.0,0.0,0.0,0.0,0.0,0.0,0.0,0.0,0.0
0.0,0.0,0.0,0.0,0.0,0.0,0.0,0.0,0.0,0.0,0.0,0.0
0.0,0.0,0.0,0.0,0.0,0.0,0.0,0.0,0.0,0.0,0.0,0.0
0.0,0.0,0.0,0.0,0.0,0.0,0.0,0.0,0.0,0.0,0.0,0.0
0.0,0.0,0.0,0.0,0.0,0.0,0.0,0.0,0.0,0.0,0.0,0.0
0.0,0.0,0.0,0.0,0.0,0.0,0.0,0.0,0.0,0.0,0.0,0.0
0.0,0.0,0.0,0.0,0.0,0.0,0.0,0.0,0.0,0.0,0.0,0.0
293.0310360787176,413.2886163625811,572.4828138149901,669.1522545220095,824.2682675754771,807.306100654774,863.9685480348777,775.3338090416518,610.9365929440282,458.1597718568608,304.6675097028943,245.1815737934349
0.0,0.0,0.0,0.0,0.0,0.0,0.0,0.0,0.0,0.0,0.0,0.0
0.0,0.0,0.0,0.0,0.0,0.0,0.0,0.0,0.0,0.0,0.0,0.0
0.0,0.0,0.0,0.0,0.0,0.0,0.0,0.0,0.0,0.0,0.0,0.0
0.0,0.0,0.0,0.0,0.0,0.0,0.0,0.0,0.0,0.0,0.0,0.0
0.0,0.0,0.0,0.0,0.0,0.0,0.0,0.0,0.0,0.0,0.0,0.0
0.0,0.0,0.0,0.0,0.0,0.0,0.0,0.0,0.0,0.0,0.0,0.0
19.22383180028988,27.24620716833209,37.984257981365,44.58024126977293,55.00944621554716,53.9135168673162,57.67412009835559,51.63738379823188,40.55465429248721,30.27576723074528,20.0496598499141,16.01261268601978
33.74974576335143,40.15730713487233,46.66131778743241,47.29654989018308,53.68627350958883,49.98460220955069,55.19028141299508,54.20243395426154,48.60679754306999,42.67830494297489,32.58970309519835,30.32619060355131
0.0,0.0,0.0,0.0,0.0,0.0,0.0,0.0,0.0,0.0,0.0,0.0
0.0,0.0,0.0,0.0,0.0,0.0,0.0,0.0,0.0,0.0,0.0,0.0
0.0,0.0,0.0,0.0,0.0,0.0,0.0,0.0,0.0,0.0,0.0,0.0
0.0,0.0,0.0,0.0,0.0,0.0,0.0,0.0,0.0,0.0,0.0,0.0
0.0,0.0,0.0,0.0,0.0,0.0,0.0,0.0,0.0,0.0,0.0,0.0
1289.0934372112856,1863.7574615459,2634.555534662796,3119.9663830411464,3868.131298271261,3799.86280345436,4060.167325579306,3617.7979564220345,2818.4834465627027,2078.302278298798,1354.7586963735816,1065.870056471025
0.0,0.0,0.0,0.0,0.0,0.0,0.0,0.0,0.0,0.0,0.0,0.0
0.0,0.0,0.0,0.0,0.0,0.0,0.0,0.0,0.0,0.0,0.0,0.0
0.0,0.0,0.0,0.0,0.0,0.0,0.0,0.0,0.0,0.0,0.0,0.0
0.0,0.0,0.0,0.0,0.0,0.0,0.0,0.0,0.0,0.0,0.0,0.0
0.0,0.0,0.0,0.0,0.0,0.0,0.0,0.0,0.0,0.0,0.0,0.0
0.0,0.0,0.0,0.0,0.0,0.0,0.0,0.0,0.0,0.0,0.0,0.0
0.0,0.0,0.0,0.0,0.0,0.0,0.0,0.0,0.0,0.0,0.0,0.0
0.0,0.0,0.0,0.0,0.0,0.0,0.0,0.0,0.0,0.0,0.0,0.0
0.0,0.0,0.0,0.0,0.0,0.0,0.0,0.0,0.0,0.0,0.0,0.0
0.0,0.0,0.0,0.0,0.0,0.0,0.0,0.0,0.0,0.0,0.0,0.0
0.0,0.0,0.0,0.0,0.0,0.0,0.0,0.0,0.0,0.0,0.0,0.0
0.0,0.0,0.0,0.0,0.0,0.0,0.0,0.0,0.0,0.0,0.0,0.0
0.0,0.0,0.0,0.0,0.0,0.0,0.0,0.0,0.0,0.0,0.0,0.0
0.0,0.0,0.0,0.0,0.0,0.0,0.0,0.0,0.0,0.0,0.0,0.0
0.0,0.0,0.0,0.0,0.0,0.0,0.0,0.0,0.0,0.0,0.0,0.0
0.0,0.0,0.0,0.0,0.0,0.0,0.0,0.0,0.0,0.0,0.0,0.0
144.73079675399873,199.04418191257204,274.131846997062,315.77516895980693,386.7475924015663,,,,291.28203587700693,220.93021404269768,147.4638915455663,120.95090959122632
0.0,0.0,0.0,0.0,0.0,0.0,0.0,0.0,0.0,0.0,0.0,0.0
0.0,0.0,0.0,0.0,0.0,0.0,0.0,0.0,0.0,0.0,0.0,0.0
0.0,0.0,0.0,0.0,0.0,0.0,0.0,0.0,0.0,0.0,0.0,0.0
0.0,0.0,0.0,0.0,0.0,0.0,0.0,0.0,0.0,0.0,0.0,0.0
0.0,0.0,0.0,0.0,0.0,0.0,0.0,0.0,0.0,0.0,0.0,0.0
0.0,0.0,0.0,0.0,0.0,0.0,0.0,0.0,0.0,0.0,0.0,0.0
0.0,0.0,0.0,0.0,0.0,0.0,0.0,0.0,0.0,0.0,0.0,0.0
0.0,0.0,0.0,0.0,0.0,0.0,0.0,0.0,0.0,0.0,0.0,0.0
0.0,0.0,0.0,0.0,0.0,0.0,0.0,0.0,0.0,0.0,0.0,0.0
0.0,0.0,0.0,0.0,0.0,0.0,0.0,0.0,0.0,0.0,0.0,0.0
0.0,0.0,0.0,0.0,0.0,0.0,0.0,0.0,0.0,0.0,0.0,0.0
0.0,0.0,0.0,0.0,0.0,0.0,0.0,0.0,0.0,0.0,0.0,0.0
0.0,0.0,0.0,0.0,0.0,0.0,0.0,0.0,0.0,0.0,0.0,0.0
0.0,0.0,0.0,0.0,0.0,0.0,0.0,0.0,0.0,0.0,0.0,0.0
0.0,0.0,0.0,0.0,0.0,0.0,0.0,0.0,0.0,0.0,0.0,0.0
0.0,0.0,0.0,0.0,0.0,0.0,0.0,0.0,0.0,0.0,0.0,0.0
0.0,0.0,0.0,0.0,0.0,0.0,0.0,0.0,0.0,0.0,0.0,0.0
0.0,0.0,0.0,0.0,0.0,0.0,0.0,0.0,0.0,0.0,0.0,0.0
0.0,0.0,0.0,0.0,0.0,0.0,0.0,0.0,0.0,0.0,0.0,0.0
0.0,0.0,0.0,0.0,0.0,0.0,0.0,0.0,0.0,0.0,0.0,0.0
0.0,0.0,0.0,0.0,0.0,0.0,0.0,0.0,0.0,0.0,0.0,0.0
0.0,0.0,0.0,0.0,0.0,0.0,0.0,0.0,0.0,0.0,0.0,0.0
0.0,0.0,0.0,0.0,0.0,0.0,0.0,0.0,0.0,0.0,0.0,0.0
0.0,0.0,0.0,0.0,0.0,0.0,0.0,0.0,0.0,0.0,0.0,0.0
0.0,0.0,0.0,0.0,0.0,0.0,0.0,0.0,0.0,0.0,0.0,0.0
0.0,0.0,0.0,0.0,0.0,0.0,0.0,0.0,0.0,0.0,0.0,0.0
0.0,0.0,0.0,0.0,0.0,0.0,0.0,0.0,0.0,0.0,0.0,0.0
0.0,0.0,0.0,0.0,0.0,0.0,0.0,0.0,0.0,0.0,0.0,0.0
0.0,0.0,0.0,0.0,0.0,0.0,0.0,0.0,0.0,0.0,0.0,0.0
0.0,0.0,0.0,0.0,0.0,0.0,0.0,0.0,0.0,0.0,0.0,0.0
0.0,0.0,0.0,0.0,0.0,0.0,0.0,0.0,0.0,0.0,0.0,0.0
0.0,0.0,0.0,0.0,0.0,0.0,0.0,0.0,0.0,0.0,0.0,0.0
0.0,0.0,0.0,0.0,0.0,0.0,0.0,0.0,0.0,0.0,0.0,0.0
0.0,0.0,0.0,0.0,0.0,0.0,0.0,0.0,0.0,0.0,0.0,0.0
0.0,0.0,0.0,0.0,0.0,0.0,0.0,0.0,0.0,0.0,0.0,0.0
0.0,0.0,0.0,0.0,0.0,0.0,0.0,0.0,0.0,0.0,0.0,0.0
0.0,0.0,0.0,0.0,0.0,0.0,0.0,0.0,0.0,0.0,0.0,0.0
0.0,0.0,0.0,0.0,0.0,0.0,0.0,0.0,0.0,0.0,0.0,0.0
0.0,0.0,0.0,0.0,0.0,0.0,0.0,0.0,0.0,0.0,0.0,0.0
0.0,0.0,0.0,0.0,0.0,0.0,0.0,0.0,0.0,0.0,0.0,0.0
0.0,0.0,0.0,0.0,0.0,0.0,0.0,0.0,0.0,0.0,0.0,0.0
0.0,0.0,0.0,0.0,0.0,0.0,0.0,0.0,0.0,0.0,0.0,0.0
552.9556888433144,769.8290746462023,1046.263421911991,1214.964935412501,1490.290544224203,1462.595622856013,1561.884978970955,1409.042716500232,1116.899240401409,847.8680842247154,574.6534924333649,469.5842864839283
0.0,0.0,0.0,0.0,0.0,0.0,0.0,0.0,0.0,0.0,0.0,0.0
0.0,0.0,0.0,0.0,0.0,0.0,0.0,0.0,0.0,0.0,0.0,0.0
0.0,0.0,0.0,0.0,0.0,0.0,0.0,0.0,0.0,0.0,0.0,0.0
0.0,0.0,0.0,0.0,0.0,0.0,0.0,0.0,0.0,0.0,0.0,0.0
0.0,0.0,0.0,0.0,0.0,0.0,0.0,0.0,0.0,0.0,0.0,0.0
0.0,0.0,0.0,0.0,0.0,0.0,0.0,0.0,0.0,0.0,0.0,0.0
0.0,0.0,0.0,0.0,0.0,0.0,0.0,0.0,0.0,0.0,0.0,0.0
0.0,0.0,0.0,0.0,0.0,0.0,0.0,0.0,0.0,0.0,0.0,0.0
0.0,0.0,0.0,0.0,0.0,0.0,0.0,0.0,0.0,0.0,0.0,0.0
0.0,0.0,0.0,0.0,0.0,0.0,0.0,0.0,0.0,0.0,0.0,0.0
0.0,0.0,0.0,0.0,0.0,0.0,0.0,0.0,0.0,0.0,0.0,0.0
0.0,0.0,0.0,0.0,0.0,0.0,0.0,0.0,0.0,0.0,0.0,0.0
0.0,0.0,0.0,0.0,0.0,0.0,0.0,0.0,0.0,0.0,0.0,0.0
0.0,0.0,0.0,0.0,0.0,0.0,0.0,0.0,0.0,0.0,0.0,0.0
0.0,0.0,0.0,0.0,0.0,0.0,0.0,0.0,0.0,0.0,0.0,0.0
0.0,0.0,0.0,0.0,0.0,0.0,0.0,0.0,0.0,0.0,0.0,0.0
0.0,0.0,0.0,0.0,0.0,0.0,0.0,0.0,0.0,0.0,0.0,0.0
0.0,0.0,0.0,0.0,0.0,0.0,0.0,0.0,0.0,0.0,0.0,0.0
0.0,0.0,0.0,0.0,0.0,0.0,0.0,0.0,0.0,0.0,0.0,0.0
0.0,0.0,0.0,0.0,0.0,0.0,0.0,0.0,0.0,0.0,0.0,0.0
0.0,0.0,0.0,0.0,0.0,0.0,0.0,0.0,0.0,0.0,0.0,0.0
0.0,0.0,0.0,0.0,0.0,0.0,0.0,0.0,0.0,0.0,0.0,0.0
0.0,0.0,0.0,0.0,0.0,0.0,0.0,0.0,0.0,0.0,0.0,0.0
0.0,0.0,0.0,0.0,0.0,0.0,0.0,0.0,0.0,0.0,0.0,0.0
0.0,0.0,0.0,0.0,0.0,0.0,0.0,0.0,0.0,0.0,0.0,0.0
0.0,0.0,0.0,0.0,0.0,0.0,0.0,0.0,0.0,0.0,0.0,0.0
0.0,0.0,0.0,0.0,0.0,0.0,0.0,0.0,0.0,0.0,0.0,0.0
0.0,0.0,0.0,0.0,0.0,0.0,0.0,0.0,0.0,0.0,0.0,0.0
0.0,0.0,0.0,0.0,0.0,0.0,0.0,0.0,0.0,0.0,0.0,0.0
0.0,0.0,0.0,0.0,0.0,0.0,0.0,0.0,0.0,0.0,0.0,0.0
0.0,0.0,0.0,0.0,0.0,0.0,0.0,0.0,0.0,0.0,0.0,0.0
0.0,0.0,0.0,0.0,0.0,0.0,0.0,0.0,0.0,0.0,0.0,0.0
0.0,0.0,0.0,0.0,0.0,0.0,0.0,0.0,0.0,0.0,0.0,0.0
0.0,0.0,0.0,,0.0,0.0,,0.0,0.0,0.0,0.0,0.0
13282.432871347506,16439.60903455559,20137.292427481425,21294.944976399736,24847.65918782279,23551.54574056447,25716.49104289125,24487.87503006587,21090.28862710172,17674.8099282644,12998.087876938793,11748.129535018832
0.0,0.0,0.0,0.0,0.0,0.0,0.0,0.0,0.0,0.0,0.0,0.0
0.0,0.0,0.0,0.0,0.0,0.0,0.0,0.0,0.0,0.0,0.0,0.0
0.0,0.0,0.0,0.0,0.0,0.0,0.0,0.0,0.0,0.0,0.0,0.0
0.0,0.0,0.0,0.0,0.0,0.0,0.0,0.0,0.0,0.0,0.0,0.0
0.0,0.0,0.0,0.0,0.0,0.0,0.0,0.0,0.0,0.0,0.0,0.0
0.0,0.0,0.0,0.0,0.0,0.0,0.0,0.0,0.0,0.0,0.0,0.0
0.0,0.0,0.0,0.0,0.0,0.0,0.0,0.0,0.0,0.0,0.0,0.0
116.4107486358794,144.3923876630252,165.5618999791444,175.2913137907285,200.4247701031187,193.1484839225864,208.608615995147,201.485780561793,174.9124643157108,151.0119052152994,117.7392773527867,107.9827357430225
0.0,0.0,0.0,0.0,0.0,0.0,0.0,0.0,0.0,0.0,0.0,0.0
0.0,0.0,0.0,0.0,0.0,0.0,0.0,0.0,0.0,0.0,0.0,0.0
0.0,0.0,0.0,0.0,0.0,0.0,0.0,0.0,0.0,0.0,0.0,0.0
0.0,0.0,0.0,0.0,0.0,0.0,0.0,0.0,0.0,0.0,0.0,0.0
0.0,0.0,0.0,0.0,0.0,0.0,0.0,0.0,0.0,0.0,0.0,0.0
0.0,0.0,0.0,0.0,0.0,0.0,0.0,0.0,0.0,0.0,0.0,0.0
0.0,0.0,0.0,0.0,0.0,0.0,0.0,0.0,0.0,0.0,0.0,0.0
0.0,0.0,0.0,0.0,0.0,0.0,0.0,0.0,0.0,0.0,0.0,0.0
0.0,0.0,0.0,0.0,0.0,0.0,0.0,0.0,0.0,0.0,0.0,0.0
0.0,0.0,0.0,0.0,0.0,0.0,0.0,0.0,0.0,0.0,0.0,0.0
0.0,0.0,0.0,0.0,0.0,0.0,0.0,0.0,0.0,0.0,0.0,0.0
29.94100383508695,36.90144720906913,45.37669957863172,47.9064603339982,55.88932355858531,52.82804285331092,57.79880291339919,55.0227835294793,47.46780864224734,39.77005159476977,29.17777140680254,26.34765313231489
0.0,0.0,0.0,0.0,0.0,0.0,0.0,0.0,0.0,0.0,0.0,0.0
0.0,0.0,0.0,0.0,0.0,0.0,0.0,0.0,0.0,0.0,0.0,0.0
0.0,0.0,0.0,0.0,0.0,0.0,0.0,0.0,0.0,0.0,0.0,0.0
0.0,0.0,0.0,0.0,0.0,0.0,0.0,0.0,0.0,0.0,0.0,0.0
0.0,0.0,0.0,0.0,0.0,0.0,0.0,0.0,0.0,0.0,0.0,0.0
193.7216691601443,274.0924133795099,380.291688021708,445.297784062727,548.9628856006859,,,,,303.9459919943611,201.8206857950456,161.9962153274107
0.0,0.0,0.0,0.0,0.0,0.0,0.0,0.0,0.0,0.0,0.0,0.0
0.0,0.0,0.0,0.0,0.0,0.0,0.0,0.0,0.0,0.0,0.0,0.0
0.0,0.0,0.0,0.0,0.0,0.0,0.0,0.0,0.0,0.0,0.0,0.0
0.0,0.0,0.0,0.0,0.0,0.0,0.0,0.0,0.0,0.0,0.0,0.0
0.0,0.0,0.0,0.0,0.0,0.0,0.0,0.0,0.0,0.0,0.0,0.0
0.0,0.0,0.0,0.0,0.0,0.0,0.0,0.0,0.0,0.0,0.0,0.0
0.0,0.0,0.0,0.0,0.0,0.0,0.0,0.0,0.0,0.0,0.0,0.0
0.0,0.0,0.0,0.0,0.0,0.0,0.0,0.0,0.0,0.0,0.0,0.0
,259.6697358382763,480.1177238751776,562.7841107724332,,,,,,,232.2006239623212,192.4589227054536
0.0,0.0,0.0,0.0,0.0,0.0,0.0,0.0,0.0,0.0,0.0,0.0
0.0,0.0,0.0,0.0,0.0,0.0,0.0,0.0,0.0,0.0,0.0,0.0
0.0,0.0,0.0,0.0,0.0,0.0,0.0,0.0,0.0,0.0,0.0,0.0
0.0,0.0,0.0,0.0,0.0,0.0,0.0,0.0,0.0,0.0,0.0,0.0
0.0,0.0,0.0,0.0,0.0,0.0,0.0,0.0,0.0,0.0,0.0,0.0
0.0,0.0,0.0,0.0,0.0,0.0,0.0,0.0,0.0,0.0,0.0,0.0
0.0,0.0,0.0,0.0,0.0,0.0,0.0,0.0,0.0,0.0,0.0,0.0
0.0,0.0,0.0,0.0,0.0,0.0,0.0,0.0,0.0,0.0,0.0,0.0
0.0,0.0,0.0,0.0,0.0,0.0,0.0,0.0,0.0,0.0,0.0,0.0
0.0,0.0,0.0,0.0,0.0,0.0,0.0,0.0,0.0,0.0,0.0,0.0
0.0,0.0,0.0,0.0,0.0,0.0,0.0,0.0,0.0,0.0,0.0,0.0
0.0,0.0,0.0,0.0,0.0,0.0,0.0,0.0,0.0,0.0,0.0,0.0
0.0,0.0,0.0,0.0,0.0,0.0,0.0,0.0,0.0,0.0,0.0,0.0
0.0,0.0,0.0,0.0,0.0,0.0,0.0,0.0,0.0,0.0,0.0,0.0
0.0,0.0,0.0,0.0,0.0,0.0,0.0,0.0,0.0,0.0,0.0,0.0
0.0,0.0,0.0,0.0,0.0,0.0,0.0,0.0,0.0,0.0,0.0,0.0
0.0,0.0,0.0,0.0,0.0,0.0,0.0,0.0,0.0,0.0,0.0,0.0
0.0,0.0,0.0,0.0,0.0,0.0,0.0,0.0,0.0,0.0,0.0,0.0
0.0,0.0,0.0,0.0,0.0,0.0,0.0,0.0,0.0,0.0,0.0,0.0
0.0,0.0,0.0,0.0,0.0,0.0,0.0,0.0,0.0,0.0,0.0,0.0
0.0,0.0,0.0,0.0,0.0,0.0,0.0,0.0,0.0,0.0,0.0,0.0
0.0,0.0,0.0,0.0,0.0,0.0,0.0,0.0,0.0,0.0,0.0,0.0
0.0,0.0,0.0,0.0,0.0,0.0,0.0,0.0,0.0,0.0,0.0,0.0
0.0,0.0,0.0,0.0,0.0,0.0,0.0,0.0,0.0,0.0,0.0,0.0
0.0,0.0,0.0,0.0,0.0,0.0,0.0,0.0,0.0,0.0,0.0,0.0
200.4289888102045,280.2208663942457,385.5462174965102,448.4919165522335,,,577.3814315273788,519.5047790180015,411.0615413675999,310.0826749197637,207.5315746582713,168.3391296457871
0.0,0.0,0.0,0.0,0.0,0.0,0.0,0.0,0.0,0.0,0.0,0.0
137.296569450397,174.3548340424622,218.9873276716525,237.400611690264,280.9606803872152,269.2848698382724,291.8290446204019,273.7371477132784,230.4176033302172,188.436225935899,136.1747242229641,120.6456433253108
18.26832934051937,26.34250297743196,37.25212064145942,44.12160078362879,54.6885948626914,53.71312981172348,57.39723998977582,51.13733473005065,39.84517073237977,29.39648942383443,19.19614893552243,15.09158630908503
0.0,0.0,0.0,0.0,0.0,0.0,0.0,0.0,0.0,0.0,0.0,0.0
0.0,0.0,0.0,0.0,0.0,0.0,0.0,0.0,0.0,0.0,0.0,0.0
0.0,0.0,0.0,0.0,0.0,0.0,0.0,0.0,0.0,0.0,0.0,0.0
0.0,0.0,0.0,0.0,0.0,0.0,0.0,0.0,0.0,0.0,0.0,0.0
0.0,0.0,0.0,0.0,0.0,0.0,0.0,0.0,0.0,0.0,0.0,0.0
0.0,0.0,0.0,0.0,0.0,0.0,0.0,0.0,0.0,0.0,0.0,0.0
0.0,0.0,0.0,0.0,0.0,0.0,0.0,0.0,0.0,0.0,0.0,0.0
0.0,0.0,0.0,0.0,0.0,0.0,0.0,0.0,0.0,0.0,0.0,0.0
0.0,0.0,0.0,0.0,0.0,0.0,0.0,0.0,0.0,0.0,0.0,0.0
0.0,0.0,0.0,0.0,0.0,0.0,0.0,0.0,0.0,0.0,0.0,0.0
0.0,0.0,0.0,0.0,0.0,0.0,0.0,0.0,0.0,0.0,0.0,0.0
0.0,0.0,0.0,0.0,0.0,0.0,0.0,0.0,0.0,0.0,0.0,0.0
0.0,0.0,0.0,0.0,0.0,0.0,0.0,0.0,0.0,0.0,0.0,0.0
0.0,0.0,0.0,0.0,0.0,0.0,0.0,0.0,0.0,0.0,0.0,0.0
0.0,0.0,0.0,0.0,0.0,0.0,0.0,0.0,0.0,0.0,0.0,0.0
0.0,0.0,0.0,0.0,0.0,0.0,0.0,0.0,0.0,0.0,0.0,0.0
0.0,0.0,0.0,0.0,0.0,0.0,0.0,0.0,0.0,0.0,0.0,0.0
571.428501579939,849.6496627028166,1225.377400746428,1472.639887027005,1838.1819627159416,1814.9986543265927,1933.8184473268125,1711.009378905601,1316.299791124731,953.3205126903572,609.1914075999532,467.78733776073614
0.0,0.0,0.0,0.0,0.0,0.0,0.0,0.0,0.0,0.0,0.0,0.0
0.0,0.0,0.0,0.0,0.0,0.0,0.0,0.0,0.0,0.0,0.0,0.0
0.0,0.0,0.0,0.0,0.0,0.0,0.0,0.0,0.0,0.0,0.0,0.0
0.0,0.0,0.0,0.0,0.0,0.0,0.0,0.0,0.0,0.0,0.0,0.0
0.0,0.0,0.0,0.0,0.0,0.0,0.0,0.0,0.0,0.0,0.0,0.0
0.0,0.0,0.0,0.0,0.0,0.0,0.0,0.0,0.0,0.0,0.0,0.0
0.0,0.0,0.0,0.0,0.0,0.0,0.0,0.0,0.0,0.0,0.0,0.0
0.0,0.0,0.0,0.0,0.0,0.0,0.0,0.0,0.0,0.0,0.0,0.0
0.0,0.0,0.0,0.0,0.0,0.0,0.0,0.0,0.0,0.0,0.0,0.0
0.0,0.0,0.0,0.0,0.0,0.0,0.0,0.0,0.0,0.0,0.0,0.0
0.0,0.0,0.0,0.0,0.0,0.0,0.0,0.0,0.0,0.0,0.0,0.0
0.0,0.0,0.0,0.0,0.0,0.0,0.0,0.0,0.0,0.0,0.0,0.0
0.0,0.0,0.0,0.0,0.0,0.0,0.0,0.0,0.0,0.0,0.0,0.0
0.0,0.0,0.0,0.0,0.0,0.0,0.0,0.0,0.0,0.0,0.0,0.0
109.9899779518369,158.0314742712303,224.0664793600799,264.3303801448386,327.3877738102668,320.4097467919789,343.4147539079048,306.24983549146,239.3311510008776,176.6489839909975,114.6421589336787,90.53896807367676
0.0,0.0,0.0,0.0,0.0,0.0,0.0,0.0,0.0,0.0,0.0,0.0
0.0,0.0,0.0,0.0,0.0,0.0,0.0,0.0,0.0,0.0,0.0,0.0
0.0,0.0,0.0,0.0,0.0,0.0,0.0,0.0,0.0,0.0,0.0,0.0
0.0,0.0,0.0,0.0,0.0,0.0,0.0,0.0,0.0,0.0,0.0,0.0
0.0,0.0,0.0,0.0,0.0,0.0,0.0,0.0,0.0,0.0,0.0,0.0
0.0,0.0,0.0,0.0,0.0,0.0,0.0,0.0,0.0,0.0,0.0,0.0
0.0,0.0,0.0,0.0,0.0,0.0,0.0,0.0,0.0,0.0,0.0,0.0
0.0,0.0,0.0,0.0,0.0,0.0,0.0,0.0,0.0,0.0,0.0,0.0
0.0,0.0,0.0,0.0,0.0,0.0,0.0,0.0,0.0,0.0,0.0,0.0
0.0,0.0,0.0,0.0,0.0,0.0,0.0,0.0,0.0,0.0,0.0,0.0
0.0,0.0,0.0,0.0,0.0,0.0,0.0,0.0,0.0,0.0,0.0,0.0
0.0,0.0,0.0,0.0,0.0,0.0,0.0,0.0,0.0,0.0,0.0,0.0
0.0,0.0,0.0,0.0,0.0,0.0,0.0,0.0,0.0,0.0,0.0,0.0
0.0,0.0,0.0,0.0,0.0,0.0,0.0,0.0,0.0,0.0,0.0,0.0
0.0,0.0,0.0,0.0,0.0,0.0,0.0,0.0,0.0,0.0,0.0,0.0
67.70716500328871,100.2678516232749,136.7062146224342,165.2019674854624,204.4995058700941,206.6115064001052,216.5223626989918,192.5076924455647,147.8692999659824,109.7601214426124,74.85577369061801,59.07384789035636
0.0,0.0,0.0,0.0,0.0,0.0,0.0,0.0,0.0,0.0,0.0,0.0
0.0,0.0,0.0,0.0,0.0,0.0,0.0,0.0,0.0,0.0,0.0,0.0
0.0,0.0,0.0,0.0,0.0,0.0,0.0,0.0,0.0,0.0,0.0,0.0
0.0,0.0,0.0,0.0,0.0,0.0,0.0,0.0,0.0,0.0,0.0,0.0
132.1016104186358,125.2736210974795,224.5257889761907,261.167010278278,219.5453964073289,224.0107978048138,244.0965743954501,254.8633474477757,188.3423010094058,137.9463501330316,116.5012327706501,99.32185595942656
0.0,0.0,0.0,0.0,0.0,0.0,0.0,0.0,0.0,0.0,0.0,0.0
0.0,0.0,0.0,0.0,0.0,0.0,0.0,0.0,0.0,0.0,0.0,0.0
0.0,0.0,0.0,0.0,0.0,0.0,0.0,0.0,0.0,0.0,0.0,0.0
0.0,0.0,0.0,0.0,0.0,0.0,0.0,0.0,0.0,0.0,0.0,0.0
137.9941268352869,176.7072694745289,238.136188874185,259.3734264030386,308.1392324959853,285.9912076197272,319.2015192484703,294.4519291983881,249.2086703750412,196.7883718341123,131.8197286951818,115.0663792626818
1189.812907625173,1437.7939131286162,1728.734054599316,1789.8610893355567,2053.510201238811,1911.022467394374,2116.733978817839,2041.6067131983648,1803.4865672924416,1542.843955302662,1148.9703045362155,1053.0950785294276
0.0,0.0,0.0,0.0,0.0,0.0,0.0,0.0,0.0,0.0,0.0,0.0
0.0,0.0,0.0,0.0,0.0,0.0,0.0,0.0,0.0,0.0,0.0,0.0
0.0,0.0,0.0,0.0,0.0,0.0,0.0,0.0,0.0,0.0,0.0,0.0
0.0,0.0,0.0,0.0,0.0,0.0,0.0,0.0,0.0,0.0,0.0,0.0
0.0,0.0,0.0,0.0,0.0,0.0,0.0,0.0,0.0,0.0,0.0,0.0
0.0,0.0,0.0,0.0,0.0,0.0,0.0,0.0,0.0,0.0,0.0,0.0
0.0,0.0,0.0,0.0,0.0,0.0,0.0,0.0,0.0,0.0,0.0,0.0
0.0,0.0,0.0,0.0,0.0,0.0,0.0,0.0,0.0,0.0,0.0,0.0
0.0,0.0,0.0,0.0,0.0,0.0,0.0,0.0,0.0,0.0,0.0,0.0
0.0,0.0,0.0,0.0,0.0,0.0,0.0,0.0,0.0,0.0,0.0,0.0
0.0,0.0,0.0,0.0,0.0,0.0,0.0,0.0,0.0,0.0,0.0,0.0
0.0,0.0,0.0,0.0,0.0,0.0,0.0,0.0,0.0,0.0,0.0,0.0
0.0,0.0,0.0,0.0,0.0,0.0,0.0,0.0,0.0,0.0,0.0,0.0
0.0,0.0,0.0,0.0,0.0,0.0,0.0,0.0,0.0,0.0,0.0,0.0
0.0,0.0,0.0,0.0,0.0,0.0,0.0,0.0,0.0,0.0,0.0,0.0
0.0,0.0,0.0,0.0,0.0,0.0,0.0,0.0,0.0,0.0,0.0,0.0
0.0,0.0,0.0,0.0,0.0,0.0,0.0,0.0,0.0,0.0,0.0,0.0
134.8642012377486,191.1275661774219,265.6836798284481,311.3608122618279,384.0249659154667,376.4094478414611,402.6433489210635,360.8352943760576,283.6823494409276,212.0752768261191,140.550872281053,112.62597951103
0.0,0.0,0.0,0.0,0.0,0.0,0.0,0.0,0.0,0.0,0.0,0.0
0.0,0.0,0.0,0.0,0.0,0.0,0.0,0.0,0.0,0.0,0.0,0.0
0.0,0.0,0.0,0.0,0.0,0.0,0.0,0.0,0.0,0.0,0.0,0.0
0.0,0.0,0.0,0.0,0.0,0.0,0.0,0.0,0.0,0.0,0.0,0.0
0.0,0.0,0.0,0.0,0.0,0.0,0.0,0.0,0.0,0.0,0.0,0.0
0.0,0.0,0.0,0.0,0.0,0.0,0.0,0.0,0.0,0.0,0.0,0.0
0.0,0.0,0.0,0.0,0.0,0.0,0.0,0.0,0.0,0.0,0.0,0.0
155.8105909387821,138.5999335055967,238.2709341421458,266.035841797648,216.0310264746022,217.738013939954,238.687824681959,256.5413790167686,195.471167867835,148.8202735808892,133.9279233636191,117.0534401945232
334.3402008480341,479.87067133820096,673.4160313452317,794.5514532331165,983.1877734854872,965.5255269240516,1031.667260556339,921.2613484015172,720.0465507602737,533.849387876302,350.5705915013441,277.7706815371801
0.0,0.0,0.0,0.0,0.0,0.0,0.0,0.0,0.0,0.0,0.0,0.0
0.0,0.0,0.0,0.0,0.0,0.0,0.0,0.0,0.0,0.0,0.0,0.0
0.0,0.0,0.0,0.0,0.0,0.0,0.0,0.0,0.0,0.0,0.0,0.0
0.0,0.0,0.0,0.0,0.0,0.0,0.0,0.0,0.0,0.0,0.0,0.0
0.0,0.0,0.0,0.0,0.0,0.0,0.0,0.0,0.0,0.0,0.0,0.0
159.9557898799941,212.8517011451954,285.4045592907561,321.7159136161836,389.8341026545207,375.8560154527833,406.5929769635811,371.2151599302425,301.9513305136949,234.5931667009306,160.3543198391196,135.5205615386292
0.0,0.0,0.0,0.0,0.0,0.0,0.0,0.0,0.0,0.0,0.0,0.0
0.0,0.0,0.0,0.0,0.0,0.0,0.0,0.0,0.0,0.0,0.0,0.0
0.0,0.0,0.0,0.0,0.0,0.0,0.0,0.0,0.0,0.0,0.0,0.0
18.50525243029522,26.5642469597313,37.42843833642824,44.22520864452049,54.75334510144893,53.7414230366099,57.44533200331113,51.24345947673217,40.00999681434914,29.6093115899215,19.40672040395019,15.31812860880126
23.28889252133706,30.71801378028218,41.15733643404192,46.17748939110201,55.8091834869308,53.62358234158476,58.16510040788108,53.18443839004362,43.46823436544147,33.89782176512207,23.2041218073269,19.68790388011925
68.71526585627856,87.2598218977236,117.4328901960995,127.0096778898137,149.862324950413,137.8655402088357,154.9346115614766,143.5369041280961,122.5562227608757,97.3379123370196,65.23576504951939,57.34683560369026
0.0,0.0,0.0,0.0,0.0,0.0,0.0,0.0,0.0,0.0,0.0,0.0
104.0677481831425,142.5010473927819,196.3677866040247,225.474276110215,275.9096150237717,267.1820292773868,288.4109936232746,260.451604109001,208.4416020391716,158.2922077442771,105.5047887970137,86.75424865431825
72.6112913033302,104.4561313636154,148.9655842670621,175.7837353760272,217.8908501281546,212.9218801823803,228.5507087388663,203.6004276721522,159.0635739282527,117.077621494346,75.47523324423747,59.49784406896512
179.7491683718612,220.7688889682888,271.5812084489763,285.4326558749901,332.3393888087833,312.6311614225747,343.2865455000867,327.4322946695177,283.6966951043852,238.0592623942865,174.2059189044091,157.7478726485068
214.9503446224951,305.9166350564334,434.5669801755132,514.4372693099205,637.3894219100224,624.9727785944201,669.9238470244529,597.3087415100047,465.642677814407,342.2101764505728,223.46737070563745,181.057557671662
448.5274800792225,618.7208419284227,855.6792421947546,992.1504873886,1216.4339252595964,1185.9432605221668,1275.343095141768,1147.0249507458548,911.12516127328,687.746242181549,457.5766759495731,376.58378082108914
192.48412970309772,262.6967429130221,354.7074171752032,406.2278879494129,495.23835675200246,482.31304437007634,518.087762219362,470.3548780151023,377.23105503270494,289.5894138543302,196.84231420525293,163.90224979282738
0.0,0.0,0.0,0.0,0.0,0.0,0.0,0.0,0.0,0.0,0.0,0.0
0.0,0.0,0.0,0.0,0.0,0.0,0.0,0.0,0.0,0.0,0.0,0.0
0.0,0.0,0.0,0.0,0.0,0.0,0.0,0.0,0.0,0.0,0.0,0.0
0.0,0.0,0.0,0.0,0.0,0.0,0.0,0.0,0.0,0.0,0.0,0.0
0.0,0.0,0.0,0.0,0.0,0.0,0.0,0.0,0.0,0.0,0.0,0.0
19.18509825240151,27.20567333008667,37.95916875207286,44.56226800987713,54.99616456680655,53.89482443896454,57.65991313482876,51.61448143212164,40.52722156724753,30.23969452452339,20.00867940136203,15.97005001655035
0.0,0.0,0.0,0.0,0.0,0.0,0.0,0.0,0.0,0.0,0.0,0.0
0.0,0.0,0.0,0.0,0.0,0.0,0.0,0.0,0.0,0.0,0.0,0.0
0.0,0.0,0.0,0.0,0.0,0.0,0.0,0.0,0.0,0.0,0.0,0.0
0.0,0.0,0.0,0.0,0.0,0.0,0.0,0.0,0.0,0.0,0.0,0.0
28.1709794625864,33.89619858026699,42.67124848412933,44.21251657764243,50.99457425649116,46.44188926829404,52.40935660527808,49.98005830181216,44.30369927180576,37.10383770823773,26.42100929596227,24.08652130763189
0.0,0.0,0.0,0.0,0.0,0.0,0.0,0.0,0.0,0.0,0.0,0.0
0.0,0.0,0.0,0.0,0.0,0.0,0.0,0.0,0.0,0.0,0.0,0.0
0.0,0.0,0.0,0.0,0.0,0.0,0.0,0.0,0.0,0.0,0.0,0.0
0.0,0.0,0.0,0.0,0.0,0.0,0.0,0.0,0.0,0.0,0.0,0.0
0.0,0.0,0.0,0.0,0.0,0.0,0.0,0.0,0.0,0.0,0.0,0.0
0.0,0.0,0.0,0.0,0.0,0.0,0.0,0.0,0.0,0.0,0.0,0.0
0.0,0.0,0.0,0.0,0.0,0.0,0.0,0.0,0.0,0.0,0.0,0.0
0.0,0.0,0.0,0.0,0.0,0.0,0.0,0.0,0.0,0.0,0.0,0.0
0.0,0.0,0.0,0.0,0.0,0.0,0.0,0.0,0.0,0.0,0.0,0.0
611.0939848352173,766.2339830283584,920.2519194430744,984.9693581385978,1150.471175535579,1108.099495635341,1195.443174463989,1137.511493622651,970.4330764223351,815.3671692778411,611.4845788440756,552.7734453318191
0.0,0.0,0.0,0.0,0.0,0.0,0.0,0.0,0.0,0.0,0.0,0.0
0.0,0.0,0.0,0.0,0.0,0.0,0.0,0.0,0.0,0.0,0.0,0.0
0.0,0.0,0.0,0.0,0.0,0.0,0.0,0.0,0.0,0.0,0.0,0.0
0.0,0.0,0.0,0.0,0.0,0.0,0.0,0.0,0.0,0.0,0.0,0.0
0.0,0.0,0.0,0.0,0.0,0.0,0.0,0.0,0.0,0.0,0.0,0.0
0.0,0.0,0.0,0.0,0.0,0.0,0.0,0.0,0.0,0.0,0.0,0.0
96.4485282730105,126.2304175748604,166.7147047727084,185.6283316950137,223.4649646103574,214.6264358093686,232.7221889519217,213.956332313894,175.9541562308338,138.579477719015,95.95102988306614,82.30794844942022
0.0,0.0,0.0,0.0,0.0,0.0,0.0,0.0,0.0,0.0,0.0,0.0
116.1325040816939,153.7121087473154,205.2288452917204,230.4542149006263,278.6995103314713,268.3514430450252,290.5469804878425,265.8060197841035,216.9546823344618,169.2387927391112,116.1000472612024,98.5890671373105
0.0,0.0,0.0,0.0,0.0,0.0,0.0,0.0,0.0,0.0,0.0,0.0
0.0,0.0,0.0,0.0,0.0,0.0,0.0,0.0,0.0,0.0,0.0,0.0
0.0,0.0,0.0,0.0,0.0,0.0,0.0,0.0,0.0,0.0,0.0,0.0
0.0,0.0,0.0,0.0,0.0,0.0,0.0,0.0,0.0,0.0,0.0,0.0
0.0,0.0,0.0,0.0,0.0,0.0,0.0,0.0,0.0,0.0,0.0,0.0
0.0,0.0,0.0,0.0,0.0,0.0,0.0,0.0,0.0,0.0,0.0,0.0
0.0,0.0,0.0,0.0,0.0,0.0,0.0,0.0,0.0,0.0,0.0,0.0
0.0,0.0,0.0,0.0,0.0,0.0,0.0,0.0,0.0,0.0,0.0,0.0
0.0,0.0,0.0,0.0,0.0,0.0,0.0,0.0,0.0,0.0,0.0,0.0
0.0,0.0,0.0,0.0,0.0,0.0,0.0,0.0,0.0,0.0,0.0,0.0
0.0,0.0,0.0,0.0,0.0,0.0,0.0,0.0,0.0,0.0,0.0,0.0
888.8845787641435,1277.818340983025,1793.1006293850585,2117.621820128289,2621.2524147654904,2576.217876495023,2751.1523328456988,2456.019734882069,1918.1185619522648,1421.3004425120262,933.5029654006051,738.9191328024542
0.0,0.0,0.0,0.0,0.0,0.0,0.0,0.0,0.0,0.0,0.0,0.0
0.0,0.0,0.0,0.0,0.0,0.0,0.0,0.0,0.0,0.0,0.0,0.0
0.0,0.0,0.0,0.0,0.0,0.0,0.0,0.0,0.0,0.0,0.0,0.0
742.145687276613,900.0250120990032,1056.6558661168388,1094.715865164848,1255.6399548944269,1183.4511586038382,1296.2544025780594,1257.8632686289702,1106.2936184277742,957.4211258585018,727.6950393707076,669.3886181090053
0.0,0.0,0.0,0.0,0.0,0.0,0.0,0.0,0.0,0.0,0.0,0.0
0.0,0.0,0.0,0.0,0.0,0.0,0.0,0.0,0.0,0.0,0.0,0.0
0.0,0.0,0.0,0.0,0.0,0.0,0.0,0.0,0.0,0.0,0.0,0.0
0.0,0.0,0.0,0.0,0.0,0.0,0.0,0.0,0.0,0.0,0.0,0.0
588.9361555138308,772.706139097395,1049.382851325523,1169.448060168597,1410.086256529661,1337.917777238662,1466.987360626139,1340.901037929097,1105.09607289178,858.6718698670857,577.0959287058871,492.5208569981053
166.0206752235765,216.4324919529222,288.9864561997044,320.9088863811482,385.6849727238119,367.0571238359778,400.9854263948694,368.5385903081852,304.3538760861238,238.987898817086,163.1485570388952,140.0268011228907
0.0,0.0,0.0,0.0,0.0,0.0,0.0,0.0,0.0,0.0,0.0,0.0
0.0,0.0,0.0,0.0,0.0,0.0,0.0,0.0,0.0,0.0,0.0,0.0
0.0,0.0,0.0,0.0,0.0,0.0,0.0,0.0,0.0,0.0,0.0,0.0
0.0,0.0,0.0,0.0,0.0,0.0,0.0,0.0,0.0,0.0,0.0,0.0
0.0,0.0,0.0,0.0,0.0,0.0,0.0,0.0,0.0,0.0,0.0,0.0
0.0,0.0,0.0,0.0,0.0,0.0,0.0,0.0,0.0,0.0,0.0,0.0
0.0,0.0,0.0,0.0,0.0,0.0,0.0,0.0,0.0,0.0,0.0,0.0
0.0,0.0,0.0,0.0,0.0,0.0,0.0,0.0,0.0,0.0,0.0,0.0
0.0,0.0,0.0,0.0,0.0,0.0,0.0,0.0,0.0,0.0,0.0,0.0
0.0,0.0,0.0,0.0,0.0,0.0,0.0,0.0,0.0,0.0,0.0,0.0
0.0,0.0,0.0,0.0,0.0,0.0,0.0,0.0,0.0,0.0,0.0,0.0
0.0,0.0,0.0,0.0,0.0,0.0,0.0,0.0,0.0,0.0,0.0,0.0
0.0,0.0,0.0,0.0,0.0,0.0,0.0,0.0,0.0,0.0,0.0,0.0
0.0,0.0,0.0,0.0,0.0,0.0,0.0,0.0,0.0,0.0,0.0,0.0
0.0,0.0,0.0,0.0,0.0,0.0,0.0,0.0,0.0,0.0,0.0,0.0
0.0,0.0,0.0,0.0,0.0,0.0,0.0,0.0,0.0,0.0,0.0,0.0
0.0,0.0,0.0,0.0,0.0,0.0,0.0,0.0,0.0,0.0,0.0,0.0
0.0,0.0,0.0,0.0,0.0,0.0,0.0,0.0,0.0,0.0,0.0,0.0
0.0,0.0,0.0,0.0,0.0,0.0,0.0,0.0,0.0,0.0,0.0,0.0
0.0,0.0,0.0,0.0,0.0,0.0,0.0,0.0,0.0,0.0,0.0,0.0
0.0,0.0,0.0,0.0,0.0,0.0,0.0,0.0,0.0,0.0,0.0,0.0
0.0,0.0,0.0,0.0,0.0,0.0,0.0,0.0,0.0,0.0,0.0,0.0
0.0,0.0,0.0,0.0,0.0,0.0,0.0,0.0,0.0,0.0,0.0,0.0
0.0,0.0,0.0,0.0,0.0,0.0,0.0,0.0,0.0,0.0,0.0,0.0
0.0,0.0,0.0,0.0,0.0,0.0,0.0,0.0,0.0,0.0,0.0,0.0
0.0,0.0,0.0,0.0,0.0,0.0,0.0,0.0,0.0,0.0,0.0,0.0
0.0,0.0,0.0,0.0,0.0,0.0,0.0,0.0,0.0,0.0,0.0,0.0
0.0,0.0,0.0,0.0,0.0,0.0,0.0,0.0,0.0,0.0,0.0,0.0
0.0,0.0,0.0,0.0,0.0,0.0,0.0,0.0,0.0,0.0,0.0,0.0
0.0,0.0,0.0,0.0,0.0,0.0,0.0,0.0,0.0,0.0,0.0,0.0
0.0,0.0,0.0,0.0,0.0,0.0,0.0,0.0,0.0,0.0,0.0,0.0
0.0,0.0,0.0,0.0,0.0,0.0,0.0,0.0,0.0,0.0,0.0,0.0
0.0,0.0,0.0,0.0,0.0,0.0,0.0,0.0,0.0,0.0,0.0,0.0
0.0,0.0,0.0,0.0,0.0,0.0,0.0,0.0,0.0,0.0,0.0,0.0
0.0,0.0,0.0,0.0,0.0,0.0,0.0,0.0,0.0,0.0,0.0,0.0
0.0,0.0,0.0,0.0,0.0,0.0,0.0,0.0,0.0,0.0,0.0,0.0
0.0,0.0,0.0,0.0,0.0,0.0,0.0,0.0,0.0,0.0,0.0,0.0
0.0,0.0,0.0,0.0,0.0,0.0,0.0,0.0,0.0,0.0,0.0,0.0
0.0,0.0,0.0,0.0,0.0,0.0,0.0,0.0,0.0,0.0,0.0,0.0
107.1887620767758,155.8584622615169,221.3294518824141,262.8845743022288,326.3932630710988,320.8926901400828,342.7435310958346,304.9341867807257,236.9565700484418,174.0554062572106,112.9279885798258,88.40279360059137
0.0,0.0,0.0,0.0,0.0,0.0,0.0,0.0,0.0,0.0,0.0,0.0
0.0,0.0,0.0,0.0,0.0,0.0,0.0,0.0,0.0,0.0,0.0,0.0
0.0,0.0,0.0,0.0,0.0,0.0,0.0,0.0,0.0,0.0,0.0,0.0
341.5207083732936,470.4104117637996,666.5281476097106,769.8547893722161,945.413702107063,908.8549974946524,989.1075482509008,887.0376840356998,707.3902509443734,529.0263553190252,343.0320981334518,282.65974984673994
0.0,0.0,0.0,0.0,0.0,0.0,0.0,0.0,0.0,0.0,0.0,0.0
0.0,0.0,0.0,0.0,0.0,0.0,0.0,0.0,0.0,0.0,0.0,0.0
0.0,0.0,0.0,0.0,0.0,0.0,0.0,0.0,0.0,0.0,0.0,0.0
0.0,0.0,0.0,0.0,0.0,0.0,0.0,0.0,0.0,0.0,0.0,0.0
3181.7343178203487,4572.987455577412,6451.58059632529,7615.189894285568,9428.014014182609,9246.20856195077,9892.650899489438,8827.519167552273,6896.990928321938,5100.146970438006,3328.6555857954536,2633.2525217195166
0.0,0.0,0.0,0.0,0.0,0.0,0.0,0.0,0.0,0.0,0.0,0.0
0.0,0.0,0.0,0.0,0.0,0.0,0.0,0.0,0.0,0.0,0.0,0.0
0.0,0.0,0.0,0.0,0.0,0.0,0.0,0.0,0.0,0.0,0.0,0.0
0.0,0.0,0.0,0.0,0.0,0.0,0.0,0.0,0.0,0.0,0.0,0.0
129.5321966726369,186.3819604165935,261.2896370120419,308.7772389436466,,,,358.2421967060296,279.64270187477,207.211839859634,136.2410887028541,107.8185948167887
729.8153159300391,1065.339601095938,1506.47383266334,1794.3742241677965,2229.146100683689,2200.0550208444342,2343.0539460965847,2084.4173488582464,1616.100756003398,1187.1849962190015,774.1057940710448,605.4100924100127
0.0,0.0,0.0,0.0,0.0,0.0,0.0,0.0,0.0,0.0,0.0,0.0
0.0,0.0,0.0,0.0,0.0,0.0,0.0,0.0,0.0,0.0,0.0,0.0
0.0,0.0,0.0,0.0,0.0,0.0,0.0,0.0,0.0,0.0,0.0,0.0
0.0,0.0,0.0,0.0,0.0,0.0,0.0,0.0,0.0,0.0,0.0,0.0
0.0,0.0,0.0,0.0,0.0,0.0,0.0,0.0,0.0,0.0,0.0,0.0
22.09825670051661,29.82031575332055,40.23702090803214,45.88045558614895,55.83658127694547,54.1532359487716,58.32302289498691,53.00529551922291,42.68357938820824,32.88939258424863,22.42656538497347,18.70379648353434
0.0,0.0,0.0,0.0,0.0,0.0,0.0,0.0,0.0,0.0,0.0,0.0
0.0,0.0,0.0,0.0,0.0,0.0,0.0,0.0,0.0,0.0,0.0,0.0
0.0,0.0,0.0,0.0,0.0,0.0,0.0,0.0,0.0,0.0,0.0,0.0
0.0,0.0,0.0,0.0,0.0,0.0,0.0,0.0,0.0,0.0,0.0,0.0
31.34841114371951,38.32392364904,44.54089691466335,46.60755144668145,53.5108930510737,51.05134470939986,55.44356692164931,53.67303828436125,46.85569666381673,40.47427590694333,31.09805412231812,28.62424727049727
0.0,0.0,0.0,0.0,0.0,0.0,0.0,0.0,0.0,0.0,0.0,0.0
0.0,0.0,0.0,0.0,0.0,0.0,0.0,0.0,0.0,0.0,0.0,0.0
0.0,0.0,0.0,0.0,0.0,0.0,0.0,0.0,0.0,0.0,0.0,0.0
0.0,0.0,0.0,0.0,0.0,0.0,0.0,0.0,0.0,0.0,0.0,0.0
0.0,0.0,0.0,0.0,0.0,0.0,0.0,0.0,0.0,0.0,0.0,0.0
0.0,0.0,0.0,0.0,0.0,0.0,0.0,0.0,0.0,0.0,0.0,0.0
0.0,0.0,0.0,0.0,0.0,0.0,0.0,0.0,0.0,0.0,0.0,0.0
0.0,0.0,0.0,0.0,0.0,0.0,0.0,0.0,0.0,0.0,0.0,0.0
0.0,0.0,0.0,0.0,0.0,0.0,0.0,0.0,0.0,0.0,0.0,0.0
0.0,0.0,0.0,0.0,0.0,0.0,0.0,0.0,0.0,0.0,0.0,0.0
1208.54298830458,1688.6979050141897,2316.143092723041,2715.671995481014,3331.9462870433126,3280.0694983933213,3503.028335890642,3144.8952925544063,2478.826977710381,1865.762456912429,1259.4819200922752,1038.215580173587
0.0,0.0,0.0,0.0,0.0,0.0,0.0,0.0,0.0,0.0,0.0,0.0
0.0,0.0,0.0,0.0,0.0,0.0,0.0,0.0,0.0,0.0,0.0,0.0
0.0,0.0,0.0,0.0,0.0,0.0,0.0,0.0,0.0,0.0,0.0,0.0
197.147189897785,236.4244799085863,278.3218014608677,284.120891936817,324.4580625997348,302.6070814116334,333.8800662082054,325.7447039305617,289.9788840082427,251.9046882067685,190.2573840143118,176.1694209839054
0.0,0.0,0.0,0.0,0.0,0.0,0.0,0.0,0.0,0.0,0.0,0.0
0.0,0.0,0.0,0.0,0.0,0.0,0.0,0.0,0.0,0.0,0.0,0.0
0.0,0.0,0.0,0.0,0.0,0.0,0.0,0.0,0.0,0.0,0.0,0.0
0.0,0.0,0.0,0.0,0.0,0.0,0.0,0.0,0.0,0.0,0.0,0.0
0.0,0.0,0.0,0.0,0.0,0.0,0.0,0.0,0.0,0.0,0.0,0.0
0.0,0.0,0.0,0.0,0.0,0.0,0.0,0.0,0.0,0.0,0.0,0.0
34.99557053049587,40.8465091944872,46.74367994502907,46.44389938893097,51.99210288181741,47.75800509567187,53.20633758342261,53.00779235275309,48.49859668691909,43.37038058080575,33.50495774730071,31.52312393972953
0.0,0.0,0.0,0.0,0.0,0.0,0.0,0.0,0.0,0.0,0.0,0.0
0.0,0.0,0.0,0.0,0.0,0.0,0.0,0.0,0.0,0.0,0.0,0.0
0.0,0.0,0.0,0.0,0.0,0.0,0.0,0.0,0.0,0.0,0.0,0.0
97.02128514323482,103.9019641474677,198.7041936271538,246.594755333312,215.1429445456017,223.8397893428958,240.6068547160862,243.0443104322349,173.6596973451768,119.1425875721451,90.42165136458436,73.39801228846846
92.47629542018312,101.032698247734,195.0641632491567,244.2569799953628,213.9590165491883,223.2497779453942,239.4711320601666,240.94120452014,171.5236245783123,116.5419316278407,86.99349260282827,70.09233775637188
0.0,0.0,0.0,0.0,0.0,0.0,0.0,0.0,0.0,0.0,0.0,0.0
172.1127640759158,253.3104679191982,364.2023783373435,435.196647683171,542.0440258961756,533.3212866278104,569.6219676603794,505.0470247121601,390.385626037796,284.1312555658025,181.9970157255715,140.8640086642469
0.0,0.0,0.0,0.0,0.0,0.0,0.0,0.0,0.0,0.0,0.0,0.0
0.0,0.0,0.0,0.0,0.0,0.0,0.0,0.0,0.0,0.0,0.0,0.0
0.0,0.0,0.0,0.0,0.0,0.0,0.0,0.0,0.0,0.0,0.0,0.0
0.0,0.0,0.0,0.0,0.0,0.0,0.0,0.0,0.0,0.0,0.0,0.0
0.0,0.0,0.0,0.0,0.0,0.0,0.0,0.0,0.0,0.0,0.0,0.0
0.0,0.0,0.0,0.0,0.0,0.0,0.0,0.0,0.0,0.0,0.0,0.0
0.0,0.0,0.0,0.0,0.0,0.0,0.0,0.0,0.0,0.0,0.0,0.0
0.0,0.0,0.0,0.0,0.0,0.0,0.0,0.0,0.0,0.0,0.0,0.0
0.0,0.0,0.0,0.0,0.0,0.0,0.0,0.0,0.0,0.0,0.0,0.0
0.0,0.0,0.0,0.0,0.0,0.0,0.0,0.0,0.0,0.0,0.0,0.0
0.0,0.0,0.0,0.0,0.0,0.0,0.0,0.0,0.0,0.0,0.0,0.0
0.0,0.0,0.0,0.0,0.0,0.0,0.0,0.0,0.0,0.0,0.0,0.0
0.0,0.0,0.0,0.0,0.0,0.0,0.0,0.0,0.0,0.0,0.0,0.0
0.0,0.0,0.0,0.0,0.0,0.0,0.0,0.0,0.0,0.0,0.0,0.0
0.0,0.0,0.0,0.0,0.0,0.0,0.0,0.0,0.0,0.0,0.0,0.0
0.0,0.0,0.0,0.0,0.0,0.0,0.0,0.0,0.0,0.0,0.0,0.0
0.0,0.0,0.0,0.0,0.0,0.0,0.0,0.0,0.0,0.0,0.0,0.0
0.0,0.0,0.0,0.0,0.0,0.0,0.0,0.0,0.0,0.0,0.0,0.0
0.0,0.0,0.0,0.0,0.0,0.0,0.0,0.0,0.0,0.0,0.0,0.0
0.0,0.0,0.0,0.0,0.0,0.0,0.0,0.0,0.0,0.0,0.0,0.0
0.0,0.0,0.0,0.0,0.0,0.0,0.0,0.0,0.0,0.0,0.0,0.0
0.0,0.0,0.0,0.0,0.0,0.0,0.0,0.0,0.0,0.0,0.0,0.0
0.0,0.0,0.0,0.0,0.0,0.0,0.0,0.0,0.0,0.0,0.0,0.0
0.0,0.0,0.0,0.0,0.0,0.0,0.0,0.0,0.0,0.0,0.0,0.0
0.0,0.0,0.0,0.0,0.0,0.0,0.0,0.0,0.0,0.0,0.0,0.0
0.0,0.0,0.0,0.0,0.0,0.0,0.0,0.0,0.0,0.0,0.0,0.0
0.0,0.0,0.0,0.0,0.0,0.0,0.0,0.0,0.0,0.0,0.0,0.0
0.0,0.0,0.0,0.0,0.0,0.0,0.0,0.0,0.0,0.0,0.0,0.0
0.0,0.0,0.0,0.0,0.0,0.0,0.0,0.0,0.0,0.0,0.0,0.0
0.0,0.0,0.0,0.0,0.0,0.0,0.0,0.0,0.0,0.0,0.0,0.0
0.0,0.0,0.0,0.0,0.0,0.0,0.0,0.0,0.0,0.0,0.0,0.0
173.4262739313929,246.5330688121211,340.4847313081043,400.0171710505394,493.4863501950261,485.8389376217352,517.9045991889831,464.3218688691103,364.3465148292944,272.7249814426248,182.0580320371511,145.956736838172
0.0,0.0,0.0,0.0,0.0,0.0,0.0,0.0,0.0,0.0,0.0,0.0
0.0,0.0,0.0,0.0,0.0,0.0,0.0,0.0,0.0,0.0,0.0,0.0
0.0,0.0,0.0,0.0,0.0,0.0,0.0,0.0,0.0,0.0,0.0,0.0
0.0,0.0,0.0,0.0,0.0,0.0,0.0,0.0,0.0,0.0,0.0,0.0
0.0,0.0,0.0,0.0,0.0,0.0,0.0,0.0,0.0,0.0,0.0,0.0
0.0,0.0,0.0,0.0,0.0,0.0,0.0,0.0,0.0,0.0,0.0,0.0
0.0,0.0,0.0,0.0,0.0,0.0,0.0,0.0,0.0,0.0,0.0,0.0
0.0,0.0,0.0,0.0,0.0,0.0,0.0,0.0,0.0,0.0,0.0,0.0
0.0,0.0,0.0,0.0,0.0,0.0,0.0,0.0,0.0,0.0,0.0,0.0
0.0,0.0,0.0,0.0,0.0,0.0,0.0,0.0,0.0,0.0,0.0,0.0
127.189120812129,183.8403637045454,259.8164717503699,307.6447979655595,381.3921500230514,374.6468138369154,400.3186569236242,356.7279607819552,277.9456562023288,204.9891012240524,133.6529069442149,105.1768915643765
0.0,0.0,0.0,0.0,0.0,0.0,0.0,0.0,0.0,0.0,0.0,0.0
0.0,0.0,0.0,0.0,0.0,0.0,0.0,0.0,0.0,0.0,0.0,0.0
0.0,0.0,0.0,0.0,0.0,0.0,0.0,0.0,0.0,0.0,0.0,0.0
0.0,0.0,0.0,0.0,0.0,0.0,0.0,0.0,0.0,0.0,0.0,0.0
0.0,0.0,0.0,0.0,0.0,0.0,0.0,0.0,0.0,0.0,0.0,0.0
30.83563916706705,37.92657126486488,44.4472972281837,46.78347595979863,53.95612780123275,51.61376702978207,55.94217643324544,53.91533184271162,46.78493595840751,40.12841202639622,30.65523073571795,28.08696368010372
0.0,0.0,0.0,0.0,0.0,0.0,0.0,0.0,0.0,0.0,0.0,0.0
0.0,0.0,0.0,0.0,0.0,0.0,0.0,0.0,0.0,0.0,0.0,0.0
0.0,0.0,0.0,0.0,0.0,0.0,0.0,0.0,0.0,0.0,0.0,0.0
0.0,0.0,0.0,0.0,0.0,0.0,0.0,0.0,0.0,0.0,0.0,0.0
0.0,0.0,0.0,0.0,0.0,0.0,0.0,0.0,0.0,0.0,0.0,0.0
0.0,0.0,0.0,0.0,0.0,0.0,0.0,0.0,0.0,0.0,0.0,0.0
0.0,0.0,0.0,0.0,0.0,0.0,0.0,0.0,0.0,0.0,0.0,0.0
0.0,0.0,0.0,0.0,0.0,0.0,0.0,0.0,0.0,0.0,0.0,0.0
0.0,0.0,0.0,0.0,0.0,0.0,0.0,0.0,0.0,0.0,0.0,0.0
0.0,0.0,0.0,0.0,0.0,0.0,0.0,0.0,0.0,0.0,0.0,0.0
584.0338806407252,844.1122690430424,1188.4908034064372,1407.6833192787126,1744.7650973525929,1716.758583973127,1832.0540620612403,1633.2769252879862,1272.4039046320029,939.7481837925388,615.1990045543803,484.76891863868985
0.0,0.0,0.0,0.0,0.0,0.0,0.0,0.0,0.0,0.0,0.0,0.0
0.0,0.0,0.0,0.0,0.0,0.0,0.0,0.0,0.0,0.0,0.0,0.0
0.0,0.0,0.0,0.0,0.0,0.0,0.0,0.0,0.0,0.0,0.0,0.0
0.0,0.0,0.0,0.0,0.0,0.0,0.0,0.0,0.0,0.0,0.0,0.0
0.0,0.0,0.0,0.0,0.0,0.0,0.0,0.0,0.0,0.0,0.0,0.0
0.0,0.0,0.0,0.0,0.0,0.0,0.0,0.0,0.0,0.0,0.0,0.0
0.0,0.0,0.0,0.0,0.0,0.0,0.0,0.0,0.0,0.0,0.0,0.0
0.0,0.0,0.0,0.0,0.0,0.0,0.0,0.0,0.0,0.0,0.0,0.0
0.0,0.0,0.0,0.0,0.0,0.0,0.0,0.0,0.0,0.0,0.0,0.0
0.0,0.0,0.0,0.0,0.0,0.0,0.0,0.0,0.0,0.0,0.0,0.0
0.0,0.0,0.0,0.0,0.0,0.0,0.0,0.0,0.0,0.0,0.0,0.0
0.0,0.0,0.0,0.0,0.0,0.0,0.0,0.0,0.0,0.0,0.0,0.0
0.0,0.0,0.0,0.0,0.0,0.0,0.0,0.0,0.0,0.0,0.0,0.0
0.0,0.0,0.0,0.0,0.0,0.0,0.0,0.0,0.0,0.0,0.0,0.0
0.0,0.0,0.0,0.0,0.0,0.0,0.0,0.0,0.0,0.0,0.0,0.0
0.0,0.0,0.0,0.0,0.0,0.0,0.0,0.0,0.0,0.0,0.0,0.0
302.2250731024201,310.1016953117874,580.5287656362648,701.3185375824854,609.6189750970495,627.731021176911,680.3773346377404,692.8962441909935,497.0193277176828,351.224438910027,275.4543046002585,227.1516299514479
0.0,0.0,0.0,0.0,0.0,0.0,0.0,0.0,0.0,0.0,0.0,0.0
0.0,0.0,0.0,0.0,0.0,0.0,0.0,0.0,0.0,0.0,0.0,0.0
0.0,0.0,0.0,0.0,0.0,0.0,0.0,0.0,0.0,0.0,0.0,0.0
0.0,0.0,0.0,0.0,0.0,0.0,0.0,0.0,0.0,0.0,0.0,0.0
0.0,0.0,0.0,0.0,0.0,0.0,0.0,0.0,0.0,0.0,0.0,0.0
0.0,0.0,0.0,0.0,0.0,0.0,0.0,0.0,0.0,0.0,0.0,0.0
0.0,0.0,0.0,0.0,0.0,0.0,0.0,0.0,0.0,0.0,0.0,0.0
0.0,0.0,0.0,0.0,0.0,0.0,0.0,0.0,0.0,0.0,0.0,0.0
0.0,0.0,0.0,0.0,0.0,0.0,0.0,0.0,0.0,0.0,0.0,0.0
0.0,0.0,0.0,0.0,0.0,0.0,0.0,0.0,0.0,0.0,0.0,0.0
0.0,0.0,0.0,0.0,0.0,0.0,0.0,0.0,0.0,0.0,0.0,0.0
0.0,0.0,0.0,0.0,0.0,0.0,0.0,0.0,0.0,0.0,0.0,0.0
0.0,0.0,0.0,0.0,0.0,0.0,0.0,0.0,0.0,0.0,0.0,0.0
0.0,0.0,0.0,0.0,0.0,0.0,0.0,0.0,0.0,0.0,0.0,0.0
0.0,0.0,0.0,0.0,0.0,0.0,0.0,0.0,0.0,0.0,0.0,0.0
0.0,0.0,0.0,0.0,0.0,0.0,0.0,0.0,0.0,0.0,0.0,0.0
0.0,0.0,0.0,0.0,0.0,0.0,0.0,0.0,0.0,0.0,0.0,0.0
0.0,0.0,0.0,0.0,0.0,0.0,0.0,0.0,0.0,0.0,0.0,0.0
0.0,0.0,0.0,0.0,0.0,0.0,0.0,0.0,0.0,0.0,0.0,0.0
0.0,0.0,0.0,0.0,0.0,0.0,0.0,0.0,0.0,0.0,0.0,0.0
0.0,0.0,0.0,0.0,0.0,0.0,0.0,0.0,0.0,0.0,0.0,0.0
0.0,0.0,0.0,0.0,0.0,0.0,0.0,0.0,0.0,0.0,0.0,0.0
0.0,0.0,0.0,0.0,0.0,0.0,0.0,0.0,0.0,0.0,0.0,0.0
0.0,0.0,0.0,0.0,0.0,0.0,0.0,0.0,0.0,0.0,0.0,0.0
0.0,0.0,0.0,0.0,0.0,0.0,0.0,0.0,0.0,0.0,0.0,0.0
0.0,0.0,0.0,0.0,0.0,0.0,0.0,0.0,0.0,0.0,0.0,0.0
0.0,0.0,0.0,0.0,0.0,0.0,0.0,0.0,0.0,0.0,0.0,0.0
0.0,0.0,0.0,0.0,0.0,0.0,0.0,0.0,0.0,0.0,0.0,0.0
0.0,0.0,0.0,0.0,0.0,0.0,0.0,0.0,0.0,0.0,0.0,0.0
0.0,0.0,0.0,0.0,0.0,0.0,0.0,0.0,0.0,0.0,0.0,0.0
0.0,0.0,0.0,0.0,0.0,0.0,0.0,0.0,0.0,0.0,0.0,0.0
0.0,0.0,0.0,0.0,0.0,0.0,0.0,0.0,0.0,0.0,0.0,0.0
0.0,0.0,0.0,0.0,0.0,0.0,0.0,0.0,0.0,0.0,0.0,0.0
0.0,0.0,0.0,0.0,0.0,0.0,0.0,0.0,0.0,0.0,0.0,0.0
0.0,0.0,0.0,0.0,0.0,0.0,0.0,0.0,0.0,0.0,0.0,0.0
0.0,0.0,0.0,0.0,0.0,0.0,0.0,0.0,0.0,0.0,0.0,0.0
0.0,0.0,0.0,0.0,0.0,0.0,0.0,0.0,0.0,0.0,0.0,0.0
0.0,0.0,0.0,0.0,0.0,0.0,0.0,0.0,0.0,0.0,0.0,0.0
0.0,0.0,0.0,0.0,0.0,0.0,0.0,0.0,0.0,0.0,0.0,0.0
0.0,0.0,0.0,0.0,0.0,0.0,0.0,0.0,0.0,0.0,0.0,0.0
0.0,0.0,0.0,0.0,0.0,0.0,0.0,0.0,0.0,0.0,0.0,0.0
0.0,0.0,0.0,0.0,0.0,0.0,0.0,0.0,0.0,0.0,0.0,0.0
0.0,0.0,0.0,0.0,0.0,0.0,0.0,0.0,0.0,0.0,0.0,0.0
0.0,0.0,0.0,0.0,0.0,0.0,0.0,0.0,0.0,0.0,0.0,0.0
0.0,0.0,0.0,0.0,0.0,0.0,0.0,0.0,0.0,0.0,0.0,0.0
0.0,0.0,0.0,0.0,0.0,0.0,0.0,0.0,0.0,0.0,0.0,0.0
0.0,0.0,0.0,0.0,0.0,0.0,0.0,0.0,0.0,0.0,0.0,0.0
0.0,0.0,0.0,0.0,0.0,0.0,0.0,0.0,0.0,0.0,0.0,0.0
143.0387864705399,179.6953026816658,238.6294710977778,255.7123922159305,,,,288.8463309656088,248.6858584317976,199.5538495837996,135.2430213925539,119.8415382476646
122.5953476643449,156.1362068618158,207.172615702277,225.6046428148422,268.1479326499955,251.2499842398519,277.8945332460656,257.4027192797166,217.0281859055634,172.7162070876591,118.2128800044612,103.290135835579
0.0,0.0,0.0,0.0,0.0,0.0,0.0,0.0,0.0,0.0,0.0,0.0
0.0,0.0,0.0,0.0,0.0,0.0,0.0,0.0,0.0,0.0,0.0,0.0
0.0,0.0,0.0,0.0,0.0,0.0,0.0,0.0,0.0,0.0,0.0,0.0
637.8075701153072,837.5367921464072,1125.0316341962146,1274.3016075613582,1542.1747616666362,1489.6580652815608,1613.8404963466771,1465.0653810450897,1190.2616967131048,924.7609495902906,632.3124019819013,542.7231565012391
0.0,0.0,0.0,0.0,0.0,0.0,0.0,0.0,0.0,0.0,0.0,0.0
0.0,0.0,0.0,0.0,0.0,0.0,0.0,0.0,0.0,0.0,0.0,0.0
0.0,0.0,0.0,0.0,0.0,0.0,0.0,0.0,0.0,0.0,0.0,0.0
0.0,0.0,0.0,0.0,0.0,0.0,0.0,0.0,0.0,0.0,0.0,0.0
0.0,0.0,0.0,0.0,0.0,0.0,0.0,0.0,0.0,0.0,0.0,0.0
0.0,0.0,0.0,0.0,0.0,0.0,0.0,0.0,0.0,0.0,0.0,0.0
0.0,0.0,0.0,0.0,0.0,0.0,0.0,0.0,0.0,0.0,0.0,0.0
0.0,0.0,0.0,0.0,0.0,0.0,0.0,0.0,0.0,0.0,0.0,0.0
0.0,0.0,0.0,0.0,0.0,0.0,0.0,0.0,0.0,0.0,0.0,0.0
0.0,0.0,0.0,0.0,0.0,0.0,0.0,0.0,0.0,0.0,0.0,0.0
0.0,0.0,0.0,0.0,0.0,0.0,0.0,0.0,0.0,0.0,0.0,0.0
0.0,0.0,0.0,0.0,0.0,0.0,0.0,0.0,0.0,0.0,0.0,0.0
0.0,0.0,0.0,0.0,0.0,0.0,0.0,0.0,0.0,0.0,0.0,0.0
0.0,0.0,0.0,0.0,0.0,0.0,0.0,0.0,0.0,0.0,0.0,0.0
0.0,0.0,0.0,0.0,0.0,0.0,0.0,0.0,0.0,0.0,0.0,0.0
0.0,0.0,0.0,0.0,0.0,0.0,0.0,0.0,0.0,0.0,0.0,0.0
236.3016200561399,332.3267155973888,459.4861376288208,536.2272117514826,660.0346584269089,646.0898517131642,691.6848902323768,621.2264470815998,490.1720384715106,368.2466148999657,245.29893136957,197.8913546547018
0.0,0.0,0.0,0.0,0.0,0.0,0.0,0.0,0.0,0.0,0.0,0.0
0.0,0.0,0.0,0.0,0.0,0.0,0.0,0.0,0.0,0.0,0.0,0.0
0.0,0.0,0.0,0.0,0.0,0.0,0.0,0.0,0.0,0.0,0.0,0.0
0.0,0.0,0.0,0.0,0.0,0.0,0.0,0.0,0.0,0.0,0.0,0.0
0.0,0.0,0.0,0.0,0.0,0.0,0.0,0.0,0.0,0.0,0.0,0.0
0.0,0.0,0.0,0.0,0.0,0.0,0.0,0.0,0.0,0.0,0.0,0.0
0.0,0.0,0.0,0.0,0.0,0.0,0.0,0.0,0.0,0.0,0.0,0.0
0.0,0.0,0.0,0.0,0.0,0.0,0.0,0.0,0.0,0.0,0.0,0.0
0.0,0.0,0.0,0.0,0.0,0.0,0.0,0.0,0.0,0.0,0.0,0.0
0.0,0.0,0.0,0.0,0.0,0.0,0.0,0.0,0.0,0.0,0.0,0.0
0.0,0.0,0.0,0.0,0.0,0.0,0.0,0.0,0.0,0.0,0.0,0.0
0.0,0.0,0.0,0.0,0.0,0.0,0.0,0.0,0.0,0.0,0.0,0.0
0.0,0.0,0.0,0.0,0.0,0.0,0.0,0.0,0.0,0.0,0.0,0.0
0.0,0.0,0.0,0.0,0.0,0.0,0.0,0.0,0.0,0.0,0.0,0.0
0.0,0.0,0.0,0.0,0.0,0.0,0.0,0.0,0.0,0.0,0.0,0.0
0.0,0.0,0.0,0.0,0.0,0.0,0.0,0.0,0.0,0.0,0.0,0.0
0.0,0.0,0.0,0.0,0.0,0.0,0.0,0.0,0.0,0.0,0.0,0.0
0.0,0.0,0.0,0.0,0.0,0.0,0.0,0.0,0.0,0.0,0.0,0.0
1271.4069535985452,1811.3463220498,2527.388059354647,2970.569968792959,3668.807672846938,3599.540739273012,3848.160773054842,3443.6805966217853,2700.5305796466087,2011.9606366693856,1328.5908101281518,1059.8487949512948
18.29651516923486,26.36893041734398,37.27317196021247,44.13402321104133,54.69642756010625,53.71663126815368,57.40310218108181,51.15007534706336,39.86486249570305,29.42185507803173,19.22125727075511,15.1185218692793
0.0,0.0,0.0,0.0,0.0,0.0,0.0,0.0,0.0,0.0,0.0,0.0
0.0,0.0,0.0,0.0,0.0,0.0,0.0,0.0,0.0,0.0,0.0,0.0
0.0,0.0,0.0,0.0,0.0,0.0,0.0,0.0,0.0,0.0,0.0,0.0
0.0,0.0,0.0,0.0,0.0,0.0,0.0,0.0,0.0,0.0,0.0,0.0
0.0,0.0,0.0,0.0,0.0,0.0,0.0,0.0,0.0,0.0,0.0,0.0
0.0,0.0,0.0,0.0,0.0,0.0,0.0,0.0,0.0,0.0,0.0,0.0
0.0,0.0,0.0,0.0,0.0,0.0,0.0,0.0,0.0,0.0,0.0,0.0
0.0,0.0,0.0,0.0,0.0,0.0,0.0,0.0,0.0,0.0,0.0,0.0
0.0,0.0,0.0,0.0,0.0,0.0,0.0,0.0,0.0,0.0,0.0,0.0
0.0,0.0,0.0,0.0,0.0,0.0,0.0,0.0,0.0,0.0,0.0,0.0
0.0,0.0,0.0,0.0,0.0,0.0,0.0,0.0,0.0,0.0,0.0,0.0
0.0,0.0,0.0,0.0,0.0,0.0,0.0,0.0,0.0,0.0,0.0,0.0
0.0,0.0,0.0,0.0,0.0,0.0,0.0,0.0,0.0,0.0,0.0,0.0
0.0,0.0,0.0,0.0,0.0,0.0,0.0,0.0,0.0,0.0,0.0,0.0
606.2323686703336,715.0644679301515,871.8579263271588,884.5347057669121,1007.198412343081,910.9616700426182,1031.778628009759,999.9207731742442,902.7616574209546,774.7550427497662,566.2015018472358,524.3080558110997
0.0,0.0,0.0,0.0,0.0,0.0,0.0,0.0,0.0,0.0,0.0,0.0
0.0,0.0,0.0,0.0,0.0,0.0,0.0,0.0,0.0,0.0,0.0,0.0
0.0,0.0,0.0,0.0,0.0,0.0,0.0,0.0,0.0,0.0,0.0,0.0
0.0,0.0,0.0,0.0,0.0,0.0,0.0,0.0,0.0,0.0,0.0,0.0
0.0,0.0,0.0,0.0,0.0,0.0,0.0,0.0,0.0,0.0,0.0,0.0
0.0,0.0,0.0,0.0,0.0,0.0,0.0,0.0,0.0,0.0,0.0,0.0
0.0,0.0,0.0,0.0,0.0,0.0,0.0,0.0,0.0,0.0,0.0,0.0
0.0,0.0,0.0,0.0,0.0,0.0,0.0,0.0,0.0,0.0,0.0,0.0
0.0,0.0,0.0,0.0,0.0,0.0,0.0,0.0,0.0,0.0,0.0,0.0
